createdAt,air_humidity_percent,soil_humidity_percent,celcius_grade_temperature,precipitation_detected,nitrogen_mg_kg,phosphorus_mg_kg,potassium_mg_kg,altitude_masl,deviceHubId
2026-02-17T10:23:13.514Z,83.51648351648352,53.82173382173382,19.018315018315015,0,34.7,12.0,162.6,1450,hub_milagro_01
2026-02-17T10:25:17.795Z,83.66300366300366,53.74847374847375,19.194139194139197,0,35.0,6.7,162.7,1450,hub_milagro_01
2026-02-17T10:27:15.912Z,83.76068376068376,53.772893772893774,19.164835164835168,0,34.4,11.9,162.9,1450,hub_milagro_01
2026-02-17T10:29:16.763Z,83.80952380952381,53.82173382173382,19.252747252747255,0,34.1,12.0,162.7,1450,hub_milagro_01
2026-02-17T10:31:19.733Z,83.95604395604396,53.82173382173382,19.311355311355314,0,35.0,12.0,162.7,1450,hub_milagro_01
2026-02-17T10:33:20.119Z,84.07814407814408,53.7973137973138,19.42857142857143,0,34.5,11.9,163.8,1450,hub_milagro_01
2026-02-17T10:35:25.490Z,84.15140415140415,53.74847374847375,19.45787545787546,0,34.5,12.0,164.0,1450,hub_milagro_01
2026-02-17T10:37:27.734Z,84.24908424908425,53.724053724053725,19.48717948717949,0,35.4,12.2,161.9,1450,hub_milagro_01
2026-02-17T10:39:32.558Z,84.42002442002442,53.82173382173382,19.516483516483518,0,34.1,12.0,162.1,1450,hub_milagro_01
2026-02-17T10:41:31.851Z,84.51770451770452,53.82173382173382,19.633699633699635,0,34.6,12.0,162.5,1450,hub_milagro_01
2026-02-17T10:43:34.477Z,84.63980463980464,53.724053724053725,19.663003663003664,0,33.8,12.0,164.9,1450,hub_milagro_01
2026-02-17T10:45:33.705Z,84.71306471306471,53.724053724053725,19.692307692307693,0,35.3,12.1,163.5,1450,hub_milagro_01
2026-02-17T10:47:32.272Z,84.81074481074481,53.724053724053725,19.721611721611723,0,34.2,12.0,0.0,1450,hub_milagro_01
2026-02-17T10:49:34.954Z,84.88400488400488,53.6996336996337,19.78021978021978,0,34.6,12.1,162.8,1450,hub_milagro_01
2026-02-17T10:51:37.650Z,85.05494505494505,53.7973137973138,19.926739926739927,0,34.6,12.1,163.5,1450,hub_milagro_01
2026-02-17T10:53:39.134Z,85.1037851037851,53.6996336996337,19.985347985347985,0,33.9,12.0,165.3,1450,hub_milagro_01
2026-02-17T10:55:42.600Z,85.25030525030525,53.724053724053725,19.956043956043956,0,34.3,12.1,162.6,1450,hub_milagro_01
2026-02-17T10:57:41.853Z,85.25030525030525,53.7973137973138,19.985347985347985,0,33.8,11.9,160.9,1450,hub_milagro_01
2026-02-17T10:59:45.509Z,85.39682539682539,53.7973137973138,20.073260073260073,0,33.5,12.0,161.8,1450,hub_milagro_01
2026-02-17T11:01:48.694Z,85.49450549450549,53.724053724053725,20.102564102564102,0,33.6,11.9,162.0,1450,hub_milagro_01
2026-02-17T11:03:49.772Z,85.59218559218559,53.7973137973138,20.16117216117216,0,34.4,12.1,162.9,1450,hub_milagro_01
2026-02-17T11:05:48.677Z,85.76312576312576,53.772893772893774,20.307692307692307,0,34.5,12.0,163.1,1450,hub_milagro_01
2026-02-17T11:07:48.475Z,85.8119658119658,53.772893772893774,20.366300366300365,0,33.7,12.0,162.7,1450,hub_milagro_01
2026-02-17T11:09:50.537Z,85.88522588522588,53.675213675213676,20.395604395604394,0,33.9,12.2,163.5,1450,hub_milagro_01
2026-02-17T11:11:51.802Z,85.95848595848597,53.724053724053725,20.454212454212453,0,34.3,12.0,163.3,1450,hub_milagro_01
2026-02-17T11:13:54.221Z,86.17826617826618,53.6996336996337,20.6007326007326,0,34.6,12.0,164.3,1450,hub_milagro_01
2026-02-17T11:15:54.800Z,86.17826617826618,53.65079365079365,20.57142857142857,0,33.3,12.1,164.0,1450,hub_milagro_01
2026-02-17T11:17:56.518Z,86.32478632478633,53.6996336996337,20.6007326007326,0,34.3,12.1,161.1,1450,hub_milagro_01
2026-02-17T11:20:00.926Z,86.34920634920636,53.65079365079365,20.659340659340657,0,33.7,12.2,164.1,1450,hub_milagro_01
2026-02-17T11:22:02.958Z,86.54456654456655,53.74847374847375,20.835164835164832,0,33.5,12.0,163.4,1450,hub_milagro_01
2026-02-17T11:24:04.436Z,86.64224664224665,53.6996336996337,20.86446886446886,0,33.7,12.0,162.0,1450,hub_milagro_01
2026-02-17T11:26:07.447Z,86.56898656898657,53.65079365079365,20.92307692307692,0,33.8,12.1,162.9,1450,hub_milagro_01
2026-02-17T11:28:06.979Z,86.54456654456655,53.74847374847375,20.92307692307692,0,33.9,12.0,166.1,1450,hub_milagro_01
2026-02-17T11:30:08.996Z,86.52014652014653,53.6996336996337,21.098901098901095,0,33.9,12.2,160.9,1450,hub_milagro_01
2026-02-17T11:32:11.793Z,86.5934065934066,53.724053724053725,21.157509157509153,0,33.3,12.0,161.9,1450,hub_milagro_01
2026-02-17T11:34:10.554Z,86.4957264957265,53.74847374847375,21.157509157509153,0,32.7,12.0,164.8,1450,hub_milagro_01
2026-02-17T11:36:14.843Z,86.52014652014653,53.65079365079365,21.27472527472527,0,33.7,12.1,164.1,1450,hub_milagro_01
2026-02-17T11:38:15.993Z,86.52014652014653,53.6996336996337,21.27472527472527,0,33.4,12.2,163.1,1450,hub_milagro_01
2026-02-17T11:40:16.205Z,86.54456654456655,53.724053724053725,21.391941391941387,0,33.7,12.0,163.0,1450,hub_milagro_01
2026-02-17T11:42:15.420Z,86.52014652014653,53.724053724053725,21.421245421245416,0,33.5,12.0,161.7,1450,hub_milagro_01
2026-02-17T11:44:16.748Z,86.42246642246643,53.74847374847375,21.421245421245416,0,32.7,12.1,163.2,1450,hub_milagro_01
2026-02-17T11:46:18.978Z,86.42246642246643,53.724053724053725,21.567765567765562,0,33.6,12.1,165.3,1450,hub_milagro_01
2026-02-17T11:48:20.317Z,86.42246642246643,53.675213675213676,21.509157509157504,0,33.4,12.1,163.4,1450,hub_milagro_01
2026-02-17T11:50:21.999Z,86.44688644688645,53.724053724053725,21.62637362637362,0,33.2,12.0,163.8,1450,hub_milagro_01
2026-02-17T11:52:25.550Z,86.42246642246643,53.74847374847375,21.59706959706959,0,33.2,12.0,163.2,1450,hub_milagro_01
2026-02-17T11:54:28.721Z,86.34920634920636,53.6996336996337,21.65567765567765,0,32.7,12.1,164.3,1450,hub_milagro_01
2026-02-17T11:56:28.108Z,86.42246642246643,53.6996336996337,21.62637362637362,0,33.3,11.9,161.3,1450,hub_milagro_01
2026-02-17T11:58:32.123Z,86.3980463980464,53.74847374847375,21.714285714285708,0,32.0,12.0,163.0,1450,hub_milagro_01
2026-02-17T12:00:36.796Z,86.32478632478633,53.6996336996337,21.714285714285708,0,32.2,12.0,160.9,1450,hub_milagro_01
2026-02-17T12:02:40.672Z,86.32478632478633,53.724053724053725,21.743589743589737,0,32.7,12.2,163.2,1450,hub_milagro_01
2026-02-17T12:04:43.419Z,86.3003663003663,53.724053724053725,21.802197802197796,0,33.5,12.1,162.5,1450,hub_milagro_01
2026-02-17T12:06:43.855Z,86.32478632478633,53.675213675213676,21.890109890109898,0,33.5,12.2,161.0,1450,hub_milagro_01
2026-02-17T12:08:43.790Z,86.32478632478633,53.724053724053725,21.919413919413927,0,32.7,4.0,162.8,1450,hub_milagro_01
2026-02-17T12:10:46.945Z,86.34920634920636,53.675213675213676,21.978021978021985,0,32.9,12.2,163.4,1450,hub_milagro_01
2026-02-17T12:12:47.177Z,86.25152625152626,53.675213675213676,21.948717948717956,0,32.6,12.2,162.8,1450,hub_milagro_01
2026-02-17T12:14:50.871Z,86.22710622710623,53.62637362637363,21.919413919413927,0,32.9,12.1,164.6,1450,hub_milagro_01
2026-02-17T12:16:54.809Z,86.20268620268621,53.74847374847375,22.036630036630044,0,32.7,12.0,161.6,1450,hub_milagro_01
2026-02-17T12:18:53.337Z,86.27594627594628,53.65079365079365,22.036630036630044,0,32.6,12.0,164.8,1450,hub_milagro_01
2026-02-17T12:20:55.603Z,86.25152625152626,53.62637362637363,22.095238095238102,0,32.8,12.1,162.8,1450,hub_milagro_01
2026-02-17T12:22:59.932Z,86.20268620268621,53.675213675213676,22.12454212454213,0,32.8,12.0,160.7,1450,hub_milagro_01
2026-02-17T12:25:03.037Z,86.15384615384616,53.675213675213676,22.21245421245422,0,32.0,12.1,165.7,1450,hub_milagro_01
2026-02-17T12:27:05.749Z,85.93406593406593,53.65079365079365,22.15384615384616,0,32.9,12.1,162.8,1450,hub_milagro_01
2026-02-17T12:29:07.878Z,85.71428571428571,53.74847374847375,22.18315018315019,0,32.3,12.1,162.9,1450,hub_milagro_01
2026-02-17T12:31:07.079Z,85.42124542124542,53.724053724053725,22.271062271062277,0,32.9,11.9,164.5,1450,hub_milagro_01
2026-02-17T12:33:10.219Z,85.22588522588522,53.724053724053725,22.358974358974365,0,32.1,12.0,162.5,1450,hub_milagro_01
2026-02-17T12:35:13.733Z,84.93284493284493,53.6996336996337,22.358974358974365,0,32.2,12.2,162.4,1450,hub_milagro_01
2026-02-17T12:37:15.721Z,84.73748473748473,53.62637362637363,22.358974358974365,0,32.8,12.0,165.0,1450,hub_milagro_01
2026-02-17T12:39:16.839Z,84.42002442002442,53.65079365079365,22.50549450549451,0,32.1,12.3,164.2,1450,hub_milagro_01
2026-02-17T12:41:15.157Z,84.12698412698413,53.675213675213676,22.53479853479854,0,32.0,12.3,163.5,1450,hub_milagro_01
2026-02-17T12:43:17.765Z,83.98046398046398,53.62637362637363,22.47619047619048,0,31.6,12.1,161.6,1450,hub_milagro_01
2026-02-17T12:45:21.715Z,83.66300366300366,53.724053724053725,22.47619047619048,0,31.5,12.2,163.6,1450,hub_milagro_01
2026-02-17T12:47:22.853Z,83.41880341880342,53.675213675213676,22.622710622710628,0,31.7,12.2,162.4,1450,hub_milagro_01
2026-02-17T12:49:23.876Z,83.22344322344323,53.724053724053725,22.622710622710628,0,32.1,12.1,164.5,1450,hub_milagro_01
2026-02-17T12:51:26.118Z,82.93040293040293,53.62637362637363,22.710622710622715,0,30.9,12.2,165.2,1450,hub_milagro_01
2026-02-17T12:53:31.438Z,82.7106227106227,53.675213675213676,22.710622710622715,0,32.4,12.2,163.5,1450,hub_milagro_01
2026-02-17T12:55:31.362Z,82.5152625152625,53.65079365079365,22.710622710622715,0,31.8,11.9,162.6,1450,hub_milagro_01
2026-02-17T12:57:33.953Z,82.14896214896214,53.6996336996337,22.769230769230774,0,31.7,12.0,161.4,1450,hub_milagro_01
2026-02-17T12:59:37.969Z,81.9047619047619,53.724053724053725,22.739926739926744,0,31.5,12.0,163.5,1450,hub_milagro_01
2026-02-17T13:01:36.818Z,81.75824175824175,53.6996336996337,22.88644688644689,0,31.1,12.2,162.8,1450,hub_milagro_01
2026-02-17T13:03:35.401Z,81.41636141636141,53.62637362637363,22.88644688644689,0,31.3,12.1,163.1,1450,hub_milagro_01
2026-02-17T13:05:34.987Z,81.22100122100122,53.6996336996337,22.88644688644689,0,31.7,12.1,163.6,1450,hub_milagro_01
2026-02-17T13:07:34.244Z,80.92796092796092,53.675213675213676,22.91575091575092,0,31.5,12.1,164.2,1450,hub_milagro_01
2026-02-17T13:09:33.487Z,80.75702075702075,53.62637362637363,22.798534798534803,0,31.6,11.9,163.5,1450,hub_milagro_01
2026-02-17T13:11:33.246Z,80.53724053724054,53.6019536019536,22.85714285714286,0,31.7,12.2,165.8,1450,hub_milagro_01
2026-02-17T13:13:34.576Z,80.29304029304029,53.62637362637363,22.739926739926744,0,32.9,12.1,164.9,1450,hub_milagro_01
2026-02-17T13:15:38.425Z,79.95115995115995,53.675213675213676,22.739926739926744,0,32.3,12.0,161.6,1450,hub_milagro_01
2026-02-17T13:17:39.261Z,79.8046398046398,53.6019536019536,22.710622710622715,0,31.2,12.1,163.3,1450,hub_milagro_01
2026-02-17T13:19:43.984Z,79.46275946275946,53.62637362637363,22.739926739926744,0,32.7,12.1,165.8,1450,hub_milagro_01
2026-02-17T13:21:42.667Z,79.31623931623932,53.6019536019536,22.652014652014657,0,32.5,12.4,161.4,1450,hub_milagro_01
2026-02-17T13:23:46.171Z,78.97435897435898,53.675213675213676,22.681318681318686,0,32.7,12.1,164.7,1450,hub_milagro_01
2026-02-17T13:25:47.089Z,78.80341880341881,53.6019536019536,22.622710622710628,0,32.6,12.1,163.0,1450,hub_milagro_01
2026-02-17T13:27:46.204Z,78.85225885225886,53.675213675213676,22.56410256410257,0,33.1,12.2,165.7,1450,hub_milagro_01
2026-02-17T13:29:45.962Z,79.02319902319903,53.62637362637363,22.50549450549451,0,33.1,12.4,164.9,1450,hub_milagro_01
2026-02-17T13:31:45.001Z,79.14529914529915,53.724053724053725,22.53479853479854,0,32.3,12.2,165.9,1450,hub_milagro_01
2026-02-17T13:33:47.021Z,79.1941391941392,53.675213675213676,22.50549450549451,0,32.5,12.1,162.1,1450,hub_milagro_01
2026-02-17T13:35:47.764Z,79.31623931623932,53.675213675213676,22.446886446886452,0,32.8,12.1,164.1,1450,hub_milagro_01
2026-02-17T13:37:52.621Z,79.41391941391942,53.6019536019536,22.446886446886452,0,33.1,12.2,165.3,1450,hub_milagro_01
2026-02-17T13:39:53.258Z,79.58485958485959,53.6019536019536,22.329670329670336,0,34.1,12.3,164.9,1450,hub_milagro_01
2026-02-17T13:41:53.829Z,79.70695970695971,53.675213675213676,22.329670329670336,0,33.0,12.1,164.9,1450,hub_milagro_01
2026-02-17T13:43:56.420Z,79.75579975579976,53.675213675213676,22.271062271062277,0,32.7,12.2,162.7,1450,hub_milagro_01
2026-02-17T13:45:57.778Z,79.9023199023199,53.6019536019536,22.271062271062277,0,33.5,12.3,164.1,1450,hub_milagro_01
2026-02-17T13:47:59.212Z,80.07326007326007,53.675213675213676,22.300366300366306,0,32.8,12.1,165.6,1450,hub_milagro_01
2026-02-17T13:49:59.520Z,80.14652014652015,53.6019536019536,22.18315018315019,0,33.5,12.3,162.4,1450,hub_milagro_01
2026-02-17T13:52:03.651Z,80.1953601953602,53.6996336996337,22.21245421245422,0,33.9,12.2,166.3,1450,hub_milagro_01
2026-02-17T13:54:03.707Z,80.34188034188034,53.6996336996337,22.241758241758248,0,34.2,12.2,165.7,1450,hub_milagro_01
2026-02-17T13:56:04.225Z,80.51282051282051,53.65079365079365,22.15384615384616,0,33.3,12.2,167.0,1450,hub_milagro_01
2026-02-17T13:58:05.884Z,80.56166056166056,53.6019536019536,22.036630036630044,0,33.5,12.4,165.9,1450,hub_milagro_01
2026-02-17T14:00:09.445Z,80.65934065934066,53.57753357753358,22.12454212454213,0,34.2,12.5,166.0,1450,hub_milagro_01
2026-02-17T14:02:09.528Z,80.8058608058608,53.62637362637363,22.065934065934073,0,34.1,12.5,165.9,1450,hub_milagro_01
2026-02-17T14:04:13.674Z,80.87912087912088,53.6019536019536,21.948717948717956,0,33.4,12.5,165.6,1450,hub_milagro_01
2026-02-17T14:06:15.127Z,81.07448107448107,53.57753357753358,22.007326007326014,0,34.5,12.0,167.2,1450,hub_milagro_01
2026-02-17T14:08:18.134Z,81.12332112332112,53.65079365079365,21.978021978021985,0,34.2,12.3,166.6,1450,hub_milagro_01
2026-02-17T14:10:17.048Z,81.29426129426129,53.675213675213676,21.860805860805854,0,34.5,12.4,166.5,1450,hub_milagro_01
2026-02-17T14:12:17.877Z,81.41636141636141,53.65079365079365,21.890109890109898,0,33.7,12.3,163.4,1450,hub_milagro_01
2026-02-17T14:14:20.420Z,81.53846153846153,53.62637362637363,21.919413919413927,0,34.7,12.4,164.9,1450,hub_milagro_01
2026-02-17T14:16:20.844Z,81.66056166056165,53.57753357753358,21.860805860805854,0,34.3,12.5,164.2,1450,hub_milagro_01
2026-02-17T14:18:21.872Z,81.78266178266178,53.6019536019536,21.860805860805854,0,34.3,12.6,164.9,1450,hub_milagro_01
2026-02-17T14:20:22.893Z,81.92918192918192,53.6996336996337,21.714285714285708,0,35.3,12.5,165.2,1450,hub_milagro_01
2026-02-17T14:22:24.676Z,82.02686202686202,53.675213675213676,21.772893772893767,0,34.7,12.5,165.9,1450,hub_milagro_01
2026-02-17T14:24:28.440Z,82.17338217338217,53.65079365079365,21.68498168498168,0,34.4,12.5,166.0,1450,hub_milagro_01
2026-02-17T14:26:29.257Z,82.27106227106226,53.6019536019536,21.68498168498168,0,34.3,12.5,167.2,1450,hub_milagro_01
2026-02-17T14:28:33.812Z,82.002442002442,53.65079365079365,21.743589743589737,0,34.6,12.7,166.9,1450,hub_milagro_01
2026-02-17T14:30:32.223Z,81.78266178266178,53.6996336996337,21.714285714285708,0,34.6,12.5,165.2,1450,hub_milagro_01
2026-02-17T14:32:33.632Z,81.51404151404151,53.6019536019536,21.890109890109898,0,35.0,12.5,165.9,1450,hub_milagro_01
2026-02-17T14:34:37.603Z,81.26984126984127,53.675213675213676,21.860805860805854,0,35.3,12.5,165.7,1450,hub_milagro_01
2026-02-17T14:36:40.293Z,81.02564102564102,53.6019536019536,22.007326007326014,0,34.7,12.6,166.0,1450,hub_milagro_01
2026-02-17T14:38:45.168Z,80.85470085470085,53.675213675213676,21.978021978021985,0,35.1,12.7,167.5,1450,hub_milagro_01
2026-02-17T14:40:44.000Z,80.61050061050061,53.6019536019536,22.065934065934073,0,35.6,12.5,166.9,1450,hub_milagro_01
2026-02-17T14:42:44.329Z,80.29304029304029,53.57753357753358,22.15384615384616,0,35.2,12.6,164.7,1450,hub_milagro_01
2026-02-17T14:44:48.878Z,80.12210012210012,53.675213675213676,22.18315018315019,0,36.0,12.5,165.9,1450,hub_milagro_01
2026-02-17T14:46:50.113Z,79.9023199023199,53.675213675213676,22.271062271062277,0,35.5,12.7,165.5,1450,hub_milagro_01
2026-02-17T14:48:50.565Z,79.68253968253968,53.65079365079365,22.358974358974365,0,35.8,12.8,165.9,1450,hub_milagro_01
2026-02-17T14:50:51.066Z,79.41391941391942,53.675213675213676,22.47619047619048,0,35.6,12.5,166.3,1450,hub_milagro_01
2026-02-17T14:52:50.282Z,79.14529914529915,53.62637362637363,22.47619047619048,0,35.8,12.7,165.1,1450,hub_milagro_01
2026-02-17T14:54:53.212Z,78.87667887667888,53.65079365079365,22.56410256410257,0,35.3,12.7,166.4,1450,hub_milagro_01
2026-02-17T14:56:56.853Z,78.65689865689866,53.6019536019536,22.622710622710628,0,35.9,12.8,166.4,1450,hub_milagro_01
2026-02-17T14:59:01.206Z,78.43711843711844,53.65079365079365,22.622710622710628,0,35.4,12.8,167.7,1450,hub_milagro_01
2026-02-17T15:01:03.630Z,78.24175824175825,53.65079365079365,22.798534798534803,0,35.9,12.8,167.4,1450,hub_milagro_01
2026-02-17T15:03:07.206Z,77.97313797313798,53.65079365079365,22.85714285714286,0,37.1,12.9,166.8,1450,hub_milagro_01
2026-02-17T15:05:11.806Z,77.80219780219781,53.57753357753358,22.798534798534803,0,35.5,12.7,166.7,1450,hub_milagro_01
2026-02-17T15:07:10.937Z,77.50915750915752,53.57753357753358,22.85714285714286,0,36.0,12.8,167.1,1450,hub_milagro_01
2026-02-17T15:09:15.471Z,77.33821733821735,53.65079365079365,22.94505494505495,0,36.0,12.9,166.0,1450,hub_milagro_01
2026-02-17T15:11:18.834Z,77.04517704517706,53.65079365079365,23.032967032967036,0,37.0,13.1,166.1,1450,hub_milagro_01
2026-02-17T15:13:17.406Z,76.87423687423689,53.675213675213676,23.091575091575095,0,36.1,12.9,167.7,1450,hub_milagro_01
2026-02-17T15:15:19.790Z,76.63003663003664,53.57753357753358,23.179487179487182,0,36.6,13.0,165.0,1450,hub_milagro_01
2026-02-17T15:17:20.225Z,76.41025641025641,53.65079365079365,23.23809523809524,0,36.2,12.9,166.8,1450,hub_milagro_01
2026-02-17T15:19:24.737Z,76.06837606837607,53.62637362637363,23.23809523809524,0,36.7,12.9,164.6,1450,hub_milagro_01
2026-02-17T15:21:28.779Z,75.8974358974359,53.65079365079365,23.384615384615387,0,36.5,13.1,165.6,1450,hub_milagro_01
2026-02-17T15:23:31.534Z,75.7020757020757,53.62637362637363,23.413919413919416,0,37.1,12.9,167.3,1450,hub_milagro_01
2026-02-17T15:25:29.290Z,75.45787545787546,53.62637362637363,23.472527472527474,0,37.4,12.9,166.8,1450,hub_milagro_01
2026-02-17T15:27:33.785Z,75.23809523809524,53.57753357753358,23.531135531135533,0,36.1,12.9,166.0,1450,hub_milagro_01
2026-02-17T15:29:34.572Z,75.11599511599512,53.57753357753358,23.560439560439562,0,37.2,13.0,166.2,1450,hub_milagro_01
2026-02-17T15:31:34.134Z,75.18925518925519,53.57753357753358,23.61904761904762,0,37.2,13.0,166.6,1450,hub_milagro_01
2026-02-17T15:33:36.504Z,75.11599511599512,53.57753357753358,23.736263736263737,0,37.5,13.0,164.2,1450,hub_milagro_01
2026-02-17T15:35:38.710Z,75.0915750915751,53.57753357753358,23.824175824175825,0,36.7,13.0,163.3,1450,hub_milagro_01
2026-02-17T15:37:37.005Z,74.96947496947497,53.57753357753358,23.824175824175825,0,37.5,13.2,164.8,1450,hub_milagro_01
2026-02-17T15:39:41.316Z,74.94505494505495,53.65079365079365,23.94139194139194,0,36.8,13.2,165.4,1450,hub_milagro_01
2026-02-17T15:41:45.250Z,74.96947496947497,53.65079365079365,23.94139194139194,0,37.4,13.2,165.5,1450,hub_milagro_01
2026-02-17T15:43:48.882Z,74.94505494505495,53.675213675213676,24.02930402930403,0,37.4,13.1,165.1,1450,hub_milagro_01
2026-02-17T15:45:48.868Z,74.84737484737485,53.65079365079365,24.05860805860806,0,37.4,13.0,165.5,1450,hub_milagro_01
2026-02-17T15:47:52.524Z,74.82295482295483,53.675213675213676,24.087912087912088,0,37.2,13.1,167.5,1450,hub_milagro_01
2026-02-17T15:49:52.500Z,74.7985347985348,53.62637362637363,24.234432234432234,0,37.3,13.4,166.0,1450,hub_milagro_01
2026-02-17T15:51:53.989Z,74.7985347985348,53.65079365079365,24.293040293040292,0,38.1,13.2,163.0,1450,hub_milagro_01
2026-02-17T15:53:57.595Z,74.72527472527473,53.62637362637363,24.234432234432234,0,37.5,13.0,164.2,1450,hub_milagro_01
2026-02-17T15:56:02.723Z,74.72527472527473,53.6019536019536,24.41025641025641,0,38.2,13.2,163.7,1450,hub_milagro_01
2026-02-17T15:58:04.626Z,74.62759462759463,53.62637362637363,24.468864468864467,0,37.5,13.2,165.5,1450,hub_milagro_01
2026-02-17T16:00:04.167Z,74.67643467643468,53.62637362637363,24.41025641025641,0,38.0,13.1,163.6,1450,hub_milagro_01
2026-02-17T16:02:03.533Z,74.60317460317461,53.57753357753358,24.468864468864467,0,36.9,13.4,167.4,1450,hub_milagro_01
2026-02-17T16:04:07.238Z,74.52991452991454,53.65079365079365,24.586080586080584,0,37.3,13.2,164.1,1450,hub_milagro_01
2026-02-17T16:06:11.660Z,74.55433455433456,53.62637362637363,24.586080586080584,0,37.4,13.2,164.7,1450,hub_milagro_01
2026-02-17T16:08:14.602Z,74.48107448107449,53.675213675213676,24.615384615384613,0,37.7,13.4,164.0,1450,hub_milagro_01
2026-02-17T16:10:13.131Z,74.50549450549451,53.675213675213676,24.79120879120879,0,37.7,13.2,163.5,1450,hub_milagro_01
2026-02-17T16:12:14.795Z,74.40781440781441,53.57753357753358,24.79120879120879,0,37.9,13.2,162.5,1450,hub_milagro_01
2026-02-17T16:14:13.720Z,74.43223443223444,53.57753357753358,24.79120879120879,0,37.0,13.3,164.9,1450,hub_milagro_01
2026-02-17T16:16:12.660Z,74.35897435897436,53.6019536019536,24.879120879120876,0,37.4,13.5,165.0,1450,hub_milagro_01
2026-02-17T16:18:13.608Z,74.31013431013432,53.553113553113555,24.996336996336993,0,37.5,13.5,163.4,1450,hub_milagro_01
2026-02-17T16:20:12.940Z,74.33455433455434,53.57753357753358,24.967032967032964,0,36.4,13.4,163.7,1450,hub_milagro_01
2026-02-17T16:22:12.735Z,74.35897435897436,53.62637362637363,24.996336996336993,0,38.1,13.5,164.0,1450,hub_milagro_01
2026-02-17T16:24:13.581Z,74.33455433455434,53.65079365079365,25.05494505494505,0,37.1,13.6,163.9,1450,hub_milagro_01
2026-02-17T16:26:16.749Z,74.23687423687424,53.6019536019536,25.11355311355311,0,38.2,13.4,162.5,1450,hub_milagro_01
2026-02-17T16:28:19.209Z,74.26129426129427,53.62637362637363,25.230769230769226,0,37.8,13.4,163.5,1450,hub_milagro_01
2026-02-17T16:30:20.175Z,74.23687423687424,53.57753357753358,25.230769230769226,0,38.0,13.5,163.2,1450,hub_milagro_01
2026-02-17T16:32:23.072Z,74.21245421245422,53.6019536019536,25.318681318681314,0,37.3,13.4,163.0,1450,hub_milagro_01
2026-02-17T16:34:24.942Z,74.1880341880342,53.65079365079365,25.377289377289372,0,37.3,13.5,163.0,1450,hub_milagro_01
2026-02-17T16:36:24.403Z,74.23687423687424,53.57753357753358,25.43589743589743,0,36.4,13.5,167.4,1450,hub_milagro_01
2026-02-17T16:38:24.476Z,74.1880341880342,53.62637362637363,25.49450549450549,0,37.2,13.5,163.3,1450,hub_milagro_01
2026-02-17T16:40:26.944Z,74.23687423687424,53.65079365079365,25.46520146520146,0,37.6,13.7,162.8,1450,hub_milagro_01
2026-02-17T16:42:27.027Z,74.23687423687424,53.62637362637363,25.49450549450549,0,37.6,13.5,161.9,1450,hub_milagro_01
2026-02-17T16:44:28.606Z,74.21245421245422,53.65079365079365,25.611721611721606,0,37.6,13.6,163.2,1450,hub_milagro_01
2026-02-17T16:46:31.911Z,74.16361416361417,53.65079365079365,25.582417582417577,0,38.0,13.6,160.7,1450,hub_milagro_01
2026-02-17T16:48:32.743Z,74.16361416361417,53.553113553113555,25.699633699633708,0,37.6,4.6,161.7,1450,hub_milagro_01
2026-02-17T16:50:33.022Z,74.1880341880342,53.553113553113555,25.67032967032968,0,37.6,13.6,162.6,1450,hub_milagro_01
2026-02-17T16:52:37.434Z,74.26129426129427,53.6019536019536,25.816849816849825,0,37.0,13.8,162.0,1450,hub_milagro_01
2026-02-17T16:54:36.388Z,74.21245421245422,53.57753357753358,25.816849816849825,0,37.4,13.6,164.0,1450,hub_milagro_01
2026-02-17T16:56:37.822Z,74.16361416361417,53.62637362637363,25.816849816849825,0,37.5,13.8,162.2,1450,hub_milagro_01
2026-02-17T16:58:36.293Z,74.21245421245422,53.6019536019536,25.875457875457883,0,37.2,13.8,162.4,1450,hub_milagro_01
2026-02-17T17:00:37.136Z,74.26129426129427,53.65079365079365,25.875457875457883,0,36.7,13.7,160.9,1450,hub_milagro_01
2026-02-17T17:02:36.746Z,74.26129426129427,53.57753357753358,26.02197802197803,0,37.2,13.6,162.4,1450,hub_milagro_01
2026-02-17T17:04:36.193Z,74.21245421245422,53.62637362637363,26.080586080586087,0,37.4,13.8,162.9,1450,hub_milagro_01
2026-02-17T17:06:39.653Z,74.28571428571429,53.57753357753358,26.051282051282058,0,37.1,13.9,162.5,1450,hub_milagro_01
2026-02-17T17:08:44.507Z,74.26129426129427,53.62637362637363,26.080586080586087,0,37.4,13.7,161.0,1450,hub_milagro_01
2026-02-17T17:10:47.724Z,74.1880341880342,53.553113553113555,26.139194139194146,0,36.5,13.8,162.9,1450,hub_milagro_01
2026-02-17T17:12:47.033Z,74.28571428571429,53.57753357753358,26.168498168498175,0,37.6,13.6,163.8,1450,hub_milagro_01
2026-02-17T17:14:49.274Z,74.28571428571429,53.52869352869353,26.168498168498175,0,36.7,13.5,162.5,1450,hub_milagro_01
2026-02-17T17:16:48.800Z,74.31013431013432,53.57753357753358,26.139194139194146,0,37.1,13.5,159.6,1450,hub_milagro_01
2026-02-17T17:18:50.848Z,74.28571428571429,53.553113553113555,26.285714285714292,0,36.7,13.5,161.2,1450,hub_milagro_01
2026-02-17T17:20:52.982Z,74.26129426129427,53.6019536019536,26.227106227106233,0,37.9,13.8,159.5,1450,hub_milagro_01
2026-02-17T17:22:57.356Z,74.23687423687424,53.553113553113555,26.227106227106233,0,37.0,13.5,158.8,1450,hub_milagro_01
2026-02-17T17:25:00.874Z,74.23687423687424,53.62637362637363,26.256410256410263,0,36.4,13.4,159.4,1450,hub_milagro_01
2026-02-17T17:26:59.599Z,74.28571428571429,53.57753357753358,26.227106227106233,0,37.3,13.4,160.3,1450,hub_milagro_01
2026-02-17T17:29:00.579Z,74.31013431013432,53.62637362637363,26.256410256410263,0,37.4,13.4,161.0,1450,hub_milagro_01
2026-02-17T17:31:01.271Z,74.38339438339439,53.57753357753358,26.31501831501832,0,36.9,13.4,161.3,1450,hub_milagro_01
2026-02-17T17:33:02.534Z,74.35897435897436,53.553113553113555,26.31501831501832,0,36.4,13.6,159.0,1450,hub_milagro_01
2026-02-17T17:35:01.533Z,74.40781440781441,53.52869352869353,26.31501831501832,0,37.0,13.3,161.7,1450,hub_milagro_01
2026-02-17T17:37:02.370Z,74.40781440781441,53.6019536019536,26.37362637362638,0,37.0,13.3,159.2,1450,hub_milagro_01
2026-02-17T17:39:02.314Z,74.52991452991454,53.52869352869353,26.432234432234438,0,37.2,13.2,159.2,1450,hub_milagro_01
2026-02-17T17:41:02.461Z,74.55433455433456,53.6019536019536,26.461538461538467,0,36.4,13.3,160.1,1450,hub_milagro_01
2026-02-17T17:43:05.879Z,74.50549450549451,53.553113553113555,26.461538461538467,0,37.4,13.2,160.3,1450,hub_milagro_01
2026-02-17T17:45:09.436Z,74.52991452991454,53.6019536019536,26.40293040293041,0,36.9,13.2,161.6,1450,hub_milagro_01
2026-02-17T17:47:10.282Z,74.67643467643468,53.52869352869353,26.37362637362638,0,37.4,13.1,161.2,1450,hub_milagro_01
2026-02-17T17:49:11.115Z,74.7008547008547,53.6019536019536,26.461538461538467,0,36.7,13.2,160.0,1450,hub_milagro_01
2026-02-17T17:51:16.958Z,74.74969474969475,53.57753357753358,26.461538461538467,0,36.2,12.8,162.7,1450,hub_milagro_01
2026-02-17T17:53:15.160Z,74.7985347985348,53.6019536019536,26.520146520146525,0,35.9,13.1,161.7,1450,hub_milagro_01
2026-02-17T17:55:16.523Z,74.74969474969475,53.6019536019536,26.520146520146525,0,36.7,13.0,163.5,1450,hub_milagro_01
2026-02-17T17:57:17.502Z,74.82295482295483,53.57753357753358,26.520146520146525,0,36.6,12.8,161.4,1450,hub_milagro_01
2026-02-17T17:59:21.717Z,74.8962148962149,53.504273504273506,26.549450549450555,0,36.9,12.9,162.9,1450,hub_milagro_01
2026-02-17T18:01:21.401Z,74.96947496947497,53.6019536019536,26.549450549450555,0,37.0,13.0,159.5,1450,hub_milagro_01
2026-02-17T18:03:25.416Z,74.92063492063492,53.52869352869353,26.520146520146525,0,37.2,13.0,163.0,1450,hub_milagro_01
2026-02-17T18:05:25.055Z,74.94505494505495,53.57753357753358,26.549450549450555,0,36.8,12.9,162.5,1450,hub_milagro_01
2026-02-17T18:07:26.817Z,75.0915750915751,53.52869352869353,26.608058608058613,0,37.0,4.0,161.7,1450,hub_milagro_01
2026-02-17T18:09:28.941Z,75.06715506715507,53.553113553113555,26.637362637362642,0,36.2,12.7,162.7,1450,hub_milagro_01
2026-02-17T18:11:29.786Z,75.14041514041514,53.52869352869353,26.578754578754584,0,36.8,12.7,161.3,1450,hub_milagro_01
2026-02-17T18:13:30.193Z,75.21367521367522,53.504273504273506,26.608058608058613,0,35.9,12.7,160.8,1450,hub_milagro_01
2026-02-17T18:15:29.992Z,75.23809523809524,53.57753357753358,26.66666666666667,0,37.0,12.9,161.5,1450,hub_milagro_01
2026-02-17T18:17:30.885Z,75.31135531135531,53.6019536019536,26.578754578754584,0,37.0,12.4,160.3,1450,hub_milagro_01
2026-02-17T18:19:34.847Z,75.28693528693529,53.553113553113555,26.637362637362642,0,36.4,12.6,163.7,1450,hub_milagro_01
2026-02-17T18:21:38.211Z,75.40903540903541,53.57753357753358,26.637362637362642,0,36.3,12.6,162.7,1450,hub_milagro_01
2026-02-17T18:23:38.800Z,75.43345543345544,53.553113553113555,26.6959706959707,0,36.3,12.3,162.5,1450,hub_milagro_01
2026-02-17T18:25:39.974Z,75.43345543345544,53.57753357753358,26.66666666666667,0,35.5,12.5,164.9,1450,hub_milagro_01
2026-02-17T18:27:42.906Z,75.50671550671551,53.62637362637363,26.72527472527473,0,36.1,12.6,161.0,1450,hub_milagro_01
2026-02-17T18:29:46.181Z,75.53113553113553,53.62637362637363,26.66666666666667,0,36.1,12.5,163.5,1450,hub_milagro_01
2026-02-17T18:31:47.020Z,75.26251526251527,53.52869352869353,26.72527472527473,0,36.5,4.0,157.9,1450,hub_milagro_01
2026-02-17T18:33:50.334Z,74.993894993895,53.553113553113555,26.6959706959707,0,36.5,12.3,162.9,1450,hub_milagro_01
2026-02-17T18:35:55.049Z,74.74969474969475,53.57753357753358,26.66666666666667,0,36.6,12.6,159.5,1450,hub_milagro_01
2026-02-17T18:37:54.241Z,74.45665445665446,53.62637362637363,26.578754578754584,0,36.5,12.6,162.6,1450,hub_milagro_01
2026-02-17T18:39:59.130Z,74.16361416361417,53.57753357753358,26.637362637362642,0,36.4,12.3,162.6,1450,hub_milagro_01
2026-02-17T18:41:59.275Z,73.96825396825398,53.57753357753358,26.66666666666667,0,37.6,12.2,163.0,1450,hub_milagro_01
2026-02-17T18:44:01.194Z,73.69963369963371,53.52869352869353,26.66666666666667,0,37.1,12.3,163.3,1450,hub_milagro_01
2026-02-17T18:46:02.647Z,73.33333333333333,53.553113553113555,26.578754578754584,0,36.3,12.2,161.0,1450,hub_milagro_01
2026-02-17T18:48:04.323Z,73.11355311355311,53.504273504273506,26.520146520146525,0,37.5,12.6,161.2,1450,hub_milagro_01
2026-02-17T18:50:07.881Z,72.84493284493284,53.52869352869353,26.549450549450555,0,37.5,12.1,160.7,1450,hub_milagro_01
2026-02-17T18:52:07.351Z,72.52747252747253,53.57753357753358,26.578754578754584,0,37.2,12.2,161.9,1450,hub_milagro_01
2026-02-17T18:54:09.984Z,72.33211233211233,53.553113553113555,26.520146520146525,0,37.5,12.1,163.1,1450,hub_milagro_01
2026-02-17T18:56:14.431Z,72.01465201465201,53.504273504273506,26.520146520146525,0,37.3,12.1,162.5,1450,hub_milagro_01
2026-02-17T18:58:13.091Z,71.77045177045177,53.47985347985348,26.490842490842496,0,37.7,12.4,163.6,1450,hub_milagro_01
2026-02-17T19:00:18.346Z,71.47741147741148,53.553113553113555,26.490842490842496,0,37.7,4.1,159.1,1450,hub_milagro_01
2026-02-17T19:02:22.758Z,71.28205128205128,53.504273504273506,26.461538461538467,0,36.8,12.1,162.1,1450,hub_milagro_01
2026-02-17T19:04:27.457Z,70.91575091575092,53.553113553113555,26.432234432234438,0,37.1,11.9,162.0,1450,hub_milagro_01
2026-02-17T19:06:28.122Z,70.72039072039072,53.52869352869353,26.490842490842496,0,37.4,11.9,162.0,1450,hub_milagro_01
2026-02-17T19:08:32.246Z,70.45177045177046,53.553113553113555,26.37362637362638,0,37.0,11.8,162.3,1450,hub_milagro_01
2026-02-17T19:10:33.128Z,70.2075702075702,53.553113553113555,26.490842490842496,0,37.5,12.2,162.3,1450,hub_milagro_01
2026-02-17T19:12:37.342Z,69.91452991452991,53.52869352869353,26.34432234432235,0,37.6,12.0,161.1,1450,hub_milagro_01
2026-02-17T19:14:37.289Z,69.67032967032966,53.504273504273506,26.432234432234438,0,37.7,4.0,164.6,1450,hub_milagro_01
2026-02-17T19:16:39.094Z,69.35286935286935,53.47985347985348,26.34432234432235,0,37.9,11.9,161.4,1450,hub_milagro_01
2026-02-17T19:18:39.683Z,69.08424908424908,53.504273504273506,26.432234432234438,0,38.1,11.7,162.6,1450,hub_milagro_01
2026-02-17T19:20:41.478Z,68.84004884004884,53.45543345543346,26.34432234432235,0,37.9,11.8,163.2,1450,hub_milagro_01
2026-02-17T19:22:40.191Z,68.5958485958486,53.504273504273506,26.31501831501832,0,38.8,11.6,161.9,1450,hub_milagro_01
2026-02-17T19:24:40.450Z,68.27838827838828,53.45543345543346,26.34432234432235,0,37.9,11.7,163.1,1450,hub_milagro_01
2026-02-17T19:26:40.398Z,68.05860805860806,53.52869352869353,26.31501831501832,0,39.3,11.6,162.8,1450,hub_milagro_01
2026-02-17T19:28:42.074Z,67.78998778998779,53.45543345543346,26.31501831501832,0,38.1,11.6,164.2,1450,hub_milagro_01
2026-02-17T19:30:44.689Z,67.61904761904762,53.45543345543346,26.31501831501832,0,38.7,11.3,164.2,1450,hub_milagro_01
2026-02-17T19:32:47.938Z,67.66788766788767,53.45543345543346,26.256410256410263,0,38.9,11.5,162.4,1450,hub_milagro_01
2026-02-17T19:34:46.456Z,67.86324786324786,53.43101343101343,26.227106227106233,0,37.8,11.4,163.2,1450,hub_milagro_01
2026-02-17T19:36:51.353Z,67.93650793650794,53.504273504273506,26.197802197802204,0,38.3,11.4,161.7,1450,hub_milagro_01
2026-02-17T19:38:51.014Z,68.13186813186813,53.504273504273506,26.109890109890117,0,38.6,11.4,162.6,1450,hub_milagro_01
2026-02-17T19:40:55.321Z,68.18070818070818,53.47985347985348,26.227106227106233,0,39.0,11.4,163.4,1450,hub_milagro_01
2026-02-17T19:43:00.841Z,68.32722832722833,53.47985347985348,26.139194139194146,0,38.1,11.4,162.8,1450,hub_milagro_01
2026-02-17T19:45:02.605Z,68.54700854700855,53.45543345543346,26.080586080586087,0,38.8,11.3,163.5,1450,hub_milagro_01
2026-02-17T19:47:06.027Z,68.64468864468864,53.47985347985348,26.139194139194146,0,39.2,11.2,163.7,1450,hub_milagro_01
2026-02-17T19:49:08.762Z,68.79120879120879,53.43101343101343,26.080586080586087,0,39.1,11.3,162.1,1450,hub_milagro_01
2026-02-17T19:51:06.263Z,68.96214896214896,53.47985347985348,25.992673992674,0,38.8,11.3,164.9,1450,hub_milagro_01
2026-02-17T19:53:06.091Z,69.08424908424908,53.504273504273506,26.051282051282058,0,39.8,11.4,164.1,1450,hub_milagro_01
2026-02-17T19:55:08.910Z,69.18192918192918,53.40659340659341,26.197802197802204,0,39.1,11.2,164.7,1450,hub_milagro_01
2026-02-17T19:57:08.332Z,69.37728937728937,53.45543345543346,26.285714285714292,0,38.9,11.1,162.7,1450,hub_milagro_01
2026-02-17T19:59:12.625Z,69.47496947496947,53.47985347985348,26.31501831501832,0,39.6,11.1,163.7,1450,hub_milagro_01
2026-02-17T20:01:11.075Z,69.59706959706959,53.43101343101343,26.31501831501832,0,38.5,11.0,165.0,1450,hub_milagro_01
2026-02-17T20:03:12.811Z,69.71916971916971,53.43101343101343,26.40293040293041,0,38.9,11.0,163.8,1450,hub_milagro_01
2026-02-17T20:05:16.969Z,69.86568986568986,53.45543345543346,26.40293040293041,0,39.9,11.1,162.2,1450,hub_milagro_01
2026-02-17T20:07:20.410Z,70.03663003663003,53.43101343101343,26.490842490842496,0,38.6,10.8,162.8,1450,hub_milagro_01
2026-02-17T20:09:19.093Z,70.2075702075702,53.47985347985348,26.490842490842496,0,39.2,11.0,164.5,1450,hub_milagro_01
2026-02-17T20:11:22.343Z,70.3052503052503,53.504273504273506,26.578754578754584,0,40.1,10.9,162.0,1450,hub_milagro_01
2026-02-17T20:13:24.804Z,70.5006105006105,53.47985347985348,26.66666666666667,0,39.7,10.9,162.7,1450,hub_milagro_01
2026-02-17T20:15:27.256Z,70.57387057387058,53.40659340659341,26.75457875457876,0,40.2,10.9,164.2,1450,hub_milagro_01
2026-02-17T20:17:31.777Z,70.81807081807082,53.504273504273506,26.75457875457876,0,39.7,10.7,163.1,1450,hub_milagro_01
2026-02-17T20:19:36.763Z,70.8913308913309,53.504273504273506,26.871794871794876,0,39.7,10.7,163.3,1450,hub_milagro_01
2026-02-17T20:21:38.764Z,71.03785103785104,53.40659340659341,26.871794871794876,0,39.7,10.8,160.4,1450,hub_milagro_01
2026-02-17T20:23:39.483Z,71.25763125763126,53.43101343101343,26.842490842490847,0,40.8,10.8,162.7,1450,hub_milagro_01
2026-02-17T20:25:42.775Z,71.30647130647131,53.504273504273506,26.989010989010993,0,40.1,10.8,165.6,1450,hub_milagro_01
2026-02-17T20:27:46.370Z,71.45299145299145,53.40659340659341,26.959706959706963,0,40.1,10.8,163.7,1450,hub_milagro_01
2026-02-17T20:29:48.269Z,71.67277167277167,53.43101343101343,27.10622710622711,0,39.7,10.7,163.0,1450,hub_milagro_01
2026-02-17T20:31:47.189Z,71.81929181929182,53.47985347985348,27.04761904761905,0,40.6,10.6,162.7,1450,hub_milagro_01
2026-02-17T20:33:52.901Z,71.6971916971917,53.40659340659341,27.164835164835168,0,40.8,10.5,162.9,1450,hub_milagro_01
2026-02-17T20:35:54.224Z,71.52625152625153,53.47985347985348,27.223443223443226,0,40.7,10.7,163.5,1450,hub_milagro_01
2026-02-17T20:37:58.605Z,71.45299145299145,53.504273504273506,27.252747252747255,0,40.5,10.7,161.7,1450,hub_milagro_01
2026-02-17T20:39:57.888Z,71.35531135531136,53.40659340659341,27.311355311355314,0,40.2,10.6,162.0,1450,hub_milagro_01
2026-02-17T20:41:57.906Z,71.25763125763126,53.47985347985348,27.311355311355314,0,41.1,10.7,162.4,1450,hub_milagro_01
2026-02-17T20:43:57.539Z,71.08669108669109,53.43101343101343,27.369963369963372,0,40.0,10.9,161.1,1450,hub_milagro_01
2026-02-17T20:45:57.593Z,70.94017094017094,53.45543345543346,27.45787545787546,0,40.6,10.8,162.2,1450,hub_milagro_01
2026-02-17T20:48:00.062Z,70.91575091575092,53.47985347985348,27.45787545787546,0,40.8,11.1,163.4,1450,hub_milagro_01
2026-02-17T20:49:58.706Z,70.74481074481075,53.43101343101343,27.48717948717949,0,41.1,10.6,161.6,1450,hub_milagro_01
2026-02-17T20:51:57.463Z,70.5982905982906,53.43101343101343,27.633699633699635,0,41.5,10.8,161.2,1450,hub_milagro_01
2026-02-17T20:53:59.577Z,70.47619047619048,53.504273504273506,27.633699633699635,0,41.3,10.8,163.7,1450,hub_milagro_01
2026-02-17T20:55:58.588Z,70.42735042735043,53.47985347985348,27.663003663003664,0,41.1,10.8,165.1,1450,hub_milagro_01
2026-02-17T20:58:00.616Z,70.32967032967034,53.504273504273506,27.663003663003664,0,41.3,10.9,160.5,1450,hub_milagro_01
2026-02-17T21:00:00.741Z,70.2075702075702,53.504273504273506,27.78021978021978,0,41.2,10.9,161.2,1450,hub_milagro_01
2026-02-17T21:02:02.433Z,70.01221001221,53.47985347985348,27.78021978021978,0,40.6,10.9,162.3,1450,hub_milagro_01
2026-02-17T21:04:06.839Z,70.01221001221,53.40659340659341,27.80952380952381,0,41.9,11.0,162.7,1450,hub_milagro_01
2026-02-17T21:06:10.296Z,69.81684981684981,53.504273504273506,27.926739926739927,0,42.0,10.8,160.5,1450,hub_milagro_01
2026-02-17T21:08:12.455Z,69.69474969474969,53.45543345543346,27.956043956043956,0,41.0,11.2,160.4,1450,hub_milagro_01
2026-02-17T21:10:13.413Z,69.57264957264957,53.43101343101343,27.956043956043956,0,40.7,11.2,161.2,1450,hub_milagro_01
2026-02-17T21:12:13.169Z,69.57264957264957,53.43101343101343,27.985347985347985,0,41.4,11.0,160.5,1450,hub_milagro_01
2026-02-17T21:14:17.242Z,69.4017094017094,53.43101343101343,27.985347985347985,0,41.6,11.2,163.1,1450,hub_milagro_01
2026-02-17T21:16:22.344Z,69.27960927960928,53.382173382173384,27.926739926739927,0,40.7,11.2,163.3,1450,hub_milagro_01
2026-02-17T21:18:26.777Z,69.13308913308913,53.43101343101343,27.80952380952381,0,41.2,11.2,161.1,1450,hub_milagro_01
2026-02-17T21:20:29.055Z,69.13308913308913,53.45543345543346,27.750915750915752,0,41.1,11.0,164.0,1450,hub_milagro_01
2026-02-17T21:22:30.138Z,68.96214896214896,53.45543345543346,27.721611721611723,0,41.1,11.3,159.4,1450,hub_milagro_01
2026-02-17T21:24:33.344Z,68.84004884004884,53.40659340659341,27.516483516483518,0,41.4,11.2,159.8,1450,hub_milagro_01
2026-02-17T21:26:38.163Z,68.76678876678876,53.35775335775336,27.545787545787547,0,41.5,11.2,160.5,1450,hub_milagro_01
2026-02-17T21:28:39.919Z,68.69352869352869,53.35775335775336,27.42857142857143,0,41.0,11.3,161.2,1450,hub_milagro_01
2026-02-17T21:30:40.174Z,68.5958485958486,53.382173382173384,27.311355311355314,0,41.4,11.3,160.0,1450,hub_milagro_01
2026-02-17T21:32:41.632Z,68.44932844932845,53.43101343101343,27.223443223443226,0,41.7,11.5,160.4,1450,hub_milagro_01
2026-02-17T21:34:41.071Z,68.79120879120879,53.40659340659341,27.10622710622711,0,40.0,11.4,160.7,1450,hub_milagro_01
2026-02-17T21:36:40.421Z,69.23076923076923,53.333333333333336,27.07692307692308,0,41.0,11.3,163.1,1450,hub_milagro_01
2026-02-17T21:38:43.857Z,69.64590964590964,53.43101343101343,27.07692307692308,0,40.6,11.5,162.1,1450,hub_milagro_01
2026-02-17T21:40:43.656Z,69.98778998778998,53.35775335775336,26.871794871794876,0,41.5,11.4,160.6,1450,hub_milagro_01
2026-02-17T21:42:47.427Z,70.45177045177046,53.382173382173384,26.813186813186817,0,40.6,11.6,162.9,1450,hub_milagro_01
2026-02-17T21:44:48.389Z,70.7936507936508,53.30891330891331,26.813186813186817,0,41.5,11.5,161.3,1450,hub_milagro_01
2026-02-17T21:46:48.246Z,71.20879120879121,53.40659340659341,26.637362637362642,0,40.9,11.5,163.0,1450,hub_milagro_01
2026-02-17T21:48:51.557Z,71.52625152625153,53.382173382173384,26.608058608058613,0,41.2,11.7,161.0,1450,hub_milagro_01
2026-02-17T21:50:52.367Z,71.91697191697192,53.40659340659341,26.578754578754584,0,40.5,11.6,161.6,1450,hub_milagro_01
2026-02-17T21:52:53.274Z,72.3076923076923,53.30891330891331,26.37362637362638,0,41.3,11.7,159.9,1450,hub_milagro_01
2026-02-17T21:54:55.044Z,72.72283272283272,53.40659340659341,26.34432234432235,0,40.2,11.6,162.7,1450,hub_milagro_01
2026-02-17T21:56:55.011Z,73.18681318681318,53.35775335775336,26.256410256410263,0,40.8,11.8,160.5,1450,hub_milagro_01
2026-02-17T21:58:56.497Z,73.57753357753359,53.35775335775336,26.227106227106233,0,39.9,11.7,161.7,1450,hub_milagro_01
2026-02-17T22:00:56.534Z,73.94383394383395,53.35775335775336,26.02197802197803,0,40.9,11.8,162.0,1450,hub_milagro_01
2026-02-17T22:02:56.643Z,74.33455433455434,53.30891330891331,26.02197802197803,0,40.2,11.7,161.0,1450,hub_milagro_01
2026-02-17T22:04:56.008Z,74.74969474969475,53.40659340659341,25.93406593406594,0,40.1,11.8,161.2,1450,hub_milagro_01
2026-02-17T22:06:59.136Z,75.16483516483517,53.382173382173384,25.846153846153854,0,39.8,11.9,159.7,1450,hub_milagro_01
2026-02-17T22:09:02.514Z,75.57997557997558,53.382173382173384,25.699633699633708,0,40.6,11.7,160.9,1450,hub_milagro_01
2026-02-17T22:11:07.265Z,75.94627594627595,53.382173382173384,25.699633699633708,0,40.1,11.6,161.1,1450,hub_milagro_01
2026-02-17T22:13:05.477Z,76.38583638583638,53.35775335775336,25.49450549450549,0,39.6,11.6,162.2,1450,hub_milagro_01
2026-02-17T22:15:06.421Z,76.75213675213676,53.382173382173384,25.52380952380952,0,39.7,11.7,164.1,1450,hub_milagro_01
2026-02-17T22:17:08.511Z,77.11843711843713,53.30891330891331,25.347985347985343,0,40.4,11.9,159.8,1450,hub_milagro_01
2026-02-17T22:19:07.170Z,77.55799755799757,53.35775335775336,25.318681318681314,0,40.1,11.7,159.6,1450,hub_milagro_01
2026-02-17T22:21:06.670Z,77.997557997558,53.35775335775336,25.230769230769226,0,39.6,12.0,162.3,1450,hub_milagro_01
2026-02-17T22:23:10.773Z,78.33943833943835,53.30891330891331,25.172161172161168,0,39.9,12.0,159.9,1450,hub_milagro_01
2026-02-17T22:25:12.217Z,78.75457875457876,53.35775335775336,24.996336996336993,0,39.6,12.2,161.5,1450,hub_milagro_01
2026-02-17T22:27:10.756Z,79.1941391941392,53.28449328449329,24.908424908424905,0,39.5,12.1,160.4,1450,hub_milagro_01
2026-02-17T22:29:10.675Z,79.58485958485959,53.35775335775336,24.937728937728934,0,39.8,12.0,163.6,1450,hub_milagro_01
2026-02-17T22:31:12.036Z,79.92673992673993,53.333333333333336,24.79120879120879,0,39.1,12.1,161.5,1450,hub_milagro_01
2026-02-17T22:33:12.546Z,80.29304029304029,53.30891330891331,24.7032967032967,0,40.1,12.0,160.6,1450,hub_milagro_01
2026-02-17T22:35:16.236Z,80.48840048840049,53.23565323565324,24.615384615384613,0,39.5,12.3,164.6,1450,hub_milagro_01
2026-02-17T22:37:17.869Z,80.53724053724054,53.333333333333336,24.67399267399267,0,39.2,12.1,164.1,1450,hub_milagro_01
2026-02-17T22:39:17.651Z,80.7081807081807,53.28449328449329,24.67399267399267,0,39.5,12.1,162.2,1450,hub_milagro_01
2026-02-17T22:41:16.330Z,80.85470085470085,53.333333333333336,24.586080586080584,0,39.4,12.1,162.5,1450,hub_milagro_01
2026-02-17T22:43:16.173Z,81.02564102564102,53.26007326007326,24.615384615384613,0,39.6,12.2,163.1,1450,hub_milagro_01
2026-02-17T22:45:17.711Z,81.0989010989011,53.30891330891331,24.556776556776555,0,38.6,12.3,161.7,1450,hub_milagro_01
2026-02-17T22:47:20.383Z,81.19658119658119,53.30891330891331,24.586080586080584,0,39.8,12.2,162.4,1450,hub_milagro_01
2026-02-17T22:49:20.101Z,81.36752136752136,53.26007326007326,24.527472527472526,0,39.4,12.4,162.6,1450,hub_milagro_01
2026-02-17T22:51:22.664Z,81.46520146520146,53.23565323565324,24.468864468864467,0,39.3,12.3,162.7,1450,hub_milagro_01
2026-02-17T22:53:26.332Z,81.6117216117216,53.26007326007326,24.439560439560438,0,39.4,12.5,160.5,1450,hub_milagro_01
2026-02-17T22:55:25.117Z,81.73382173382173,53.30891330891331,24.38095238095238,0,38.7,12.4,162.5,1450,hub_milagro_01
2026-02-17T22:57:26.325Z,81.92918192918192,53.23565323565324,24.38095238095238,0,39.2,12.3,161.0,1450,hub_milagro_01
2026-02-17T22:59:30.950Z,82.002442002442,53.211233211233214,24.468864468864467,0,38.9,12.6,161.2,1450,hub_milagro_01
2026-02-17T23:01:29.884Z,82.17338217338217,53.23565323565324,24.32234432234432,0,38.2,4.0,162.3,1450,hub_milagro_01
2026-02-17T23:03:29.040Z,82.31990231990231,53.26007326007326,24.293040293040292,0,39.1,12.2,159.4,1450,hub_milagro_01
2026-02-17T23:05:33.313Z,82.36874236874236,53.30891330891331,24.38095238095238,0,39.2,12.4,163.6,1450,hub_milagro_01
2026-02-17T23:07:32.444Z,82.49084249084248,53.211233211233214,24.293040293040292,0,38.6,12.6,161.1,1450,hub_milagro_01
2026-02-17T23:09:34.397Z,82.7106227106227,53.30891330891331,24.32234432234432,0,38.7,12.3,162.0,1450,hub_milagro_01
2026-02-17T23:11:38.270Z,82.83272283272284,53.23565323565324,24.205128205128204,0,38.7,12.6,161.8,1450,hub_milagro_01
2026-02-17T23:13:38.513Z,82.90598290598291,53.18681318681319,24.234432234432234,0,38.8,12.8,162.9,1450,hub_milagro_01
2026-02-17T23:15:42.590Z,83.00366300366301,53.26007326007326,24.205128205128204,0,38.2,12.7,161.7,1450,hub_milagro_01
2026-02-17T23:17:41.110Z,83.1990231990232,53.23565323565324,24.234432234432234,0,39.1,12.7,161.9,1450,hub_milagro_01
2026-02-17T23:19:40.070Z,83.2967032967033,53.18681318681319,24.117216117216117,0,38.0,12.5,163.4,1450,hub_milagro_01
2026-02-17T23:21:40.607Z,83.46764346764347,53.23565323565324,24.117216117216117,0,37.8,12.8,164.0,1450,hub_milagro_01
2026-02-17T23:23:38.843Z,83.54090354090354,53.211233211233214,24.02930402930403,0,38.4,12.7,164.6,1450,hub_milagro_01
2026-02-17T23:25:38.246Z,83.66300366300366,53.26007326007326,24.02930402930403,0,38.3,12.8,162.6,1450,hub_milagro_01
2026-02-17T23:27:42.659Z,83.90720390720391,53.26007326007326,24.087912087912088,0,39.0,12.8,163.6,1450,hub_milagro_01
2026-02-17T23:29:44.912Z,83.93162393162393,53.211233211233214,24.05860805860806,0,38.6,12.7,163.0,1450,hub_milagro_01
2026-02-17T23:31:45.672Z,84.05372405372405,53.23565323565324,24.0,0,38.9,12.7,162.5,1450,hub_milagro_01
2026-02-17T23:33:50.489Z,84.27350427350427,53.23565323565324,24.0,0,38.4,12.9,164.0,1450,hub_milagro_01
2026-02-17T23:35:52.124Z,84.2979242979243,53.211233211233214,24.0,0,37.8,12.9,163.4,1450,hub_milagro_01
2026-02-17T23:37:54.431Z,84.42002442002442,53.23565323565324,23.912087912087912,0,38.1,12.8,162.8,1450,hub_milagro_01
2026-02-17T23:39:59.592Z,84.46886446886447,53.162393162393165,23.824175824175825,0,37.9,12.8,164.4,1450,hub_milagro_01
2026-02-17T23:41:58.786Z,84.59096459096459,53.18681318681319,23.853479853479854,0,37.1,5.6,165.0,1450,hub_milagro_01
2026-02-17T23:43:58.996Z,84.61538461538461,53.211233211233214,23.794871794871796,0,38.2,13.0,162.3,1450,hub_milagro_01
2026-02-17T23:46:01.718Z,84.71306471306471,53.211233211233214,23.794871794871796,0,37.9,13.0,162.8,1450,hub_milagro_01
2026-02-17T23:48:01.659Z,84.85958485958486,53.18681318681319,23.736263736263737,0,37.6,13.0,162.9,1450,hub_milagro_01
2026-02-17T23:50:03.414Z,84.93284493284493,53.211233211233214,23.736263736263737,0,37.2,13.1,163.5,1450,hub_milagro_01
2026-02-17T23:52:02.507Z,84.98168498168498,53.162393162393165,23.67765567765568,0,37.9,13.3,165.2,1450,hub_milagro_01
2026-02-17T23:54:06.878Z,85.15262515262515,53.23565323565324,23.736263736263737,0,38.1,13.2,164.2,1450,hub_milagro_01
2026-02-17T23:56:08.561Z,85.17704517704517,53.23565323565324,23.736263736263737,0,37.4,13.1,162.2,1450,hub_milagro_01
2026-02-17T23:58:11.300Z,85.25030525030525,53.18681318681319,23.64835164835165,0,37.2,13.3,164.8,1450,hub_milagro_01
2026-02-18T00:00:11.444Z,85.37240537240537,53.211233211233214,23.64835164835165,0,37.5,13.2,163.0,1450,hub_milagro_01
2026-02-18T00:02:11.067Z,85.37240537240537,53.23565323565324,23.706959706959708,0,37.7,13.2,164.1,1450,hub_milagro_01
2026-02-18T00:04:14.229Z,85.47008547008546,53.11355311355312,23.64835164835165,0,36.9,13.2,165.9,1450,hub_milagro_01
2026-02-18T00:06:15.378Z,85.56776556776556,53.13797313797314,23.67765567765568,0,37.4,13.2,164.6,1450,hub_milagro_01
2026-02-18T00:08:18.188Z,85.66544566544566,53.13797313797314,23.64835164835165,0,36.6,13.1,164.4,1450,hub_milagro_01
2026-02-18T00:10:23.056Z,85.76312576312576,53.211233211233214,23.560439560439562,0,37.4,13.2,165.3,1450,hub_milagro_01
2026-02-18T00:12:27.221Z,85.9096459096459,53.18681318681319,23.560439560439562,0,37.5,13.2,164.8,1450,hub_milagro_01
2026-02-18T00:14:26.744Z,85.98290598290599,53.18681318681319,23.560439560439562,0,36.2,13.2,164.3,1450,hub_milagro_01
2026-02-18T00:16:30.571Z,85.98290598290599,53.11355311355312,23.501831501831504,0,36.8,13.2,164.5,1450,hub_milagro_01
2026-02-18T00:18:33.623Z,86.10500610500611,53.13797313797314,23.501831501831504,0,36.7,13.2,163.0,1450,hub_milagro_01
2026-02-18T00:20:33.845Z,86.20268620268621,53.18681318681319,23.58974358974359,0,37.1,13.1,162.9,1450,hub_milagro_01
2026-02-18T00:22:35.757Z,86.22710622710623,53.08913308913309,23.472527472527474,0,37.6,13.3,166.3,1450,hub_milagro_01
2026-02-18T00:24:37.691Z,86.32478632478633,53.13797313797314,23.58974358974359,0,36.6,13.2,165.2,1450,hub_milagro_01
2026-02-18T00:26:40.069Z,86.42246642246643,53.13797313797314,23.531135531135533,0,37.6,13.1,163.1,1450,hub_milagro_01
2026-02-18T00:28:43.236Z,86.52014652014653,53.08913308913309,23.501831501831504,0,35.9,13.2,164.6,1450,hub_milagro_01
2026-02-18T00:30:47.198Z,86.54456654456655,53.08913308913309,23.472527472527474,0,37.1,13.4,164.7,1450,hub_milagro_01
2026-02-18T00:32:50.232Z,86.66666666666667,53.06471306471307,23.443223443223445,0,36.5,13.3,162.3,1450,hub_milagro_01
2026-02-18T00:34:52.832Z,86.7887667887668,53.11355311355312,23.443223443223445,0,36.6,13.2,164.0,1450,hub_milagro_01
2026-02-18T00:36:54.000Z,86.42246642246643,53.06471306471307,23.443223443223445,0,36.7,13.4,165.5,1450,hub_milagro_01
2026-02-18T00:38:54.841Z,86.15384615384616,53.08913308913309,23.501831501831504,0,36.3,13.3,165.3,1450,hub_milagro_01
2026-02-18T00:40:54.279Z,85.8119658119658,53.06471306471307,23.472527472527474,0,36.3,13.2,166.2,1450,hub_milagro_01
2026-02-18T00:42:56.494Z,85.37240537240537,53.040293040293044,23.443223443223445,0,36.2,13.2,162.8,1450,hub_milagro_01
2026-02-18T00:45:00.786Z,85.12820512820512,53.08913308913309,23.355311355311358,0,36.2,13.5,166.2,1450,hub_milagro_01
2026-02-18T00:47:01.327Z,84.71306471306471,53.01587301587302,23.413919413919416,0,36.5,13.2,164.7,1450,hub_milagro_01
2026-02-18T00:49:02.342Z,84.3956043956044,53.06471306471307,23.32600732600733,0,36.7,13.2,164.2,1450,hub_milagro_01
2026-02-18T00:51:01.912Z,84.05372405372405,53.08913308913309,23.384615384615387,0,36.0,13.6,166.0,1450,hub_milagro_01
2026-02-18T00:53:05.548Z,83.76068376068376,53.11355311355312,23.384615384615387,0,36.4,13.6,164.9,1450,hub_milagro_01
2026-02-18T00:55:09.557Z,83.3943833943834,53.11355311355312,23.384615384615387,0,36.2,13.6,164.3,1450,hub_milagro_01
2026-02-18T00:57:13.506Z,83.07692307692308,53.040293040293044,23.384615384615387,0,35.5,13.5,163.9,1450,hub_milagro_01
2026-02-18T00:59:12.374Z,82.78388278388277,53.06471306471307,23.32600732600733,0,36.6,13.2,165.7,1450,hub_milagro_01
2026-02-18T01:01:17.463Z,82.39316239316238,52.991452991452995,23.26739926739927,0,36.1,13.4,163.9,1450,hub_milagro_01
2026-02-18T01:03:18.181Z,82.02686202686202,53.01587301587302,23.355311355311358,0,36.1,13.4,164.6,1450,hub_milagro_01
2026-02-18T01:05:19.678Z,81.68498168498168,53.08913308913309,23.2967032967033,0,35.8,13.5,165.0,1450,hub_milagro_01
2026-02-18T01:07:19.469Z,81.39194139194139,53.040293040293044,23.26739926739927,0,35.1,13.4,164.5,1450,hub_milagro_01
2026-02-18T01:09:22.365Z,81.02564102564102,52.991452991452995,23.20879120879121,0,35.5,13.6,163.0,1450,hub_milagro_01
2026-02-18T01:11:26.594Z,80.7081807081807,53.01587301587302,23.26739926739927,0,35.5,13.4,165.0,1450,hub_milagro_01
2026-02-18T01:13:26.731Z,80.41514041514041,53.06471306471307,23.26739926739927,0,35.8,13.7,163.0,1450,hub_milagro_01
2026-02-18T01:15:27.060Z,80.0,52.991452991452995,23.2967032967033,0,35.2,13.5,164.2,1450,hub_milagro_01
2026-02-18T01:17:28.456Z,79.68253968253968,52.96703296703297,23.20879120879121,0,35.9,13.6,163.1,1450,hub_milagro_01
2026-02-18T01:19:30.623Z,79.38949938949939,52.96703296703297,23.062271062271066,0,35.4,13.5,165.6,1450,hub_milagro_01
2026-02-18T01:21:32.209Z,78.94993894993895,52.991452991452995,23.003663003663007,0,34.9,13.6,163.0,1450,hub_milagro_01
2026-02-18T01:23:34.376Z,78.63247863247864,52.96703296703297,22.94505494505495,0,35.6,13.5,163.6,1450,hub_milagro_01
2026-02-18T01:25:34.857Z,78.36385836385837,52.991452991452995,22.94505494505495,0,34.5,13.4,164.5,1450,hub_milagro_01
2026-02-18T01:27:33.795Z,77.997557997558,52.96703296703297,22.94505494505495,0,34.4,13.7,164.8,1450,hub_milagro_01
2026-02-18T01:29:38.185Z,77.68009768009769,52.96703296703297,22.85714285714286,0,34.9,13.7,163.2,1450,hub_milagro_01
2026-02-18T01:31:37.609Z,77.31379731379732,52.96703296703297,22.769230769230774,0,34.9,13.7,165.0,1450,hub_milagro_01
2026-02-18T01:33:38.529Z,76.92307692307693,53.040293040293044,22.769230769230774,0,34.9,13.6,164.7,1450,hub_milagro_01
2026-02-18T01:35:39.822Z,76.60561660561662,53.01587301587302,22.622710622710628,0,35.1,13.6,162.1,1450,hub_milagro_01
2026-02-18T01:37:42.133Z,76.87423687423689,53.01587301587302,22.710622710622715,0,35.0,13.7,163.3,1450,hub_milagro_01
2026-02-18T01:39:43.332Z,77.21611721611723,52.991452991452995,22.56410256410257,0,35.0,13.6,163.2,1450,hub_milagro_01
2026-02-18T01:41:44.209Z,77.53357753357754,52.991452991452995,22.56410256410257,0,35.3,13.6,162.9,1450,hub_milagro_01
2026-02-18T01:43:45.451Z,77.85103785103786,53.06471306471307,22.446886446886452,0,34.2,13.8,162.6,1450,hub_milagro_01
2026-02-18T01:45:50.200Z,78.07081807081808,53.040293040293044,22.446886446886452,0,34.9,13.6,163.0,1450,hub_milagro_01
2026-02-18T01:47:51.020Z,78.36385836385837,52.96703296703297,22.388278388278394,0,35.4,13.4,163.4,1450,hub_milagro_01
2026-02-18T01:49:54.749Z,78.68131868131869,52.942612942612946,22.271062271062277,0,34.6,13.6,161.6,1450,hub_milagro_01
2026-02-18T01:51:55.513Z,78.92551892551893,53.040293040293044,22.241758241758248,0,34.8,5.5,161.7,1450,hub_milagro_01
2026-02-18T01:53:54.977Z,79.26739926739927,52.96703296703297,22.241758241758248,0,35.0,13.7,162.9,1450,hub_milagro_01
2026-02-18T01:55:53.514Z,79.56043956043956,52.96703296703297,22.095238095238102,0,34.4,13.5,166.5,1450,hub_milagro_01
2026-02-18T01:57:56.320Z,79.8046398046398,53.040293040293044,22.065934065934073,0,35.3,13.6,160.1,1450,hub_milagro_01
2026-02-18T02:00:00.485Z,80.1953601953602,52.942612942612946,21.948717948717956,0,35.1,13.7,161.4,1450,hub_milagro_01
2026-02-18T02:02:00.776Z,80.41514041514041,53.01587301587302,22.007326007326014,0,34.3,13.6,163.2,1450,hub_milagro_01
2026-02-18T02:04:03.486Z,80.7081807081807,52.942612942612946,21.890109890109898,0,34.5,13.5,162.6,1450,hub_milagro_01
2026-02-18T02:06:07.386Z,81.07448107448107,52.991452991452995,21.860805860805854,0,33.8,13.7,162.4,1450,hub_milagro_01
2026-02-18T02:08:12.986Z,81.39194139194139,52.942612942612946,21.772893772893767,0,34.1,13.7,162.1,1450,hub_milagro_01
2026-02-18T02:10:13.130Z,81.63614163614163,52.96703296703297,21.68498168498168,0,34.1,13.8,162.7,1450,hub_milagro_01
2026-02-18T02:12:14.109Z,81.88034188034187,52.991452991452995,21.62637362637362,0,34.5,13.9,162.6,1450,hub_milagro_01
2026-02-18T02:14:15.205Z,82.17338217338217,52.942612942612946,21.62637362637362,0,33.7,13.8,164.2,1450,hub_milagro_01
2026-02-18T02:16:17.213Z,82.44200244200243,53.040293040293044,21.567765567765562,0,34.3,13.6,162.4,1450,hub_milagro_01
2026-02-18T02:18:19.876Z,82.83272283272284,53.01587301587302,21.479853479853475,0,33.9,13.7,162.4,1450,hub_milagro_01
2026-02-18T02:20:23.849Z,83.02808302808303,52.942612942612946,21.479853479853475,0,33.9,13.8,160.8,1450,hub_milagro_01
2026-02-18T02:22:26.718Z,83.41880341880342,53.01587301587302,21.479853479853475,0,34.4,13.7,163.3,1450,hub_milagro_01
2026-02-18T02:24:27.295Z,83.66300366300366,52.991452991452995,21.3040293040293,0,33.9,13.9,160.7,1450,hub_milagro_01
2026-02-18T02:26:26.913Z,83.98046398046398,52.96703296703297,21.3040293040293,0,33.6,13.8,161.3,1450,hub_milagro_01
2026-02-18T02:28:28.159Z,84.17582417582418,52.991452991452995,21.24542124542124,0,33.7,13.7,161.9,1450,hub_milagro_01
2026-02-18T02:30:32.963Z,84.46886446886447,52.96703296703297,21.157509157509153,0,33.7,13.8,161.2,1450,hub_milagro_01
2026-02-18T02:32:36.125Z,84.83516483516483,52.96703296703297,21.186813186813183,0,33.8,13.9,160.8,1450,hub_milagro_01
2026-02-18T02:34:35.207Z,85.03052503052503,53.01587301587302,21.128205128205124,0,34.0,13.8,160.6,1450,hub_milagro_01
2026-02-18T02:36:39.588Z,85.34798534798534,52.991452991452995,21.098901098901095,0,33.6,13.8,163.4,1450,hub_milagro_01
2026-02-18T02:38:42.483Z,85.27472527472527,52.942612942612946,21.040293040293037,0,33.0,13.7,161.3,1450,hub_milagro_01
2026-02-18T02:40:46.391Z,85.12820512820512,52.942612942612946,20.92307692307692,0,33.4,13.8,162.9,1450,hub_milagro_01
2026-02-18T02:42:51.973Z,85.15262515262515,52.96703296703297,20.89377289377289,0,33.2,13.8,160.1,1450,hub_milagro_01
2026-02-18T02:44:50.541Z,84.98168498168498,52.942612942612946,20.776556776556774,0,34.1,13.9,160.2,1450,hub_milagro_01
2026-02-18T02:46:54.035Z,84.9084249084249,53.01587301587302,20.717948717948715,0,33.9,14.0,161.7,1450,hub_milagro_01
2026-02-18T02:48:54.592Z,84.85958485958486,52.91819291819292,20.659340659340657,0,33.2,13.8,160.3,1450,hub_milagro_01
2026-02-18T02:50:57.677Z,84.68864468864469,52.91819291819292,20.630036630036628,0,32.9,13.9,161.2,1450,hub_milagro_01
2026-02-18T02:52:58.380Z,84.63980463980464,52.991452991452995,20.483516483516482,0,33.2,13.9,162.8,1450,hub_milagro_01
2026-02-18T02:54:59.126Z,84.51770451770452,52.96703296703297,20.483516483516482,0,33.5,13.6,160.4,1450,hub_milagro_01
2026-02-18T02:57:01.336Z,84.51770451770452,52.86935286935287,20.395604395604394,0,33.8,13.8,162.5,1450,hub_milagro_01
2026-02-18T02:59:02.346Z,84.37118437118437,52.942612942612946,20.278388278388277,0,33.3,14.0,160.5,1450,hub_milagro_01
2026-02-18T03:01:07.117Z,84.22466422466422,52.86935286935287,20.21978021978022,0,33.0,13.7,162.7,1450,hub_milagro_01
2026-02-18T03:03:10.251Z,84.2002442002442,52.91819291819292,20.13186813186813,0,33.6,13.8,160.4,1450,hub_milagro_01
2026-02-18T03:05:13.083Z,84.1025641025641,52.96703296703297,20.073260073260073,0,33.4,14.2,164.6,1450,hub_milagro_01
2026-02-18T03:07:15.440Z,84.004884004884,52.8937728937729,20.043956043956044,0,32.5,14.1,161.1,1450,hub_milagro_01
2026-02-18T03:09:19.302Z,83.90720390720391,52.86935286935287,20.043956043956044,0,33.3,13.9,160.0,1450,hub_milagro_01
2026-02-18T03:11:20.121Z,83.78510378510379,52.84493284493285,19.926739926739927,0,32.7,14.1,162.3,1450,hub_milagro_01
2026-02-18T03:13:20.826Z,83.68742368742369,52.96703296703297,19.80952380952381,0,32.2,14.0,163.7,1450,hub_milagro_01
2026-02-18T03:15:24.052Z,83.58974358974359,52.96703296703297,19.750915750915752,0,32.9,14.2,162.1,1450,hub_milagro_01
2026-02-18T03:17:25.692Z,83.51648351648352,52.8937728937729,19.721611721611723,0,32.7,14.1,161.8,1450,hub_milagro_01
2026-02-18T03:19:29.989Z,83.36996336996337,52.86935286935287,19.604395604395606,0,32.6,14.0,162.1,1450,hub_milagro_01
2026-02-18T03:21:30.737Z,83.2967032967033,52.8937728937729,19.575091575091577,0,33.4,13.8,160.3,1450,hub_milagro_01
2026-02-18T03:23:31.669Z,83.17460317460318,52.8937728937729,19.545787545787547,0,32.6,13.9,162.4,1450,hub_milagro_01
2026-02-18T03:25:33.149Z,83.02808302808303,52.8937728937729,19.42857142857143,0,32.8,13.8,161.0,1450,hub_milagro_01
2026-02-18T03:27:34.102Z,83.02808302808303,52.942612942612946,19.45787545787546,0,33.1,13.9,160.6,1450,hub_milagro_01
2026-02-18T03:29:38.643Z,82.83272283272284,52.8937728937729,19.369963369963372,0,33.0,13.9,162.6,1450,hub_milagro_01
2026-02-18T03:31:43.705Z,82.75946275946275,52.942612942612946,19.223443223443226,0,32.9,13.9,161.5,1450,hub_milagro_01
2026-02-18T03:33:42.909Z,82.68620268620268,52.820512820512825,19.252747252747255,0,32.5,14.0,161.1,1450,hub_milagro_01
2026-02-18T03:35:43.354Z,82.58852258852258,52.820512820512825,19.164835164835168,0,32.7,13.6,163.8,1450,hub_milagro_01
2026-02-18T03:37:44.766Z,82.46642246642246,52.820512820512825,19.07692307692308,0,33.0,13.8,162.9,1450,hub_milagro_01
2026-02-18T03:39:45.782Z,82.53968253968253,52.91819291819292,19.018315018315015,0,32.6,13.6,163.2,1450,hub_milagro_01
2026-02-18T03:41:49.656Z,82.5152625152625,52.8937728937729,18.959706959706956,0,32.9,13.5,164.5,1450,hub_milagro_01
2026-02-18T03:43:49.354Z,82.53968253968253,52.86935286935287,18.84249084249084,0,32.4,13.5,164.1,1450,hub_milagro_01
2026-02-18T03:45:50.475Z,82.6129426129426,52.8937728937729,18.81318681318681,0,32.5,13.6,164.8,1450,hub_milagro_01
2026-02-18T03:47:50.494Z,82.63736263736263,52.91819291819292,18.725274725274723,0,31.8,13.4,161.8,1450,hub_milagro_01
2026-02-18T03:49:50.642Z,82.63736263736263,52.91819291819292,18.754578754578752,0,32.7,7.8,164.0,1450,hub_milagro_01
2026-02-18T03:51:52.490Z,82.56410256410255,52.86935286935287,18.637362637362635,0,32.4,13.6,163.9,1450,hub_milagro_01
2026-02-18T03:53:55.259Z,82.6129426129426,52.8937728937729,18.637362637362635,0,31.8,13.3,164.8,1450,hub_milagro_01
2026-02-18T03:55:55.980Z,82.63736263736263,52.86935286935287,18.46153846153846,0,32.0,13.5,163.1,1450,hub_milagro_01
2026-02-18T03:57:59.641Z,82.73504273504273,52.942612942612946,18.49084249084249,0,32.0,13.4,164.6,1450,hub_milagro_01
2026-02-18T04:00:00.937Z,82.68620268620268,52.8937728937729,18.43223443223443,0,32.4,13.4,164.7,1450,hub_milagro_01
2026-02-18T04:01:59.660Z,82.66178266178265,52.84493284493285,18.49084249084249,0,32.2,13.4,164.2,1450,hub_milagro_01
2026-02-18T04:03:59.634Z,82.78388278388277,52.8937728937729,18.578754578754577,0,32.3,13.4,163.9,1450,hub_milagro_01
2026-02-18T04:06:00.348Z,82.78388278388277,52.86935286935287,18.578754578754577,0,31.7,13.3,161.8,1450,hub_milagro_01
2026-02-18T04:08:04.448Z,82.83272283272284,52.942612942612946,18.695970695970693,0,32.8,13.3,163.4,1450,hub_milagro_01
2026-02-18T04:10:05.393Z,82.83272283272284,52.86935286935287,18.666666666666664,0,32.6,13.5,163.4,1450,hub_milagro_01
2026-02-18T04:12:04.362Z,82.78388278388277,52.96703296703297,18.725274725274723,0,31.8,13.3,162.0,1450,hub_milagro_01
2026-02-18T04:14:05.774Z,82.88156288156289,52.96703296703297,18.84249084249084,0,32.8,13.1,164.2,1450,hub_milagro_01
2026-02-18T04:16:06.108Z,82.85714285714286,52.86935286935287,18.959706959706956,0,32.0,13.1,163.5,1450,hub_milagro_01
2026-02-18T04:18:05.726Z,82.88156288156289,52.84493284493285,18.989010989010985,0,31.9,13.2,163.8,1450,hub_milagro_01
2026-02-18T04:20:06.601Z,82.88156288156289,52.86935286935287,19.047619047619044,0,31.9,13.0,164.6,1450,hub_milagro_01
2026-02-18T04:22:05.758Z,82.83272283272284,52.942612942612946,19.10622710622711,0,31.8,13.0,164.6,1450,hub_milagro_01
2026-02-18T04:24:06.723Z,82.85714285714286,52.91819291819292,19.07692307692308,0,31.8,12.9,162.8,1450,hub_milagro_01
2026-02-18T04:26:09.462Z,82.88156288156289,52.942612942612946,19.13553113553114,0,31.9,12.9,164.6,1450,hub_milagro_01
2026-02-18T04:28:12.668Z,82.85714285714286,52.8937728937729,19.13553113553114,0,30.9,13.0,163.8,1450,hub_milagro_01
2026-02-18T04:30:16.832Z,82.95482295482296,52.91819291819292,19.311355311355314,0,32.3,13.0,167.1,1450,hub_milagro_01
2026-02-18T04:32:20.551Z,82.90598290598291,52.84493284493285,19.252747252747255,0,31.2,12.8,165.5,1450,hub_milagro_01
2026-02-18T04:34:20.794Z,82.90598290598291,52.942612942612946,19.369963369963372,0,32.1,12.8,165.6,1450,hub_milagro_01
2026-02-18T04:36:24.859Z,82.90598290598291,52.84493284493285,19.3992673992674,0,31.4,12.7,163.7,1450,hub_milagro_01
2026-02-18T04:38:23.015Z,82.93040293040293,52.84493284493285,19.48717948717949,0,32.2,12.7,164.3,1450,hub_milagro_01
2026-02-18T04:40:23.120Z,83.07692307692308,52.84493284493285,19.516483516483518,0,31.3,12.7,165.9,1450,hub_milagro_01
2026-02-18T04:42:27.858Z,83.15018315018315,52.8937728937729,19.545787545787547,0,30.9,12.6,163.6,1450,hub_milagro_01
2026-02-18T04:44:26.278Z,83.36996336996337,52.820512820512825,19.604395604395606,0,31.4,12.6,163.4,1450,hub_milagro_01
2026-02-18T04:46:28.152Z,83.44322344322345,52.86935286935287,19.633699633699635,0,30.9,12.7,166.6,1450,hub_milagro_01
2026-02-18T04:48:32.049Z,83.54090354090354,52.91819291819292,19.663003663003664,0,31.6,12.7,166.2,1450,hub_milagro_01
2026-02-18T04:50:35.515Z,83.68742368742369,52.91819291819292,19.80952380952381,0,31.1,12.6,166.3,1450,hub_milagro_01
2026-02-18T04:52:39.064Z,83.73626373626374,52.942612942612946,19.86813186813187,0,31.0,12.6,168.1,1450,hub_milagro_01
2026-02-18T04:54:41.897Z,83.85836385836386,52.8937728937729,19.86813186813187,0,31.0,12.7,164.7,1450,hub_milagro_01
2026-02-18T04:56:40.092Z,83.98046398046398,52.86935286935287,19.985347985347985,0,31.5,12.4,164.4,1450,hub_milagro_01
2026-02-18T04:58:42.918Z,84.1025641025641,52.84493284493285,19.985347985347985,0,31.5,12.7,167.0,1450,hub_milagro_01
2026-02-18T05:00:43.832Z,84.2002442002442,52.86935286935287,20.014652014652015,0,31.4,12.6,167.5,1450,hub_milagro_01
2026-02-18T05:02:47.325Z,84.37118437118437,52.84493284493285,20.014652014652015,0,31.2,12.5,166.7,1450,hub_milagro_01
2026-02-18T05:04:52.504Z,84.51770451770452,52.86935286935287,20.13186813186813,0,31.4,12.4,165.4,1450,hub_milagro_01
2026-02-18T05:06:54.637Z,84.59096459096459,52.820512820512825,20.16117216117216,0,31.1,12.3,165.1,1450,hub_milagro_01
2026-02-18T05:08:55.655Z,84.66422466422466,52.820512820512825,20.21978021978022,0,31.6,12.3,168.1,1450,hub_milagro_01
2026-02-18T05:10:56.557Z,84.76190476190476,52.820512820512825,20.336996336996336,0,31.3,12.4,167.5,1450,hub_milagro_01
2026-02-18T05:12:59.664Z,84.9084249084249,52.86935286935287,20.307692307692307,0,30.6,12.5,167.9,1450,hub_milagro_01
2026-02-18T05:15:02.742Z,84.98168498168498,52.86935286935287,20.336996336996336,0,31.2,12.2,168.0,1450,hub_milagro_01
2026-02-18T05:17:01.025Z,85.15262515262515,52.8937728937729,20.51282051282051,0,30.7,12.3,167.2,1450,hub_milagro_01
2026-02-18T05:19:05.458Z,85.2014652014652,52.86935286935287,20.54212454212454,0,30.4,12.3,166.4,1450,hub_milagro_01
2026-02-18T05:21:07.226Z,85.32356532356532,52.8937728937729,20.395604395604394,0,30.9,12.1,165.1,1450,hub_milagro_01
2026-02-18T05:23:11.758Z,85.47008547008546,52.84493284493285,20.454212454212453,0,30.9,12.0,166.0,1450,hub_milagro_01
2026-02-18T05:25:16.880Z,85.61660561660561,52.84493284493285,20.278388278388277,0,29.3,12.1,167.4,1450,hub_milagro_01
2026-02-18T05:27:18.150Z,85.64102564102564,52.86935286935287,20.278388278388277,0,31.1,12.0,168.1,1450,hub_milagro_01
2026-02-18T05:29:20.861Z,85.78754578754578,52.7960927960928,20.21978021978022,0,31.1,11.9,165.1,1450,hub_milagro_01
2026-02-18T05:31:24.711Z,85.88522588522588,52.7960927960928,20.073260073260073,0,32.1,12.0,168.3,1450,hub_milagro_01
2026-02-18T05:33:26.267Z,86.03174603174604,52.84493284493285,20.073260073260073,0,31.7,11.8,167.5,1450,hub_milagro_01
2026-02-18T05:35:28.113Z,86.10500610500611,52.820512820512825,20.014652014652015,0,31.8,12.0,167.2,1450,hub_milagro_01
2026-02-18T05:37:27.089Z,86.20268620268621,52.86935286935287,19.956043956043956,0,31.8,4.0,167.6,1450,hub_milagro_01
2026-02-18T05:39:26.963Z,86.3003663003663,52.84493284493285,19.897435897435898,0,31.9,11.9,168.8,1450,hub_milagro_01
2026-02-18T05:41:27.403Z,86.3003663003663,52.8937728937729,19.78021978021978,0,31.7,12.1,167.6,1450,hub_milagro_01
2026-02-18T05:43:28.698Z,86.12942612942614,52.84493284493285,19.78021978021978,0,31.5,11.7,168.1,1450,hub_milagro_01
2026-02-18T05:45:33.747Z,86.05616605616606,52.84493284493285,19.721611721611723,0,32.2,11.8,167.1,1450,hub_milagro_01
2026-02-18T05:47:32.443Z,86.08058608058609,52.7960927960928,19.633699633699635,0,32.7,11.7,166.9,1450,hub_milagro_01
2026-02-18T05:49:33.131Z,85.98290598290599,52.84493284493285,19.633699633699635,0,32.6,11.6,167.0,1450,hub_milagro_01
2026-02-18T05:51:33.703Z,85.88522588522588,52.86935286935287,19.48717948717949,0,32.4,11.6,170.2,1450,hub_milagro_01
2026-02-18T05:53:37.798Z,85.83638583638583,52.84493284493285,19.545787545787547,0,32.5,11.5,167.5,1450,hub_milagro_01
2026-02-18T05:55:40.792Z,85.76312576312576,52.771672771672776,19.369963369963372,0,32.5,11.6,168.5,1450,hub_milagro_01
2026-02-18T05:57:44.852Z,85.59218559218559,52.86935286935287,19.42857142857143,0,33.0,11.6,168.4,1450,hub_milagro_01
2026-02-18T05:59:46.843Z,85.54334554334554,52.84493284493285,19.340659340659343,0,33.7,11.6,167.5,1450,hub_milagro_01
2026-02-18T06:01:45.306Z,85.49450549450549,52.820512820512825,19.311355311355314,0,33.0,11.6,168.8,1450,hub_milagro_01
2026-02-18T06:03:50.362Z,85.47008547008546,52.820512820512825,19.164835164835168,0,33.5,11.6,169.5,1450,hub_milagro_01
2026-02-18T06:05:52.311Z,85.32356532356532,52.7960927960928,19.13553113553114,0,33.5,11.6,165.6,1450,hub_milagro_01
2026-02-18T06:07:51.029Z,85.25030525030525,52.820512820512825,19.10622710622711,0,33.0,11.5,166.9,1450,hub_milagro_01
2026-02-18T06:09:51.903Z,85.2014652014652,52.7960927960928,18.989010989010985,0,33.3,5.4,170.1,1450,hub_milagro_01
2026-02-18T06:11:50.454Z,85.1037851037851,52.84493284493285,18.959706959706956,0,33.1,11.3,168.3,1450,hub_milagro_01
2026-02-18T06:13:51.856Z,85.05494505494505,52.7960927960928,18.989010989010985,0,33.1,11.5,167.7,1450,hub_milagro_01
2026-02-18T06:15:56.166Z,84.95726495726495,52.771672771672776,18.87179487179487,0,33.7,11.2,168.0,1450,hub_milagro_01
2026-02-18T06:17:57.192Z,84.81074481074481,52.84493284493285,18.84249084249084,0,33.5,11.4,166.6,1450,hub_milagro_01
2026-02-18T06:19:58.678Z,84.73748473748473,52.771672771672776,18.754578754578752,0,33.9,11.3,168.5,1450,hub_milagro_01
2026-02-18T06:22:00.396Z,84.73748473748473,52.74725274725275,18.754578754578752,0,34.0,11.3,168.5,1450,hub_milagro_01
2026-02-18T06:24:00.974Z,84.66422466422466,52.771672771672776,18.608058608058606,0,33.9,11.1,167.3,1450,hub_milagro_01
2026-02-18T06:25:59.037Z,84.54212454212454,52.771672771672776,18.608058608058606,0,34.7,11.1,170.6,1450,hub_milagro_01
2026-02-18T06:28:00.153Z,84.49328449328449,52.84493284493285,18.49084249084249,0,34.3,11.3,169.1,1450,hub_milagro_01
2026-02-18T06:30:01.616Z,84.2979242979243,52.84493284493285,18.43223443223443,0,34.3,11.2,170.3,1450,hub_milagro_01
2026-02-18T06:32:02.272Z,84.27350427350427,52.771672771672776,18.49084249084249,0,35.1,11.1,171.2,1450,hub_milagro_01
2026-02-18T06:34:02.827Z,84.12698412698413,52.820512820512825,18.315018315018314,0,34.2,11.2,169.2,1450,hub_milagro_01
2026-02-18T06:36:05.361Z,84.12698412698413,52.771672771672776,18.315018315018314,0,34.6,11.0,169.5,1450,hub_milagro_01
2026-02-18T06:38:09.169Z,84.004884004884,52.74725274725275,18.256410256410255,0,35.4,11.1,170.0,1450,hub_milagro_01
2026-02-18T06:40:12.671Z,83.90720390720391,52.84493284493285,18.197802197802197,0,34.1,11.1,0.0,1450,hub_milagro_01
2026-02-18T06:42:16.050Z,84.37118437118437,52.74725274725275,18.227106227106226,0,34.2,11.1,170.4,1450,hub_milagro_01
2026-02-18T06:44:15.994Z,84.71306471306471,52.84493284493285,18.285714285714285,0,35.0,11.1,167.5,1450,hub_milagro_01
2026-02-18T06:46:14.343Z,85.12820512820512,52.820512820512825,18.285714285714285,0,34.6,10.9,167.2,1450,hub_milagro_01
2026-02-18T06:48:13.659Z,85.42124542124542,52.74725274725275,18.315018315018314,0,35.8,11.0,167.7,1450,hub_milagro_01
2026-02-18T06:50:13.468Z,85.86080586080585,52.84493284493285,18.4029304029304,0,34.8,11.0,168.1,1450,hub_milagro_01
2026-02-18T06:52:17.113Z,86.17826617826618,52.7960927960928,18.4029304029304,0,34.6,11.0,170.2,1450,hub_milagro_01
2026-02-18T06:54:18.954Z,86.5934065934066,52.7960927960928,18.373626373626372,0,35.8,11.2,170.3,1450,hub_milagro_01
2026-02-18T06:56:20.700Z,86.98412698412699,52.771672771672776,18.4029304029304,0,35.7,11.0,169.7,1450,hub_milagro_01
2026-02-18T06:58:22.586Z,87.37484737484738,52.74725274725275,18.4029304029304,0,35.7,11.1,171.7,1450,hub_milagro_01
2026-02-18T07:00:26.072Z,87.74114774114774,52.74725274725275,18.52014652014652,0,36.1,11.3,168.3,1450,hub_milagro_01
2026-02-18T07:02:25.926Z,88.13186813186813,52.771672771672776,18.46153846153846,0,35.5,11.1,170.0,1450,hub_milagro_01
2026-02-18T07:04:25.113Z,88.52258852258852,52.74725274725275,18.49084249084249,0,36.1,11.2,171.5,1450,hub_milagro_01
2026-02-18T07:06:25.466Z,88.93772893772893,52.74725274725275,18.578754578754577,0,36.2,11.1,169.1,1450,hub_milagro_01
2026-02-18T07:08:26.304Z,89.32844932844934,52.771672771672776,18.52014652014652,0,36.7,11.2,169.2,1450,hub_milagro_01
2026-02-18T07:10:30.083Z,89.71916971916973,52.74725274725275,18.666666666666664,0,35.6,11.3,169.5,1450,hub_milagro_01
2026-02-18T07:12:32.290Z,90.01221001221002,52.74725274725275,18.637362637362635,0,37.2,11.3,171.6,1450,hub_milagro_01
2026-02-18T07:14:35.470Z,90.42735042735043,52.7960927960928,18.725274725274723,0,36.0,11.2,168.7,1450,hub_milagro_01
2026-02-18T07:16:34.271Z,90.81807081807082,52.7960927960928,18.637362637362635,0,37.2,11.3,169.5,1450,hub_milagro_01
2026-02-18T07:18:36.373Z,91.18437118437119,52.7960927960928,18.725274725274723,0,36.6,11.3,168.2,1450,hub_milagro_01
2026-02-18T07:20:39.865Z,91.62393162393163,52.771672771672776,18.78388278388278,0,36.3,11.2,168.5,1450,hub_milagro_01
2026-02-18T07:22:42.935Z,91.96581196581197,52.820512820512825,18.84249084249084,0,36.8,11.1,168.8,1450,hub_milagro_01
2026-02-18T07:24:40.262Z,92.3076923076923,52.771672771672776,18.78388278388278,0,37.4,11.5,168.1,1450,hub_milagro_01
2026-02-18T07:26:44.943Z,92.72283272283272,52.820512820512825,18.81318681318681,0,37.3,11.3,168.5,1450,hub_milagro_01
2026-02-18T07:28:47.376Z,93.04029304029304,52.7960927960928,18.81318681318681,0,37.1,11.3,169.2,1450,hub_milagro_01
2026-02-18T07:30:47.348Z,93.45543345543345,52.820512820512825,18.930402930402927,0,37.2,11.4,168.1,1450,hub_milagro_01
2026-02-18T07:32:51.606Z,93.87057387057386,52.72283272283273,18.930402930402927,0,37.5,11.2,171.5,1450,hub_milagro_01
2026-02-18T07:34:53.241Z,94.2124542124542,52.7960927960928,18.989010989010985,0,37.7,11.4,169.1,1450,hub_milagro_01
2026-02-18T07:36:56.750Z,94.6031746031746,52.820512820512825,18.930402930402927,0,37.8,11.2,169.0,1450,hub_milagro_01
2026-02-18T07:38:55.601Z,94.94505494505493,52.7960927960928,19.018315018315015,0,37.4,11.4,169.2,1450,hub_milagro_01
2026-02-18T07:40:55.818Z,95.36019536019536,52.771672771672776,19.07692307692308,0,37.4,11.5,171.0,1450,hub_milagro_01
2026-02-18T07:42:59.821Z,94.92063492063491,52.72283272283273,19.13553113553114,0,38.3,11.6,167.1,1450,hub_milagro_01
2026-02-18T07:44:59.288Z,94.38339438339437,52.72283272283273,19.10622710622711,0,37.8,11.6,171.1,1450,hub_milagro_01
2026-02-18T07:47:00.144Z,94.04151404151403,52.771672771672776,19.13553113553114,0,38.4,11.3,168.6,1450,hub_milagro_01
2026-02-18T07:49:03.762Z,93.57753357753357,52.771672771672776,19.164835164835168,0,38.0,11.5,167.8,1450,hub_milagro_01
2026-02-18T07:51:06.511Z,93.08913308913309,52.72283272283273,19.164835164835168,0,38.3,11.2,168.5,1450,hub_milagro_01
2026-02-18T07:53:10.215Z,92.67399267399267,52.820512820512825,19.282051282051285,0,38.2,11.3,171.2,1450,hub_milagro_01
2026-02-18T07:55:09.539Z,92.28327228327228,52.74725274725275,19.340659340659343,0,38.4,11.7,169.7,1450,hub_milagro_01
2026-02-18T07:57:12.896Z,91.81929181929182,52.6984126984127,19.252747252747255,0,38.3,11.5,166.6,1450,hub_milagro_01
2026-02-18T07:59:14.441Z,91.35531135531136,52.6984126984127,19.3992673992674,0,38.5,11.5,168.0,1450,hub_milagro_01
2026-02-18T08:01:15.512Z,90.96459096459097,52.74725274725275,19.369963369963372,0,39.0,11.5,169.4,1450,hub_milagro_01
2026-02-18T08:03:18.310Z,90.54945054945055,52.7960927960928,19.42857142857143,0,38.9,11.6,166.1,1450,hub_milagro_01
2026-02-18T08:05:22.076Z,90.10989010989012,52.74725274725275,19.3992673992674,0,38.2,11.5,166.7,1450,hub_milagro_01
2026-02-18T08:07:23.904Z,89.6947496947497,52.771672771672776,19.42857142857143,0,38.4,11.6,166.0,1450,hub_milagro_01
2026-02-18T08:09:27.574Z,89.15750915750917,52.6984126984127,19.369963369963372,0,38.2,11.4,0.0,1450,hub_milagro_01
2026-02-18T08:11:30.032Z,88.76678876678876,52.7960927960928,19.369963369963372,0,38.3,11.4,166.7,1450,hub_milagro_01
2026-02-18T08:13:31.433Z,88.3028083028083,52.6984126984127,19.45787545787546,0,38.2,11.6,166.4,1450,hub_milagro_01
2026-02-18T08:15:33.206Z,87.91208791208791,52.771672771672776,19.45787545787546,0,38.3,11.5,165.7,1450,hub_milagro_01
2026-02-18T08:17:36.329Z,87.44810744810745,52.74725274725275,19.516483516483518,0,38.8,11.6,166.5,1450,hub_milagro_01
2026-02-18T08:19:40.664Z,87.03296703296704,52.6984126984127,19.45787545787546,0,38.9,11.5,166.1,1450,hub_milagro_01
2026-02-18T08:21:43.249Z,86.5934065934066,52.6984126984127,19.42857142857143,0,37.7,11.7,166.6,1450,hub_milagro_01
2026-02-18T08:23:42.224Z,86.12942612942614,52.72283272283273,19.516483516483518,0,38.6,11.5,165.1,1450,hub_milagro_01
2026-02-18T08:25:46.681Z,85.71428571428571,52.6984126984127,19.575091575091577,0,38.2,11.7,165.0,1450,hub_milagro_01
2026-02-18T08:27:44.943Z,85.2991452991453,52.771672771672776,19.48717948717949,0,38.1,11.7,165.2,1450,hub_milagro_01
2026-02-18T08:29:43.048Z,84.81074481074481,52.6984126984127,19.604395604395606,0,38.7,11.6,163.3,1450,hub_milagro_01
2026-02-18T08:31:47.510Z,84.37118437118437,52.74725274725275,19.575091575091577,0,37.8,11.7,164.2,1450,hub_milagro_01
2026-02-18T08:33:49.901Z,83.90720390720391,52.771672771672776,19.516483516483518,0,37.9,11.7,165.4,1450,hub_milagro_01
2026-02-18T08:35:49.257Z,83.46764346764347,52.74725274725275,19.545787545787547,0,38.1,11.7,165.0,1450,hub_milagro_01
2026-02-18T08:37:53.364Z,83.07692307692308,52.67399267399268,19.633699633699635,0,38.0,11.7,162.8,1450,hub_milagro_01
2026-02-18T08:39:53.056Z,82.63736263736263,52.771672771672776,19.633699633699635,0,38.1,11.7,163.8,1450,hub_milagro_01
2026-02-18T08:41:54.343Z,82.12454212454212,52.72283272283273,19.663003663003664,0,37.3,11.6,162.2,1450,hub_milagro_01
2026-02-18T08:43:56.720Z,82.12454212454212,52.6984126984127,19.692307692307693,0,38.6,11.8,163.4,1450,hub_milagro_01
2026-02-18T08:45:59.645Z,82.14896214896214,52.67399267399268,19.692307692307693,0,37.0,11.8,162.0,1450,hub_milagro_01
2026-02-18T08:48:01.029Z,82.17338217338217,52.72283272283273,19.663003663003664,0,37.7,11.7,160.2,1450,hub_milagro_01
2026-02-18T08:50:04.145Z,82.22222222222221,52.72283272283273,19.721611721611723,0,37.5,11.5,160.4,1450,hub_milagro_01
2026-02-18T08:52:08.678Z,82.24664224664224,52.72283272283273,19.721611721611723,0,37.1,11.9,159.6,1450,hub_milagro_01
2026-02-18T08:54:10.970Z,82.22222222222221,52.72283272283273,19.692307692307693,0,37.8,11.9,159.9,1450,hub_milagro_01
2026-02-18T08:56:09.083Z,82.29548229548229,52.67399267399268,19.750915750915752,0,37.1,11.8,161.8,1450,hub_milagro_01
2026-02-18T08:58:12.375Z,82.29548229548229,52.649572649572654,19.721611721611723,0,37.6,11.8,164.2,1450,hub_milagro_01
2026-02-18T09:00:12.270Z,82.36874236874236,52.72283272283273,19.721611721611723,0,37.6,11.8,161.1,1450,hub_milagro_01
2026-02-18T09:02:15.043Z,82.36874236874236,52.67399267399268,19.83882783882784,0,37.6,11.9,157.9,1450,hub_milagro_01
2026-02-18T09:04:19.580Z,82.36874236874236,52.649572649572654,19.78021978021978,0,37.4,11.9,158.6,1450,hub_milagro_01
2026-02-18T09:06:22.142Z,82.44200244200243,52.74725274725275,19.80952380952381,0,37.7,11.9,159.9,1450,hub_milagro_01
2026-02-18T09:08:25.466Z,82.39316239316238,52.62515262515263,19.897435897435898,0,36.9,11.8,157.8,1450,hub_milagro_01
2026-02-18T09:10:25.620Z,82.36874236874236,52.62515262515263,19.926739926739927,0,37.0,11.9,158.3,1450,hub_milagro_01
2026-02-18T09:12:25.000Z,82.46642246642246,52.62515262515263,19.80952380952381,0,37.0,11.7,156.8,1450,hub_milagro_01
2026-02-18T09:14:29.736Z,82.41758241758241,52.62515262515263,19.956043956043956,0,37.1,11.7,158.1,1450,hub_milagro_01
2026-02-18T09:16:29.982Z,82.44200244200243,52.649572649572654,19.985347985347985,0,37.1,12.1,157.3,1450,hub_milagro_01
2026-02-18T09:18:31.671Z,82.46642246642246,52.62515262515263,19.897435897435898,0,37.7,12.1,157.8,1450,hub_milagro_01
2026-02-18T09:20:34.606Z,82.53968253968253,52.649572649572654,19.897435897435898,0,36.8,11.9,156.4,1450,hub_milagro_01
2026-02-18T09:22:34.440Z,82.49084249084248,52.62515262515263,20.014652014652015,0,36.7,12.0,158.8,1450,hub_milagro_01
2026-02-18T09:24:34.946Z,82.49084249084248,52.67399267399268,19.926739926739927,0,36.3,12.0,157.8,1450,hub_milagro_01
2026-02-18T09:26:35.930Z,82.58852258852258,52.67399267399268,19.78021978021978,0,36.6,12.0,155.3,1450,hub_milagro_01
2026-02-18T09:28:36.181Z,82.58852258852258,52.72283272283273,19.692307692307693,0,36.8,11.9,156.8,1450,hub_milagro_01
2026-02-18T09:30:38.511Z,82.56410256410255,52.72283272283273,19.633699633699635,0,36.8,12.0,155.2,1450,hub_milagro_01
2026-02-18T09:32:39.547Z,82.58852258852258,52.6984126984127,19.545787545787547,0,36.6,11.9,156.9,1450,hub_milagro_01
2026-02-18T09:34:38.478Z,82.63736263736263,52.649572649572654,19.516483516483518,0,36.5,12.1,156.7,1450,hub_milagro_01
2026-02-18T09:36:37.154Z,82.6129426129426,52.72283272283273,19.516483516483518,0,36.4,12.0,154.9,1450,hub_milagro_01
2026-02-18T09:38:42.488Z,82.63736263736263,52.67399267399268,19.311355311355314,0,37.1,12.2,152.5,1450,hub_milagro_01
2026-02-18T09:40:46.536Z,82.6129426129426,52.6984126984127,19.223443223443226,0,36.7,12.2,156.0,1450,hub_milagro_01
2026-02-18T09:42:48.939Z,82.68620268620268,52.649572649572654,19.252747252747255,0,36.9,12.3,155.8,1450,hub_milagro_01
2026-02-18T09:44:50.171Z,82.75946275946275,52.62515262515263,19.13553113553114,0,35.7,12.0,150.8,1450,hub_milagro_01
2026-02-18T09:46:49.913Z,82.7106227106227,52.6984126984127,19.047619047619044,0,36.3,12.3,153.3,1450,hub_milagro_01
2026-02-18T09:48:52.399Z,82.75946275946275,52.62515262515263,19.047619047619044,0,36.3,12.1,157.4,1450,hub_milagro_01
2026-02-18T09:50:53.437Z,82.8083028083028,52.649572649572654,18.901098901098898,0,36.3,12.2,154.3,1450,hub_milagro_01
2026-02-18T09:52:57.421Z,82.83272283272284,52.62515262515263,18.87179487179487,0,36.2,12.1,152.9,1450,hub_milagro_01
2026-02-18T09:54:59.577Z,82.90598290598291,52.600732600732606,18.78388278388278,0,36.2,12.0,152.7,1450,hub_milagro_01
2026-02-18T09:56:58.904Z,82.93040293040293,52.649572649572654,18.637362637362635,0,35.8,12.1,151.5,1450,hub_milagro_01
2026-02-18T09:59:02.362Z,83.05250305250306,52.649572649572654,18.637362637362635,0,36.3,12.1,155.0,1450,hub_milagro_01
2026-02-18T10:01:03.555Z,83.1013431013431,52.62515262515263,18.608058608058606,0,35.9,12.1,153.3,1450,hub_milagro_01
2026-02-18T10:03:05.008Z,83.05250305250306,52.600732600732606,18.549450549450547,0,36.9,12.3,152.5,1450,hub_milagro_01
2026-02-18T10:05:06.355Z,83.17460317460318,52.67399267399268,18.373626373626372,0,36.4,12.2,152.0,1450,hub_milagro_01
2026-02-18T10:07:09.292Z,83.15018315018315,52.6984126984127,18.344322344322343,0,36.5,12.1,152.5,1450,hub_milagro_01
2026-02-18T10:09:08.116Z,83.27228327228327,52.67399267399268,18.344322344322343,0,35.6,12.0,154.0,1450,hub_milagro_01
2026-02-18T10:11:07.325Z,83.24786324786325,52.62515262515263,18.13919413919414,0,36.0,12.2,154.2,1450,hub_milagro_01
2026-02-18T10:13:05.904Z,83.34554334554335,52.62515262515263,18.13919413919414,0,35.8,12.1,154.0,1450,hub_milagro_01
2026-02-18T10:15:06.272Z,83.36996336996337,52.600732600732606,18.021978021978022,0,36.0,12.0,155.8,1450,hub_milagro_01
2026-02-18T10:17:10.380Z,83.41880341880342,52.67399267399268,17.992673992673993,0,36.9,12.2,153.6,1450,hub_milagro_01
2026-02-18T10:19:15.457Z,83.41880341880342,52.67399267399268,17.904761904761905,0,0.0,12.2,155.4,1450,hub_milagro_01
2026-02-18T10:21:18.912Z,83.51648351648352,52.67399267399268,17.78754578754579,0,36.0,5.1,153.4,1450,hub_milagro_01
2026-02-18T10:23:21.496Z,83.54090354090354,52.62515262515263,17.816849816849818,0,36.9,12.1,156.5,1450,hub_milagro_01
2026-02-18T10:25:25.390Z,83.58974358974359,52.649572649572654,17.78754578754579,0,35.3,12.3,157.1,1450,hub_milagro_01
2026-02-18T10:27:29.210Z,83.66300366300366,52.62515262515263,17.582417582417584,0,36.1,12.4,155.2,1450,hub_milagro_01
2026-02-18T10:29:29.185Z,83.61416361416362,52.67399267399268,17.641025641025642,0,36.3,12.4,154.5,1450,hub_milagro_01
2026-02-18T10:31:30.518Z,83.71184371184371,52.6984126984127,17.523809523809526,0,36.2,12.2,155.6,1450,hub_milagro_01
2026-02-18T10:33:31.856Z,83.73626373626374,52.649572649572654,17.37728937728938,0,35.6,12.3,157.3,1450,hub_milagro_01
2026-02-18T10:35:34.165Z,83.80952380952381,52.62515262515263,17.31868131868132,0,36.0,12.1,155.0,1450,hub_milagro_01
2026-02-18T10:37:34.523Z,83.80952380952381,52.649572649572654,17.260073260073263,0,35.9,12.3,157.5,1450,hub_milagro_01
2026-02-18T10:39:36.165Z,83.90720390720391,52.62515262515263,17.260073260073263,0,35.0,12.4,156.9,1450,hub_milagro_01
2026-02-18T10:41:41.545Z,83.95604395604396,52.67399267399268,17.201465201465204,0,35.1,12.3,158.0,1450,hub_milagro_01
2026-02-18T10:43:41.663Z,84.004884004884,52.6984126984127,17.14285714285714,0,34.4,12.3,157.4,1450,hub_milagro_01
2026-02-18T10:45:44.233Z,83.95604395604396,52.67399267399268,17.260073260073263,0,35.7,12.3,158.6,1450,hub_milagro_01
2026-02-18T10:47:47.696Z,83.88278388278388,52.649572649572654,17.289377289377292,0,35.8,12.4,158.0,1450,hub_milagro_01
2026-02-18T10:49:47.048Z,83.93162393162393,52.67399267399268,17.37728937728938,0,35.5,12.1,158.3,1450,hub_milagro_01
2026-02-18T10:51:50.569Z,83.85836385836386,52.57631257631258,17.523809523809526,0,35.2,12.2,160.2,1450,hub_milagro_01
2026-02-18T10:53:51.935Z,83.85836385836386,52.6984126984127,17.553113553113555,0,36.1,12.1,159.3,1450,hub_milagro_01
2026-02-18T10:55:56.026Z,83.83394383394383,52.649572649572654,17.582417582417584,0,35.4,12.2,158.7,1450,hub_milagro_01
2026-02-18T10:57:59.978Z,83.80952380952381,52.600732600732606,17.72893772893773,0,35.7,12.3,158.8,1450,hub_milagro_01
2026-02-18T10:59:57.034Z,83.71184371184371,52.600732600732606,17.846153846153847,0,34.6,12.2,158.2,1450,hub_milagro_01
2026-02-18T11:01:59.689Z,83.71184371184371,52.649572649572654,17.904761904761905,0,35.8,12.3,158.6,1450,hub_milagro_01
2026-02-18T11:04:00.690Z,83.68742368742369,52.649572649572654,18.05128205128205,0,35.8,12.3,161.4,1450,hub_milagro_01
2026-02-18T11:06:01.249Z,83.58974358974359,52.62515262515263,18.05128205128205,0,35.0,12.2,161.7,1450,hub_milagro_01
2026-02-18T11:08:03.796Z,83.61416361416362,52.600732600732606,18.168498168498168,0,35.5,12.0,161.7,1450,hub_milagro_01
2026-02-18T11:10:04.761Z,83.58974358974359,52.6984126984127,18.256410256410255,0,35.9,12.3,162.1,1450,hub_milagro_01
2026-02-18T11:12:03.047Z,83.4920634920635,52.600732600732606,18.46153846153846,0,35.4,12.3,161.5,1450,hub_milagro_01
2026-02-18T11:14:03.851Z,83.54090354090354,52.6984126984127,18.49084249084249,0,35.3,12.4,164.6,1450,hub_milagro_01
2026-02-18T11:16:06.932Z,83.44322344322345,52.57631257631258,18.52014652014652,0,35.5,12.2,161.6,1450,hub_milagro_01
2026-02-18T11:18:08.684Z,83.3943833943834,52.57631257631258,18.695970695970693,0,35.5,12.4,163.1,1450,hub_milagro_01
2026-02-18T11:20:12.231Z,83.36996336996337,52.649572649572654,18.754578754578752,0,35.1,12.0,165.3,1450,hub_milagro_01
2026-02-18T11:22:13.446Z,83.32112332112332,52.649572649572654,18.84249084249084,0,35.3,12.1,164.2,1450,hub_milagro_01
2026-02-18T11:24:15.292Z,83.2967032967033,52.62515262515263,18.989010989010985,0,35.5,4.0,163.9,1450,hub_milagro_01
2026-02-18T11:26:19.641Z,83.27228327228327,52.649572649572654,18.989010989010985,0,35.2,12.2,164.0,1450,hub_milagro_01
2026-02-18T11:28:24.511Z,83.2967032967033,52.55189255189256,19.194139194139197,0,35.0,12.3,165.1,1450,hub_milagro_01
2026-02-18T11:30:26.594Z,83.1990231990232,52.600732600732606,19.252747252747255,0,35.9,12.2,161.9,1450,hub_milagro_01
2026-02-18T11:32:25.141Z,83.17460317460318,52.62515262515263,19.311355311355314,0,35.5,4.0,165.8,1450,hub_milagro_01
2026-02-18T11:34:25.461Z,83.12576312576313,52.57631257631258,19.369963369963372,0,35.0,12.3,165.9,1450,hub_milagro_01
2026-02-18T11:36:25.970Z,83.12576312576313,52.649572649572654,19.45787545787546,0,36.2,12.3,164.8,1450,hub_milagro_01
2026-02-18T11:38:26.387Z,83.07692307692308,52.57631257631258,19.575091575091577,0,35.9,12.4,163.7,1450,hub_milagro_01
2026-02-18T11:40:27.542Z,83.02808302808303,52.62515262515263,19.750915750915752,0,34.9,12.3,165.4,1450,hub_milagro_01
2026-02-18T11:42:28.771Z,83.00366300366301,52.62515262515263,19.80952380952381,0,35.9,12.3,165.9,1450,hub_milagro_01
2026-02-18T11:44:31.885Z,83.00366300366301,52.62515262515263,19.83882783882784,0,36.4,12.3,165.9,1450,hub_milagro_01
2026-02-18T11:46:36.790Z,82.90598290598291,52.600732600732606,19.926739926739927,0,35.7,12.0,166.9,1450,hub_milagro_01
2026-02-18T11:48:38.033Z,82.88156288156289,52.55189255189256,20.014652014652015,0,35.5,12.3,166.9,1450,hub_milagro_01
2026-02-18T11:50:37.872Z,82.85714285714286,52.55189255189256,20.13186813186813,0,35.2,12.4,169.6,1450,hub_milagro_01
2026-02-18T11:52:39.648Z,82.78388278388277,52.62515262515263,20.307692307692307,0,36.7,12.2,166.5,1450,hub_milagro_01
2026-02-18T11:54:39.974Z,82.66178266178265,52.600732600732606,20.395604395604394,0,36.4,12.2,168.2,1450,hub_milagro_01
2026-02-18T11:56:41.377Z,82.6129426129426,52.52747252747253,20.51282051282051,0,35.3,12.4,169.9,1450,hub_milagro_01
2026-02-18T11:58:45.236Z,82.56410256410255,52.52747252747253,20.57142857142857,0,36.0,12.2,168.8,1450,hub_milagro_01
2026-02-18T12:00:44.607Z,82.49084249084248,52.52747252747253,20.630036630036628,0,35.3,12.1,169.3,1450,hub_milagro_01
2026-02-18T12:02:44.384Z,82.39316239316238,52.52747252747253,20.717948717948715,0,36.3,12.3,167.3,1450,hub_milagro_01
2026-02-18T12:04:48.889Z,82.34432234432234,52.52747252747253,20.805860805860803,0,35.8,12.2,171.5,1450,hub_milagro_01
2026-02-18T12:06:49.862Z,82.24664224664224,52.57631257631258,20.835164835164832,0,0.0,12.2,170.2,1450,hub_milagro_01
2026-02-18T12:08:50.219Z,82.19780219780219,52.600732600732606,20.776556776556774,0,35.8,12.2,168.7,1450,hub_milagro_01
2026-02-18T12:10:53.400Z,82.12454212454212,52.62515262515263,20.835164835164832,0,36.1,12.4,170.9,1450,hub_milagro_01
2026-02-18T12:12:53.605Z,82.07570207570207,52.600732600732606,20.89377289377289,0,36.0,12.3,168.2,1450,hub_milagro_01
2026-02-18T12:14:54.869Z,82.002442002442,52.57631257631258,20.747252747252745,0,36.6,12.1,171.2,1450,hub_milagro_01
2026-02-18T12:16:57.448Z,81.95360195360195,52.50305250305251,20.776556776556774,0,36.6,12.2,169.6,1450,hub_milagro_01
2026-02-18T12:18:58.274Z,81.88034188034187,52.52747252747253,20.805860805860803,0,35.3,12.3,171.2,1450,hub_milagro_01
2026-02-18T12:20:59.000Z,81.85592185592185,52.55189255189256,20.805860805860803,0,36.6,12.4,170.2,1450,hub_milagro_01
2026-02-18T12:22:58.597Z,81.78266178266178,52.57631257631258,20.805860805860803,0,36.1,12.4,174.3,1450,hub_milagro_01
2026-02-18T12:25:03.127Z,81.73382173382173,52.600732600732606,20.805860805860803,0,36.1,12.3,171.2,1450,hub_milagro_01
2026-02-18T12:27:03.444Z,81.66056166056165,52.57631257631258,20.835164835164832,0,35.4,12.4,172.1,1450,hub_milagro_01
2026-02-18T12:29:03.827Z,81.56288156288156,52.55189255189256,20.805860805860803,0,36.2,12.3,170.3,1450,hub_milagro_01
2026-02-18T12:31:02.582Z,81.46520146520146,52.600732600732606,20.835164835164832,0,35.8,12.4,169.1,1450,hub_milagro_01
2026-02-18T12:33:05.682Z,81.44078144078144,52.50305250305251,20.776556776556774,0,36.1,12.2,172.9,1450,hub_milagro_01
2026-02-18T12:35:05.266Z,81.41636141636141,52.50305250305251,20.717948717948715,0,35.7,12.3,171.4,1450,hub_milagro_01
2026-02-18T12:37:09.366Z,81.24542124542124,52.52747252747253,20.717948717948715,0,36.0,12.2,170.8,1450,hub_milagro_01
2026-02-18T12:39:12.463Z,81.24542124542124,52.55189255189256,20.717948717948715,0,35.9,12.4,171.1,1450,hub_milagro_01
2026-02-18T12:41:13.295Z,81.19658119658119,52.52747252747253,20.805860805860803,0,35.3,12.4,173.2,1450,hub_milagro_01
2026-02-18T12:43:14.473Z,81.0989010989011,52.57631257631258,20.805860805860803,0,35.9,12.3,172.2,1450,hub_milagro_01
2026-02-18T12:45:17.618Z,81.07448107448107,52.55189255189256,20.747252747252745,0,35.4,12.2,171.5,1450,hub_milagro_01
2026-02-18T12:47:20.224Z,80.78144078144078,52.52747252747253,20.688644688644686,0,36.6,12.3,173.5,1450,hub_milagro_01
2026-02-18T12:49:22.257Z,80.68376068376068,52.50305250305251,20.776556776556774,0,36.1,12.4,172.0,1450,hub_milagro_01
2026-02-18T12:51:25.626Z,80.46398046398046,52.55189255189256,20.776556776556774,0,35.8,12.3,171.8,1450,hub_milagro_01
2026-02-18T12:53:29.380Z,80.1953601953602,52.50305250305251,20.688644688644686,0,36.3,12.6,173.5,1450,hub_milagro_01
2026-02-18T12:55:28.817Z,80.0,52.57631257631258,20.688644688644686,0,36.8,12.3,168.5,1450,hub_milagro_01
2026-02-18T12:57:32.981Z,79.78021978021978,52.55189255189256,20.630036630036628,0,36.6,12.4,168.7,1450,hub_milagro_01
2026-02-18T12:59:33.082Z,79.58485958485959,52.57631257631258,20.659340659340657,0,36.5,12.3,170.8,1450,hub_milagro_01
2026-02-18T13:01:32.467Z,79.46275946275946,52.55189255189256,20.659340659340657,0,36.5,12.1,172.6,1450,hub_milagro_01
2026-02-18T13:03:33.289Z,79.21855921855922,52.478632478632484,20.747252747252745,0,36.5,12.3,171.4,1450,hub_milagro_01
2026-02-18T13:05:36.952Z,79.02319902319903,52.478632478632484,20.630036630036628,0,36.1,12.2,172.0,1450,hub_milagro_01
2026-02-18T13:07:35.513Z,78.77899877899878,52.478632478632484,20.659340659340657,0,36.4,12.3,173.3,1450,hub_milagro_01
2026-02-18T13:09:38.324Z,78.58363858363859,52.55189255189256,20.6007326007326,0,36.0,12.3,170.7,1450,hub_milagro_01
2026-02-18T13:11:39.554Z,78.41269841269842,52.478632478632484,20.659340659340657,0,36.6,12.2,170.8,1450,hub_milagro_01
2026-02-18T13:13:39.843Z,78.24175824175825,52.50305250305251,20.630036630036628,0,36.2,12.3,173.4,1450,hub_milagro_01
2026-02-18T13:15:41.037Z,77.97313797313798,52.50305250305251,20.659340659340657,0,36.0,12.4,171.4,1450,hub_milagro_01
2026-02-18T13:17:42.396Z,77.80219780219781,52.478632478632484,20.659340659340657,0,36.6,12.2,169.4,1450,hub_milagro_01
2026-02-18T13:19:45.196Z,77.63125763125764,52.52747252747253,20.688644688644686,0,35.1,12.1,172.5,1450,hub_milagro_01
2026-02-18T13:21:49.564Z,77.43589743589745,52.50305250305251,20.630036630036628,0,36.8,12.4,171.0,1450,hub_milagro_01
2026-02-18T13:23:49.931Z,77.16727716727718,52.50305250305251,20.659340659340657,0,36.0,12.4,170.5,1450,hub_milagro_01
2026-02-18T13:25:49.688Z,76.97191697191698,52.429792429792435,20.659340659340657,0,36.4,12.3,169.6,1450,hub_milagro_01
2026-02-18T13:27:53.549Z,76.77655677655679,52.50305250305251,20.717948717948715,0,36.9,12.3,170.3,1450,hub_milagro_01
2026-02-18T13:29:53.572Z,76.55677655677655,52.45421245421246,20.747252747252745,0,36.2,12.3,170.3,1450,hub_milagro_01
2026-02-18T13:31:57.752Z,76.33699633699634,52.40537240537241,20.835164835164832,0,35.7,12.3,171.8,1450,hub_milagro_01
2026-02-18T13:33:56.075Z,76.21489621489621,52.478632478632484,20.95238095238095,0,35.8,12.4,170.7,1450,hub_milagro_01
2026-02-18T13:35:55.475Z,75.995115995116,52.478632478632484,20.89377289377289,0,36.0,12.3,169.6,1450,hub_milagro_01
2026-02-18T13:37:59.658Z,75.72649572649573,52.50305250305251,20.981684981684978,0,36.2,12.3,172.3,1450,hub_milagro_01
2026-02-18T13:40:02.324Z,75.6043956043956,52.429792429792435,21.098901098901095,0,36.6,12.5,172.2,1450,hub_milagro_01
2026-02-18T13:42:04.226Z,75.31135531135531,52.45421245421246,21.157509157509153,0,35.6,12.1,171.7,1450,hub_milagro_01
2026-02-18T13:44:07.441Z,75.21367521367522,52.429792429792435,21.24542124542124,0,35.8,12.2,172.5,1450,hub_milagro_01
2026-02-18T13:46:07.835Z,74.8962148962149,52.52747252747253,21.3040293040293,0,36.3,12.4,171.2,1450,hub_milagro_01
2026-02-18T13:48:10.696Z,75.11599511599512,52.45421245421246,21.27472527472527,0,36.3,12.1,171.4,1450,hub_milagro_01
2026-02-18T13:50:09.484Z,75.14041514041514,52.50305250305251,21.391941391941387,0,36.1,12.2,170.2,1450,hub_milagro_01
2026-02-18T13:52:09.973Z,75.23809523809524,52.40537240537241,21.421245421245416,0,36.1,12.1,170.0,1450,hub_milagro_01
2026-02-18T13:54:11.498Z,75.33577533577534,52.478632478632484,21.567765567765562,0,36.6,12.2,171.6,1450,hub_milagro_01
2026-02-18T13:56:13.397Z,75.50671550671551,52.45421245421246,21.538461538461533,0,35.9,12.0,172.2,1450,hub_milagro_01
2026-02-18T13:58:12.795Z,75.57997557997558,52.478632478632484,21.59706959706959,0,35.8,12.3,171.9,1450,hub_milagro_01
2026-02-18T14:00:16.107Z,75.72649572649573,52.50305250305251,21.68498168498168,0,35.7,12.2,170.9,1450,hub_milagro_01
2026-02-18T14:02:17.104Z,75.8974358974359,52.45421245421246,21.831501831501825,0,36.4,12.4,171.8,1450,hub_milagro_01
2026-02-18T14:04:20.022Z,75.995115995116,52.52747252747253,21.772893772893767,0,35.4,12.2,172.1,1450,hub_milagro_01
2026-02-18T14:06:19.890Z,76.06837606837607,52.50305250305251,21.890109890109898,0,35.5,12.2,170.5,1450,hub_milagro_01
2026-02-18T14:08:21.155Z,76.19047619047619,52.52747252747253,21.919413919413927,0,35.5,12.3,169.3,1450,hub_milagro_01
2026-02-18T14:10:23.303Z,76.33699633699634,52.50305250305251,22.007326007326014,0,36.1,12.1,170.6,1450,hub_milagro_01
2026-02-18T14:12:22.834Z,76.43467643467643,52.478632478632484,22.065934065934073,0,35.5,12.3,171.7,1450,hub_milagro_01
2026-02-18T14:14:26.644Z,76.5079365079365,52.478632478632484,22.21245421245422,0,35.0,12.2,171.1,1450,hub_milagro_01
2026-02-18T14:16:27.684Z,76.67887667887669,52.429792429792435,22.241758241758248,0,35.5,12.1,171.2,1450,hub_milagro_01
2026-02-18T14:18:30.862Z,76.72771672771674,52.45421245421246,22.329670329670336,0,35.9,12.2,170.0,1450,hub_milagro_01
2026-02-18T14:20:33.143Z,76.89865689865691,52.45421245421246,22.329670329670336,0,35.5,12.1,170.9,1450,hub_milagro_01
2026-02-18T14:22:35.853Z,76.92307692307693,52.50305250305251,22.446886446886452,0,36.0,12.4,168.2,1450,hub_milagro_01
2026-02-18T14:24:38.947Z,77.06959706959708,52.478632478632484,22.53479853479854,0,35.0,12.2,170.2,1450,hub_milagro_01
2026-02-18T14:26:41.636Z,77.16727716727718,52.50305250305251,22.53479853479854,0,35.7,12.2,171.2,1450,hub_milagro_01
2026-02-18T14:28:41.171Z,77.31379731379732,52.429792429792435,22.622710622710628,0,35.5,12.0,169.8,1450,hub_milagro_01
2026-02-18T14:30:43.354Z,77.36263736263737,52.429792429792435,22.5934065934066,0,35.0,12.1,170.9,1450,hub_milagro_01
2026-02-18T14:32:43.632Z,77.58241758241759,52.45421245421246,22.769230769230774,0,35.7,12.1,171.1,1450,hub_milagro_01
2026-02-18T14:34:44.368Z,77.60683760683762,52.478632478632484,22.798534798534803,0,34.5,12.1,169.9,1450,hub_milagro_01
2026-02-18T14:36:44.001Z,77.75335775335776,52.478632478632484,22.88644688644689,0,35.8,12.2,169.8,1450,hub_milagro_01
2026-02-18T14:38:45.116Z,77.92429792429793,52.52747252747253,22.974358974358978,0,35.7,12.2,168.0,1450,hub_milagro_01
2026-02-18T14:40:48.226Z,77.94871794871796,52.478632478632484,22.94505494505495,0,35.1,12.2,169.6,1450,hub_milagro_01
2026-02-18T14:42:52.457Z,78.14407814407815,52.429792429792435,23.062271062271066,0,34.9,12.1,169.4,1450,hub_milagro_01
2026-02-18T14:44:56.148Z,78.16849816849818,52.45421245421246,23.062271062271066,0,35.6,12.1,170.3,1450,hub_milagro_01
2026-02-18T14:46:57.336Z,78.31501831501832,52.40537240537241,23.150183150183153,0,35.0,12.1,169.7,1450,hub_milagro_01
2026-02-18T14:48:58.061Z,78.31501831501832,52.50305250305251,23.20879120879121,0,35.8,12.1,173.1,1450,hub_milagro_01
2026-02-18T14:51:02.935Z,78.24175824175825,52.40537240537241,23.23809523809524,0,35.2,12.1,168.8,1450,hub_milagro_01
2026-02-18T14:53:04.437Z,78.16849816849818,52.45421245421246,23.384615384615387,0,35.3,12.0,169.3,1450,hub_milagro_01
2026-02-18T14:55:03.977Z,78.16849816849818,52.50305250305251,23.413919413919416,0,35.4,12.1,171.1,1450,hub_milagro_01
2026-02-18T14:57:06.959Z,78.07081807081808,52.50305250305251,23.355311355311358,0,35.5,12.1,170.3,1450,hub_milagro_01
2026-02-18T14:59:07.345Z,78.04639804639805,52.429792429792435,23.472527472527474,0,34.8,12.1,170.1,1450,hub_milagro_01
2026-02-18T15:01:08.624Z,77.97313797313798,52.50305250305251,23.560439560439562,0,35.0,11.9,168.6,1450,hub_milagro_01
2026-02-18T15:03:12.784Z,77.997557997558,52.45421245421246,23.531135531135533,0,34.6,5.1,167.8,1450,hub_milagro_01
2026-02-18T15:05:14.652Z,77.94871794871796,52.45421245421246,23.67765567765568,0,35.3,12.1,169.0,1450,hub_milagro_01
2026-02-18T15:07:18.123Z,77.89987789987791,52.45421245421246,23.706959706959708,0,35.0,12.2,167.3,1450,hub_milagro_01
2026-02-18T15:09:19.344Z,77.80219780219781,52.40537240537241,23.736263736263737,0,34.6,12.0,166.6,1450,hub_milagro_01
2026-02-18T15:11:23.406Z,77.80219780219781,52.40537240537241,23.706959706959708,0,34.8,12.1,167.9,1450,hub_milagro_01
2026-02-18T15:13:27.034Z,77.72893772893774,52.429792429792435,23.765567765567766,0,35.5,12.0,168.8,1450,hub_milagro_01
2026-02-18T15:15:28.436Z,77.75335775335776,52.50305250305251,23.882783882783883,0,34.5,12.0,168.7,1450,hub_milagro_01
2026-02-18T15:17:28.434Z,77.70451770451771,52.429792429792435,23.853479853479854,0,35.5,12.0,166.8,1450,hub_milagro_01
2026-02-18T15:19:28.093Z,77.65567765567766,52.478632478632484,23.912087912087912,0,34.4,12.2,168.0,1450,hub_milagro_01
2026-02-18T15:21:30.505Z,77.55799755799757,52.50305250305251,24.0,0,34.4,12.2,166.3,1450,hub_milagro_01
2026-02-18T15:23:32.633Z,77.55799755799757,52.45421245421246,23.97069597069597,0,34.3,12.1,166.8,1450,hub_milagro_01
2026-02-18T15:25:36.131Z,77.53357753357754,52.429792429792435,24.05860805860806,0,35.2,12.0,165.4,1450,hub_milagro_01
2026-02-18T15:27:40.259Z,77.50915750915752,52.478632478632484,24.146520146520146,0,34.2,12.0,165.0,1450,hub_milagro_01
2026-02-18T15:29:41.549Z,77.36263736263737,52.40537240537241,24.117216117216117,0,35.0,12.0,167.1,1450,hub_milagro_01
2026-02-18T15:31:41.330Z,77.33821733821735,52.45421245421246,24.263736263736263,0,34.4,6.8,165.4,1450,hub_milagro_01
2026-02-18T15:33:45.094Z,77.2893772893773,52.45421245421246,24.32234432234432,0,34.5,12.1,165.8,1450,hub_milagro_01
2026-02-18T15:35:49.254Z,77.31379731379732,52.45421245421246,24.234432234432234,0,35.2,11.9,163.5,1450,hub_milagro_01
2026-02-18T15:37:53.987Z,77.24053724053725,52.478632478632484,24.293040293040292,0,34.5,11.8,165.5,1450,hub_milagro_01
2026-02-18T15:39:54.309Z,77.26495726495727,52.50305250305251,24.41025641025641,0,35.3,12.1,163.2,1450,hub_milagro_01
2026-02-18T15:41:54.581Z,77.14285714285715,52.40537240537241,24.468864468864467,0,34.8,12.0,165.5,1450,hub_milagro_01
2026-02-18T15:43:58.727Z,77.0940170940171,52.45421245421246,24.498168498168496,0,34.6,12.0,167.4,1450,hub_milagro_01
2026-02-18T15:46:01.267Z,77.0940170940171,52.40537240537241,24.527472527472526,0,35.1,12.1,164.2,1450,hub_milagro_01
2026-02-18T15:48:04.261Z,77.06959706959708,52.45421245421246,24.586080586080584,1,34.8,11.8,163.6,1450,hub_milagro_01
2026-02-18T15:50:07.479Z,77.0940170940171,52.40537240537241,24.7032967032967,0,34.6,12.0,162.6,1450,hub_milagro_01
2026-02-18T15:52:06.502Z,77.11843711843713,52.40537240537241,24.644688644688642,0,34.6,12.1,162.4,1450,hub_milagro_01
2026-02-18T15:54:10.624Z,77.0940170940171,52.478632478632484,24.79120879120879,0,34.4,12.1,164.2,1450,hub_milagro_01
2026-02-18T15:56:09.888Z,77.14285714285715,52.478632478632484,24.73260073260073,0,34.5,11.9,162.9,1450,hub_milagro_01
2026-02-18T15:58:11.146Z,77.06959706959708,52.478632478632484,24.879120879120876,0,34.9,11.9,163.2,1450,hub_milagro_01
2026-02-18T16:00:14.635Z,77.11843711843713,52.45421245421246,24.849816849816847,0,34.2,12.0,162.7,1450,hub_milagro_01
2026-02-18T16:02:16.224Z,77.16727716727718,52.429792429792435,24.908424908424905,0,34.2,11.9,163.6,1450,hub_milagro_01
2026-02-18T16:04:17.664Z,77.14285714285715,52.52747252747253,24.908424908424905,0,33.9,11.9,163.1,1450,hub_milagro_01
2026-02-18T16:06:20.982Z,77.11843711843713,52.50305250305251,25.025641025641022,0,34.6,11.8,163.2,1450,hub_milagro_01
2026-02-18T16:08:22.336Z,77.16727716727718,52.50305250305251,25.08424908424908,0,34.5,11.8,163.7,1450,hub_milagro_01
2026-02-18T16:10:23.184Z,77.1916971916972,52.478632478632484,25.05494505494505,0,33.8,11.8,162.2,1450,hub_milagro_01
2026-02-18T16:12:24.202Z,77.24053724053725,52.52747252747253,24.937728937728934,0,34.5,11.9,163.8,1450,hub_milagro_01
2026-02-18T16:14:28.715Z,77.26495726495727,52.45421245421246,24.908424908424905,0,35.1,12.0,162.4,1450,hub_milagro_01
2026-02-18T16:16:32.265Z,77.2893772893773,52.45421245421246,24.967032967032964,0,34.5,12.0,160.3,1450,hub_milagro_01
2026-02-18T16:18:33.470Z,77.26495726495727,52.478632478632484,24.908424908424905,0,33.2,11.9,161.1,1450,hub_milagro_01
2026-02-18T16:20:35.802Z,77.26495726495727,52.50305250305251,24.967032967032964,0,34.2,12.1,162.3,1450,hub_milagro_01
2026-02-18T16:22:35.832Z,77.2893772893773,52.429792429792435,24.820512820512818,0,33.9,11.8,162.6,1450,hub_milagro_01
2026-02-18T16:24:36.564Z,77.2893772893773,52.478632478632484,24.849816849816847,0,33.3,11.8,160.1,1450,hub_milagro_01
2026-02-18T16:26:35.800Z,77.2893772893773,52.45421245421246,24.908424908424905,0,34.1,11.9,159.7,1450,hub_milagro_01
2026-02-18T16:28:37.995Z,77.3870573870574,52.50305250305251,24.79120879120879,0,33.5,11.9,162.5,1450,hub_milagro_01
2026-02-18T16:30:41.662Z,77.3870573870574,52.50305250305251,24.76190476190476,0,33.2,11.8,160.8,1450,hub_milagro_01
2026-02-18T16:32:42.040Z,77.3870573870574,52.478632478632484,24.73260073260073,0,33.8,12.0,159.2,1450,hub_milagro_01
2026-02-18T16:34:45.153Z,77.41147741147742,52.429792429792435,24.7032967032967,0,34.0,11.9,160.0,1450,hub_milagro_01
2026-02-18T16:36:47.773Z,77.4847374847375,52.40537240537241,24.7032967032967,0,33.8,11.8,159.7,1450,hub_milagro_01
2026-02-18T16:38:49.824Z,77.41147741147742,52.429792429792435,24.7032967032967,0,32.9,11.8,160.1,1450,hub_milagro_01
2026-02-18T16:40:48.968Z,77.50915750915752,52.40537240537241,24.7032967032967,0,33.2,11.9,159.7,1450,hub_milagro_01
2026-02-18T16:42:47.381Z,77.55799755799757,52.429792429792435,24.615384615384613,0,32.7,11.8,158.0,1450,hub_milagro_01
2026-02-18T16:44:47.049Z,77.55799755799757,52.429792429792435,24.7032967032967,0,33.6,12.0,160.0,1450,hub_milagro_01
2026-02-18T16:46:49.828Z,77.55799755799757,52.45421245421246,24.644688644688642,0,33.5,11.9,158.3,1450,hub_milagro_01
2026-02-18T16:48:49.397Z,77.63125763125764,52.40537240537241,24.644688644688642,0,33.4,11.7,156.1,1450,hub_milagro_01
2026-02-18T16:50:49.779Z,77.46031746031747,52.38095238095239,24.586080586080584,0,32.6,11.8,157.8,1450,hub_milagro_01
2026-02-18T16:52:48.382Z,77.31379731379732,52.35653235653236,24.527472527472526,0,33.1,11.7,157.1,1450,hub_milagro_01
2026-02-18T16:54:51.426Z,77.24053724053725,52.38095238095239,24.527472527472526,0,33.1,11.8,159.2,1450,hub_milagro_01
2026-02-18T16:56:50.756Z,77.02075702075703,52.38095238095239,24.498168498168496,0,32.8,11.7,157.9,1450,hub_milagro_01
2026-02-18T16:58:55.325Z,76.89865689865691,52.45421245421246,24.439560439560438,0,33.2,11.8,156.4,1450,hub_milagro_01
2026-02-18T17:00:55.731Z,76.84981684981686,52.35653235653236,24.498168498168496,0,33.2,11.8,155.0,1450,hub_milagro_01
2026-02-18T17:02:57.957Z,76.65445665445667,52.35653235653236,24.35164835164835,0,32.4,11.8,157.7,1450,hub_milagro_01
2026-02-18T17:05:01.619Z,76.53235653235653,52.40537240537241,24.41025641025641,0,32.7,11.7,156.0,1450,hub_milagro_01
2026-02-18T17:07:06.411Z,76.41025641025641,52.429792429792435,24.38095238095238,0,32.8,11.8,154.8,1450,hub_milagro_01
2026-02-18T17:09:08.861Z,76.31257631257631,52.429792429792435,24.32234432234432,0,32.6,11.7,154.5,1450,hub_milagro_01
2026-02-18T17:11:08.602Z,76.14163614163614,52.35653235653236,24.32234432234432,0,32.0,11.6,158.9,1450,hub_milagro_01
2026-02-18T17:13:11.023Z,76.11721611721612,52.45421245421246,24.293040293040292,0,32.5,11.9,155.6,1450,hub_milagro_01
2026-02-18T17:15:11.218Z,75.97069597069597,52.45421245421246,24.32234432234432,0,32.5,11.6,157.4,1450,hub_milagro_01
2026-02-18T17:17:12.116Z,75.87301587301587,52.40537240537241,24.175824175824175,0,32.4,11.7,157.8,1450,hub_milagro_01
2026-02-18T17:19:11.878Z,75.67765567765568,52.38095238095239,24.205128205128204,0,32.2,11.6,159.6,1450,hub_milagro_01
2026-02-18T17:21:10.803Z,75.57997557997558,52.429792429792435,24.234432234432234,0,32.6,11.7,159.0,1450,hub_milagro_01
2026-02-18T17:23:13.664Z,75.45787545787546,52.38095238095239,24.117216117216117,0,32.6,11.8,158.0,1450,hub_milagro_01
2026-02-18T17:25:14.918Z,75.36019536019536,52.40537240537241,24.146520146520146,0,31.9,11.6,159.0,1450,hub_milagro_01
2026-02-18T17:27:18.488Z,75.21367521367522,52.45421245421246,24.117216117216117,0,32.5,11.6,158.5,1450,hub_milagro_01
2026-02-18T17:29:22.485Z,75.0915750915751,52.429792429792435,24.087912087912088,0,32.0,11.6,158.3,1450,hub_milagro_01
2026-02-18T17:31:25.044Z,75.01831501831502,52.40537240537241,24.117216117216117,0,32.4,11.7,159.5,1450,hub_milagro_01
2026-02-18T17:33:29.354Z,74.82295482295483,52.429792429792435,24.05860805860806,0,32.0,11.9,160.8,1450,hub_milagro_01
2026-02-18T17:35:28.494Z,74.72527472527473,52.35653235653236,24.05860805860806,0,31.6,11.8,161.8,1450,hub_milagro_01
2026-02-18T17:37:33.222Z,74.65201465201466,52.38095238095239,24.117216117216117,0,31.9,11.6,161.4,1450,hub_milagro_01
2026-02-18T17:39:37.401Z,74.45665445665446,52.429792429792435,24.146520146520146,0,31.8,11.8,160.4,1450,hub_milagro_01
2026-02-18T17:41:40.467Z,74.38339438339439,52.35653235653236,24.175824175824175,0,31.5,11.7,161.9,1450,hub_milagro_01
2026-02-18T17:43:39.554Z,74.28571428571429,52.40537240537241,24.087912087912088,0,31.7,11.6,163.8,1450,hub_milagro_01
2026-02-18T17:45:41.525Z,74.11477411477412,52.429792429792435,24.117216117216117,0,32.2,11.8,163.6,1450,hub_milagro_01
2026-02-18T17:47:40.120Z,74.06593406593407,52.429792429792435,24.117216117216117,0,31.1,11.8,162.2,1450,hub_milagro_01
2026-02-18T17:49:42.440Z,73.94383394383395,52.35653235653236,24.234432234432234,0,31.5,11.6,162.7,1450,hub_milagro_01
2026-02-18T17:51:43.281Z,74.04151404151405,52.35653235653236,24.205128205128204,0,31.4,11.7,163.3,1450,hub_milagro_01
2026-02-18T17:53:43.213Z,74.1880341880342,52.38095238095239,24.205128205128204,0,31.4,11.8,164.9,1450,hub_milagro_01
2026-02-18T17:55:46.559Z,74.23687423687424,52.40537240537241,24.263736263736263,0,31.4,11.8,164.6,1450,hub_milagro_01
2026-02-18T17:57:46.483Z,74.45665445665446,52.429792429792435,24.263736263736263,0,31.2,11.7,163.9,1450,hub_milagro_01
2026-02-18T17:59:50.165Z,74.52991452991454,52.35653235653236,24.234432234432234,0,31.3,11.7,166.4,1450,hub_milagro_01
2026-02-18T18:01:54.901Z,74.72527472527473,52.35653235653236,24.293040293040292,0,31.0,11.7,167.6,1450,hub_milagro_01
2026-02-18T18:03:55.857Z,74.74969474969475,52.429792429792435,24.293040293040292,0,30.6,11.6,163.1,1450,hub_milagro_01
2026-02-18T18:05:56.582Z,74.96947496947497,52.38095238095239,24.263736263736263,0,31.1,11.5,164.4,1450,hub_milagro_01
2026-02-18T18:08:00.560Z,75.01831501831502,52.40537240537241,24.32234432234432,0,30.6,11.7,165.0,1450,hub_milagro_01
2026-02-18T18:10:02.561Z,75.18925518925519,52.38095238095239,24.32234432234432,0,31.2,11.8,165.7,1450,hub_milagro_01
2026-02-18T18:12:05.957Z,75.28693528693529,52.35653235653236,24.32234432234432,0,30.0,11.8,167.7,1450,hub_milagro_01
2026-02-18T18:14:08.825Z,75.48229548229548,52.38095238095239,24.32234432234432,0,30.4,11.8,166.1,1450,hub_milagro_01
2026-02-18T18:16:11.847Z,75.55555555555556,52.35653235653236,24.234432234432234,0,31.5,11.8,165.1,1450,hub_milagro_01
2026-02-18T18:18:13.775Z,75.65323565323565,52.35653235653236,24.234432234432234,0,31.0,11.3,165.1,1450,hub_milagro_01
2026-02-18T18:20:14.968Z,75.7997557997558,52.38095238095239,24.263736263736263,0,30.8,11.6,168.2,1450,hub_milagro_01
2026-02-18T18:22:15.403Z,75.97069597069597,52.45421245421246,24.293040293040292,0,30.4,4.0,166.7,1450,hub_milagro_01
2026-02-18T18:24:17.563Z,76.09279609279609,52.429792429792435,24.263736263736263,0,30.4,11.6,169.5,1450,hub_milagro_01
2026-02-18T18:26:22.987Z,76.23931623931624,52.45421245421246,24.234432234432234,0,30.1,11.6,167.6,1450,hub_milagro_01
2026-02-18T18:28:21.054Z,76.33699633699634,52.45421245421246,24.35164835164835,0,29.5,11.6,169.4,1450,hub_milagro_01
2026-02-18T18:30:23.058Z,76.5079365079365,52.35653235653236,24.32234432234432,0,30.0,5.7,169.8,1450,hub_milagro_01
2026-02-18T18:32:26.322Z,76.5811965811966,52.45421245421246,24.263736263736263,0,30.1,11.7,169.2,1450,hub_milagro_01
2026-02-18T18:34:27.310Z,76.77655677655679,52.35653235653236,24.32234432234432,0,30.2,11.6,171.5,1450,hub_milagro_01
2026-02-18T18:36:26.622Z,76.92307692307693,52.45421245421246,24.35164835164835,0,30.0,11.5,170.1,1450,hub_milagro_01
2026-02-18T18:38:30.121Z,77.02075702075703,52.38095238095239,24.32234432234432,0,30.3,11.8,169.9,1450,hub_milagro_01
2026-02-18T18:40:33.458Z,77.14285714285715,52.429792429792435,24.293040293040292,0,30.3,11.8,172.5,1450,hub_milagro_01
2026-02-18T18:42:32.254Z,77.31379731379732,52.38095238095239,24.263736263736263,0,30.0,4.0,170.6,1450,hub_milagro_01
2026-02-18T18:44:35.759Z,77.41147741147742,52.35653235653236,24.35164835164835,0,29.2,11.6,170.0,1450,hub_milagro_01
2026-02-18T18:46:37.665Z,77.58241758241759,52.429792429792435,24.263736263736263,0,29.6,11.7,173.2,1450,hub_milagro_01
2026-02-18T18:48:40.377Z,77.68009768009769,52.40537240537241,24.35164835164835,0,29.1,11.4,173.8,1450,hub_milagro_01
2026-02-18T18:50:41.148Z,77.77777777777779,52.33211233211234,24.32234432234432,0,29.4,11.6,174.5,1450,hub_milagro_01
2026-02-18T18:52:44.937Z,77.50915750915752,52.40537240537241,24.41025641025641,0,29.9,11.5,175.1,1450,hub_milagro_01
2026-02-18T18:54:45.361Z,77.31379731379732,52.33211233211234,24.41025641025641,0,30.0,11.5,174.5,1450,hub_milagro_01
2026-02-18T18:56:47.587Z,76.97191697191698,52.35653235653236,24.527472527472526,0,29.8,4.0,173.9,1450,hub_milagro_01
2026-02-18T18:58:48.651Z,76.67887667887669,52.35653235653236,24.527472527472526,0,30.4,11.6,172.8,1450,hub_milagro_01
2026-02-18T19:00:47.847Z,76.48351648351648,52.40537240537241,24.527472527472526,0,30.7,11.5,174.1,1450,hub_milagro_01
2026-02-18T19:02:48.800Z,76.19047619047619,52.38095238095239,24.67399267399267,0,30.1,11.6,174.2,1450,hub_milagro_01
2026-02-18T19:04:48.136Z,75.8974358974359,52.429792429792435,24.7032967032967,0,30.1,11.6,173.0,1450,hub_milagro_01
2026-02-18T19:06:53.271Z,75.6043956043956,52.35653235653236,24.76190476190476,0,30.5,11.4,172.0,1450,hub_milagro_01
2026-02-18T19:08:54.511Z,75.33577533577534,52.33211233211234,24.820512820512818,0,30.5,11.7,177.5,1450,hub_milagro_01
2026-02-18T19:10:54.594Z,75.0915750915751,52.40537240537241,24.79120879120879,0,30.9,11.4,173.7,1450,hub_milagro_01
2026-02-18T19:12:53.975Z,74.82295482295483,52.35653235653236,24.849816849816847,0,31.2,11.6,173.4,1450,hub_milagro_01
2026-02-18T19:14:53.304Z,74.52991452991454,52.38095238095239,24.849816849816847,0,31.3,11.7,176.0,1450,hub_milagro_01
2026-02-18T19:16:51.423Z,74.28571428571429,52.40537240537241,24.879120879120876,0,30.7,11.4,176.6,1450,hub_milagro_01
2026-02-18T19:18:53.359Z,74.0903540903541,52.429792429792435,24.967032967032964,0,31.0,11.5,179.0,1450,hub_milagro_01
2026-02-18T19:20:53.146Z,73.77289377289378,52.33211233211234,24.967032967032964,0,31.3,11.6,176.7,1450,hub_milagro_01
2026-02-18T19:22:53.726Z,73.55311355311356,52.429792429792435,25.11355311355311,0,31.6,11.8,177.7,1450,hub_milagro_01
2026-02-18T19:24:51.793Z,73.28449328449328,52.307692307692314,25.08424908424908,0,31.4,11.5,178.1,1450,hub_milagro_01
2026-02-18T19:26:52.486Z,72.94261294261294,52.38095238095239,25.14285714285714,0,31.5,11.7,177.6,1450,hub_milagro_01
2026-02-18T19:28:57.723Z,72.6984126984127,52.307692307692314,25.172161172161168,0,31.8,11.6,178.7,1450,hub_milagro_01
2026-02-18T19:30:58.524Z,72.5030525030525,52.38095238095239,25.230769230769226,0,31.3,11.5,179.5,1450,hub_milagro_01
2026-02-18T19:32:56.353Z,72.13675213675214,52.38095238095239,25.230769230769226,0,32.2,11.4,178.7,1450,hub_milagro_01
2026-02-18T19:34:56.583Z,71.96581196581197,52.35653235653236,25.347985347985343,0,32.6,11.5,179.8,1450,hub_milagro_01
2026-02-18T19:36:57.441Z,71.62393162393163,52.35653235653236,25.347985347985343,0,32.2,11.5,175.9,1450,hub_milagro_01
2026-02-18T19:39:01.070Z,71.37973137973138,52.38095238095239,25.318681318681314,0,32.6,11.4,179.3,1450,hub_milagro_01
2026-02-18T19:41:01.798Z,71.18437118437119,52.40537240537241,25.46520146520146,0,32.8,11.3,176.7,1450,hub_milagro_01
2026-02-18T19:43:03.424Z,70.84249084249085,52.307692307692314,25.46520146520146,0,32.8,11.4,177.7,1450,hub_milagro_01
2026-02-18T19:45:08.179Z,70.62271062271063,52.33211233211234,25.49450549450549,0,32.6,11.3,176.2,1450,hub_milagro_01
2026-02-18T19:47:08.713Z,70.42735042735043,52.40537240537241,25.582417582417577,0,33.2,11.5,175.9,1450,hub_milagro_01
2026-02-18T19:49:11.027Z,70.13431013431013,52.38095238095239,25.582417582417577,0,33.4,11.4,176.7,1450,hub_milagro_01
2026-02-18T19:51:10.609Z,69.81684981684981,52.40537240537241,25.582417582417577,0,33.0,11.6,176.4,1450,hub_milagro_01
2026-02-18T19:53:15.568Z,70.18315018315018,52.33211233211234,25.611721611721606,0,33.3,11.5,176.7,1450,hub_milagro_01
2026-02-18T19:55:14.569Z,70.5006105006105,52.38095238095239,25.67032967032968,0,33.5,11.6,176.8,1450,hub_milagro_01
2026-02-18T19:57:17.194Z,70.94017094017094,52.38095238095239,25.787545787545795,0,32.7,11.4,178.1,1450,hub_milagro_01
2026-02-18T19:59:15.742Z,71.18437118437119,52.33211233211234,25.728937728937737,0,33.4,11.6,175.8,1450,hub_milagro_01
2026-02-18T20:01:14.868Z,71.52625152625153,52.38095238095239,25.816849816849825,0,34.4,11.5,174.4,1450,hub_milagro_01
2026-02-18T20:03:13.792Z,71.94139194139194,52.35653235653236,25.816849816849825,0,34.1,11.5,176.2,1450,hub_milagro_01
2026-02-18T20:05:12.345Z,72.3076923076923,52.40537240537241,25.816849816849825,0,34.6,11.6,176.5,1450,hub_milagro_01
2026-02-18T20:07:15.319Z,72.6007326007326,52.307692307692314,25.875457875457883,0,34.3,11.3,175.6,1450,hub_milagro_01
2026-02-18T20:09:16.499Z,72.96703296703296,52.307692307692314,25.904761904761912,0,34.4,11.4,173.1,1450,hub_milagro_01
2026-02-18T20:11:18.872Z,73.3089133089133,52.38095238095239,25.93406593406594,0,34.2,11.2,176.6,1450,hub_milagro_01
2026-02-18T20:13:17.107Z,73.62637362637363,52.33211233211234,25.992673992674,0,35.1,11.4,173.2,1450,hub_milagro_01
2026-02-18T20:15:15.144Z,74.04151404151405,52.38095238095239,25.904761904761912,0,34.7,11.5,172.7,1450,hub_milagro_01
2026-02-18T20:17:19.641Z,74.40781440781441,52.33211233211234,25.96336996336997,0,34.4,11.3,176.1,1450,hub_milagro_01
2026-02-18T20:19:22.209Z,74.7008547008547,52.38095238095239,25.904761904761912,0,34.8,11.5,172.4,1450,hub_milagro_01
2026-02-18T20:21:26.753Z,75.06715506715507,52.35653235653236,25.96336996336997,0,35.2,11.5,171.6,1450,hub_milagro_01
2026-02-18T20:23:28.136Z,75.40903540903541,52.38095238095239,25.846153846153854,0,35.8,11.3,173.9,1450,hub_milagro_01
2026-02-18T20:25:32.203Z,75.77533577533578,52.38095238095239,25.93406593406594,0,35.2,11.5,172.8,1450,hub_milagro_01
2026-02-18T20:27:34.922Z,76.14163614163614,52.35653235653236,25.816849816849825,0,34.8,11.3,173.7,1450,hub_milagro_01
2026-02-18T20:29:37.205Z,76.45909645909646,52.307692307692314,25.904761904761912,0,35.3,11.4,173.5,1450,hub_milagro_01
2026-02-18T20:31:40.117Z,76.75213675213676,52.35653235653236,25.904761904761912,0,35.8,11.3,171.5,1450,hub_milagro_01
2026-02-18T20:33:41.539Z,77.14285714285715,52.40537240537241,25.787545787545795,0,35.8,11.6,172.9,1450,hub_milagro_01
2026-02-18T20:35:43.615Z,77.53357753357754,52.33211233211234,25.846153846153854,0,35.8,11.3,170.6,1450,hub_milagro_01
2026-02-18T20:37:48.686Z,77.82661782661783,52.38095238095239,25.758241758241766,0,37.3,11.4,171.0,1450,hub_milagro_01
2026-02-18T20:39:52.246Z,78.26617826617827,52.33211233211234,25.758241758241766,0,36.6,11.7,170.8,1450,hub_milagro_01
2026-02-18T20:41:53.615Z,78.53479853479854,52.35653235653236,25.758241758241766,0,36.5,11.3,170.4,1450,hub_milagro_01
2026-02-18T20:43:52.949Z,78.97435897435898,52.33211233211234,25.787545787545795,0,36.5,11.3,171.4,1450,hub_milagro_01
2026-02-18T20:45:54.629Z,79.21855921855922,52.35653235653236,25.64102564102565,0,36.9,11.3,168.6,1450,hub_milagro_01
2026-02-18T20:47:58.498Z,79.60927960927961,52.33211233211234,25.64102564102565,0,36.9,11.3,169.4,1450,hub_milagro_01
2026-02-18T20:50:00.443Z,79.97557997557998,52.307692307692314,25.699633699633708,0,36.9,11.5,169.9,1450,hub_milagro_01
2026-02-18T20:52:04.482Z,80.41514041514041,52.38095238095239,25.699633699633708,0,37.5,11.3,170.9,1450,hub_milagro_01
2026-02-18T20:54:03.707Z,80.34188034188034,52.38095238095239,25.582417582417577,0,37.6,11.4,169.6,1450,hub_milagro_01
2026-02-18T20:56:05.793Z,80.29304029304029,52.38095238095239,25.582417582417577,0,37.1,11.2,169.9,1450,hub_milagro_01
2026-02-18T20:58:06.885Z,80.34188034188034,52.307692307692314,25.582417582417577,0,36.9,11.4,169.1,1450,hub_milagro_01
2026-02-18T21:00:10.693Z,80.26862026862027,52.307692307692314,25.582417582417577,0,37.3,10.9,167.6,1450,hub_milagro_01
2026-02-18T21:02:14.136Z,80.24420024420024,52.40537240537241,25.52380952380952,0,37.3,11.3,167.4,1450,hub_milagro_01
2026-02-18T21:04:16.541Z,80.31746031746032,52.40537240537241,25.49450549450549,0,37.8,11.2,167.8,1450,hub_milagro_01
2026-02-18T21:06:18.746Z,80.1953601953602,52.38095238095239,25.553113553113548,0,38.0,11.3,166.9,1450,hub_milagro_01
2026-02-18T21:08:17.187Z,80.24420024420024,52.35653235653236,25.46520146520146,0,38.5,11.4,167.6,1450,hub_milagro_01
2026-02-18T21:10:18.360Z,80.17094017094017,52.35653235653236,25.52380952380952,0,38.3,11.2,169.3,1450,hub_milagro_01
2026-02-18T21:12:22.645Z,80.21978021978022,52.38095238095239,25.49450549450549,0,38.2,11.0,166.4,1450,hub_milagro_01
2026-02-18T21:14:25.827Z,80.24420024420024,52.35653235653236,25.46520146520146,0,38.2,11.2,170.2,1450,hub_milagro_01
2026-02-18T21:16:27.579Z,80.21978021978022,52.40537240537241,25.43589743589743,0,38.9,11.3,167.6,1450,hub_milagro_01
2026-02-18T21:18:31.741Z,80.12210012210012,52.35653235653236,25.318681318681314,0,38.4,11.4,166.5,1450,hub_milagro_01
2026-02-18T21:20:34.898Z,80.14652014652015,52.307692307692314,25.318681318681314,0,38.5,11.2,166.5,1450,hub_milagro_01
2026-02-18T21:22:38.741Z,80.17094017094017,52.28327228327229,25.347985347985343,0,39.0,11.4,165.8,1450,hub_milagro_01
2026-02-18T21:24:40.062Z,80.17094017094017,52.33211233211234,25.318681318681314,0,39.5,11.2,165.5,1450,hub_milagro_01
2026-02-18T21:26:39.564Z,80.0976800976801,52.33211233211234,25.230769230769226,0,39.3,11.3,167.3,1450,hub_milagro_01
2026-02-18T21:28:42.181Z,80.14652014652015,52.307692307692314,25.260073260073256,0,39.3,11.1,164.9,1450,hub_milagro_01
2026-02-18T21:30:46.509Z,80.0976800976801,52.38095238095239,25.260073260073256,0,39.6,11.3,166.4,1450,hub_milagro_01
2026-02-18T21:32:48.392Z,80.07326007326007,52.307692307692314,25.201465201465197,0,39.5,11.1,166.2,1450,hub_milagro_01
2026-02-18T21:34:50.440Z,80.14652014652015,52.35653235653236,25.172161172161168,0,39.7,11.1,165.2,1450,hub_milagro_01
2026-02-18T21:36:49.968Z,80.04884004884005,52.33211233211234,25.172161172161168,0,39.9,11.1,167.2,1450,hub_milagro_01
2026-02-18T21:38:50.105Z,80.07326007326007,52.307692307692314,25.172161172161168,0,39.1,11.4,163.4,1450,hub_milagro_01
2026-02-18T21:40:51.716Z,80.0976800976801,52.28327228327229,25.172161172161168,0,39.7,11.2,166.8,1450,hub_milagro_01
2026-02-18T21:42:52.082Z,80.07326007326007,52.33211233211234,25.08424908424908,0,40.0,11.3,162.9,1450,hub_milagro_01
2026-02-18T21:44:52.237Z,80.0,52.35653235653236,24.996336996336993,0,39.3,11.1,165.0,1450,hub_milagro_01
2026-02-18T21:46:57.569Z,80.07326007326007,52.307692307692314,25.11355311355311,0,39.3,11.2,164.9,1450,hub_milagro_01
2026-02-18T21:48:57.318Z,80.02442002442002,52.307692307692314,24.996336996336993,0,38.4,11.1,164.1,1450,hub_milagro_01
2026-02-18T21:50:59.076Z,80.02442002442002,52.38095238095239,24.967032967032964,0,39.4,11.1,163.7,1450,hub_milagro_01
2026-02-18T21:53:00.110Z,80.07326007326007,52.35653235653236,24.967032967032964,0,39.8,11.0,162.6,1450,hub_milagro_01
2026-02-18T21:55:04.852Z,80.04884004884005,52.35653235653236,24.908424908424905,0,39.6,11.1,162.2,1450,hub_milagro_01
2026-02-18T21:57:08.565Z,80.0,52.307692307692314,24.908424908424905,0,40.2,11.1,163.0,1450,hub_milagro_01
2026-02-18T21:59:10.840Z,79.95115995115995,52.33211233211234,24.820512820512818,0,39.8,10.9,165.1,1450,hub_milagro_01
2026-02-18T22:01:12.035Z,80.04884004884005,52.307692307692314,24.849816849816847,0,39.4,11.1,163.0,1450,hub_milagro_01
2026-02-18T22:03:15.621Z,79.95115995115995,52.35653235653236,24.849816849816847,0,39.7,11.2,162.7,1450,hub_milagro_01
2026-02-18T22:05:19.836Z,79.92673992673993,52.33211233211234,24.79120879120879,0,39.6,11.2,163.2,1450,hub_milagro_01
2026-02-18T22:07:18.629Z,80.0,52.28327228327229,24.820512820512818,0,39.0,10.9,164.8,1450,hub_milagro_01
2026-02-18T22:09:22.871Z,79.92673992673993,52.258852258852265,24.7032967032967,0,39.4,10.9,163.0,1450,hub_milagro_01
2026-02-18T22:11:23.610Z,79.87789987789988,52.307692307692314,24.79120879120879,0,39.1,11.1,164.6,1450,hub_milagro_01
2026-02-18T22:13:26.345Z,79.87789987789988,52.23443223443224,24.7032967032967,0,38.9,11.0,165.4,1450,hub_milagro_01
2026-02-18T22:15:25.310Z,79.95115995115995,52.23443223443224,24.73260073260073,0,39.0,11.0,165.5,1450,hub_milagro_01
2026-02-18T22:17:30.054Z,79.95115995115995,52.258852258852265,24.586080586080584,0,38.8,10.9,163.5,1450,hub_milagro_01
2026-02-18T22:19:29.223Z,79.9023199023199,52.258852258852265,24.644688644688642,0,39.1,11.1,164.1,1450,hub_milagro_01
2026-02-18T22:21:30.796Z,79.87789987789988,52.258852258852265,24.644688644688642,0,39.4,10.8,165.8,1450,hub_milagro_01
2026-02-18T22:23:32.488Z,79.85347985347985,52.258852258852265,24.527472527472526,0,38.7,11.0,164.4,1450,hub_milagro_01
2026-02-18T22:25:36.331Z,79.82905982905983,52.28327228327229,24.556776556776555,0,39.1,10.9,163.8,1450,hub_milagro_01
2026-02-18T22:27:37.361Z,79.9023199023199,52.307692307692314,24.527472527472526,0,38.9,11.1,165.3,1450,hub_milagro_01
2026-02-18T22:29:40.976Z,79.9023199023199,52.307692307692314,24.527472527472526,0,39.5,11.0,166.4,1450,hub_milagro_01
2026-02-18T22:31:44.811Z,79.82905982905983,52.28327228327229,24.439560439560438,0,39.0,10.9,166.1,1450,hub_milagro_01
2026-02-18T22:33:47.524Z,79.78021978021978,52.28327228327229,24.498168498168496,0,39.7,11.1,163.1,1450,hub_milagro_01
2026-02-18T22:35:49.056Z,79.82905982905983,52.210012210012216,24.468864468864467,0,39.5,11.0,164.9,1450,hub_milagro_01
2026-02-18T22:37:49.707Z,79.85347985347985,52.28327228327229,24.439560439560438,0,38.7,11.0,164.1,1450,hub_milagro_01
2026-02-18T22:39:52.418Z,79.75579975579976,52.23443223443224,24.41025641025641,0,38.9,11.1,162.6,1450,hub_milagro_01
2026-02-18T22:41:51.698Z,79.78021978021978,52.307692307692314,24.293040293040292,0,38.3,11.0,165.3,1450,hub_milagro_01
2026-02-18T22:43:51.723Z,79.78021978021978,52.307692307692314,24.234432234432234,0,39.1,11.0,164.5,1450,hub_milagro_01
2026-02-18T22:45:55.399Z,79.73137973137973,52.23443223443224,24.205128205128204,0,39.8,11.0,164.1,1450,hub_milagro_01
2026-02-18T22:47:59.149Z,79.73137973137973,52.307692307692314,24.263736263736263,0,38.8,11.0,164.0,1450,hub_milagro_01
2026-02-18T22:50:02.897Z,79.8046398046398,52.210012210012216,24.175824175824175,0,38.9,10.9,166.0,1450,hub_milagro_01
2026-02-18T22:52:01.149Z,79.85347985347985,52.258852258852265,24.205128205128204,0,39.0,10.8,166.4,1450,hub_milagro_01
2026-02-18T22:54:05.269Z,79.73137973137973,52.210012210012216,24.146520146520146,0,38.6,11.0,165.9,1450,hub_milagro_01
2026-02-18T22:56:08.278Z,79.82905982905983,52.210012210012216,24.175824175824175,0,38.8,10.9,166.7,1450,hub_milagro_01
2026-02-18T22:58:10.865Z,79.9023199023199,52.28327228327229,24.05860805860806,0,38.3,10.9,166.7,1450,hub_milagro_01
2026-02-18T23:00:12.263Z,80.04884004884005,52.258852258852265,24.117216117216117,0,39.1,10.9,163.9,1450,hub_milagro_01
2026-02-18T23:02:12.592Z,80.0976800976801,52.258852258852265,24.205128205128204,0,38.5,10.9,165.4,1450,hub_milagro_01
2026-02-18T23:04:12.716Z,80.14652014652015,52.23443223443224,24.087912087912088,0,39.0,10.9,164.8,1450,hub_milagro_01
2026-02-18T23:06:11.782Z,80.26862026862027,52.307692307692314,24.205128205128204,0,39.0,10.9,165.8,1450,hub_milagro_01
2026-02-18T23:08:13.909Z,80.24420024420024,52.28327228327229,24.205128205128204,0,39.1,10.8,164.8,1450,hub_milagro_01
2026-02-18T23:10:13.824Z,80.39072039072039,52.23443223443224,24.205128205128204,0,38.5,10.9,166.6,1450,hub_milagro_01
2026-02-18T23:12:17.529Z,80.43956043956044,52.258852258852265,24.146520146520146,0,38.4,10.9,163.3,1450,hub_milagro_01
2026-02-18T23:14:21.378Z,80.48840048840049,52.28327228327229,24.175824175824175,0,38.5,10.9,164.7,1450,hub_milagro_01
2026-02-18T23:16:23.642Z,80.63492063492063,52.307692307692314,24.175824175824175,0,39.1,10.8,164.1,1450,hub_milagro_01
2026-02-18T23:18:28.473Z,80.68376068376068,52.258852258852265,24.234432234432234,0,39.0,10.8,164.5,1450,hub_milagro_01
2026-02-18T23:20:29.440Z,80.78144078144078,52.23443223443224,24.263736263736263,0,38.4,10.8,164.4,1450,hub_milagro_01
2026-02-18T23:22:32.774Z,80.85470085470085,52.258852258852265,24.205128205128204,0,39.1,10.9,164.7,1450,hub_milagro_01
2026-02-18T23:24:35.441Z,80.9035409035409,52.28327228327229,24.263736263736263,0,39.0,10.6,167.2,1450,hub_milagro_01
2026-02-18T23:26:37.613Z,81.001221001221,52.210012210012216,24.263736263736263,0,38.9,10.8,165.8,1450,hub_milagro_01
2026-02-18T23:28:40.053Z,81.02564102564102,52.28327228327229,24.146520146520146,0,38.5,10.7,164.7,1450,hub_milagro_01
2026-02-18T23:30:43.056Z,81.07448107448107,52.258852258852265,24.234432234432234,0,38.8,10.8,165.8,1450,hub_milagro_01
2026-02-18T23:32:48.123Z,81.17216117216117,52.307692307692314,24.234432234432234,0,38.8,10.8,165.8,1450,hub_milagro_01
2026-02-18T23:34:48.495Z,81.26984126984127,52.33211233211234,24.234432234432234,0,39.0,10.9,164.3,1450,hub_milagro_01
2026-02-18T23:36:51.633Z,81.36752136752136,52.23443223443224,24.205128205128204,0,38.5,10.8,165.6,1450,hub_milagro_01
2026-02-18T23:38:55.236Z,81.46520146520146,52.28327228327229,24.175824175824175,0,39.4,10.7,165.5,1450,hub_milagro_01
2026-02-18T23:40:57.006Z,81.48962148962148,52.210012210012216,24.234432234432234,0,39.0,10.9,165.8,1450,hub_milagro_01
2026-02-18T23:42:57.545Z,81.63614163614163,52.307692307692314,24.293040293040292,0,38.2,10.7,165.4,1450,hub_milagro_01
2026-02-18T23:44:57.889Z,81.6117216117216,52.28327228327229,24.205128205128204,0,38.5,11.0,165.8,1450,hub_milagro_01
2026-02-18T23:46:59.363Z,81.78266178266178,52.28327228327229,24.205128205128204,0,38.9,10.6,166.6,1450,hub_milagro_01
2026-02-18T23:49:01.447Z,81.83150183150182,52.258852258852265,24.263736263736263,0,38.6,10.6,164.9,1450,hub_milagro_01
2026-02-18T23:51:03.764Z,81.88034188034187,52.18559218559219,24.263736263736263,0,38.6,10.7,166.9,1450,hub_milagro_01
2026-02-18T23:53:03.780Z,81.95360195360195,52.210012210012216,24.205128205128204,0,37.7,10.7,163.4,1450,hub_milagro_01
2026-02-18T23:55:07.292Z,82.12454212454212,52.18559218559219,24.175824175824175,0,38.4,10.6,166.4,1450,hub_milagro_01
2026-02-18T23:57:07.661Z,82.22222222222221,52.23443223443224,24.234432234432234,0,38.2,10.6,166.9,1450,hub_milagro_01
2026-02-18T23:59:09.266Z,82.27106227106226,52.28327228327229,24.263736263736263,0,39.0,10.5,164.5,1450,hub_milagro_01
2026-02-19T00:01:11.704Z,82.41758241758241,52.258852258852265,24.175824175824175,0,38.3,10.7,166.8,1450,hub_milagro_01
2026-02-19T00:03:14.666Z,82.5152625152625,52.258852258852265,24.263736263736263,0,38.6,10.8,165.8,1450,hub_milagro_01
2026-02-19T00:05:15.175Z,82.6129426129426,52.210012210012216,24.263736263736263,0,38.9,10.8,166.5,1450,hub_milagro_01
2026-02-19T00:07:20.426Z,82.8083028083028,52.258852258852265,24.205128205128204,0,38.3,10.5,166.1,1450,hub_milagro_01
2026-02-19T00:09:22.340Z,82.95482295482296,52.23443223443224,24.205128205128204,0,38.3,10.7,166.4,1450,hub_milagro_01
2026-02-19T00:11:22.225Z,83.07692307692308,52.23443223443224,24.175824175824175,0,38.2,10.6,164.4,1450,hub_milagro_01
2026-02-19T00:13:21.179Z,83.1990231990232,52.28327228327229,24.234432234432234,0,39.2,10.5,167.3,1450,hub_milagro_01
2026-02-19T00:15:23.594Z,83.22344322344323,52.23443223443224,24.263736263736263,0,37.5,10.6,165.0,1450,hub_milagro_01
2026-02-19T00:17:26.191Z,83.44322344322345,52.28327228327229,24.175824175824175,0,37.9,10.5,167.4,1450,hub_milagro_01
2026-02-19T00:19:27.247Z,83.46764346764347,52.258852258852265,24.205128205128204,0,37.9,10.6,167.8,1450,hub_milagro_01
2026-02-19T00:21:32.909Z,83.61416361416362,52.210012210012216,24.05860805860806,0,38.1,10.4,165.1,1450,hub_milagro_01
2026-02-19T00:23:32.619Z,83.71184371184371,52.258852258852265,24.117216117216117,0,37.5,10.6,167.0,1450,hub_milagro_01
2026-02-19T00:25:35.758Z,83.93162393162393,52.258852258852265,24.05860805860806,0,37.7,10.3,166.6,1450,hub_milagro_01
2026-02-19T00:27:34.411Z,83.95604395604396,52.258852258852265,23.912087912087912,0,38.6,10.5,167.1,1450,hub_milagro_01
2026-02-19T00:29:37.944Z,84.12698412698413,52.23443223443224,23.912087912087912,0,38.4,10.2,166.1,1450,hub_milagro_01
2026-02-19T00:31:40.780Z,84.22466422466422,52.258852258852265,23.912087912087912,0,38.1,5.0,164.8,1450,hub_milagro_01
2026-02-19T00:33:39.078Z,84.3956043956044,52.23443223443224,23.794871794871796,0,38.0,10.4,163.9,1450,hub_milagro_01
2026-02-19T00:35:41.647Z,84.51770451770452,52.210012210012216,23.736263736263737,0,37.9,10.5,167.0,1450,hub_milagro_01
2026-02-19T00:37:42.121Z,84.61538461538461,52.258852258852265,23.64835164835165,0,38.4,10.3,166.6,1450,hub_milagro_01
2026-02-19T00:39:43.431Z,84.66422466422466,52.16117216117217,23.61904761904762,0,37.4,10.4,167.9,1450,hub_milagro_01
2026-02-19T00:41:46.716Z,84.83516483516483,52.28327228327229,23.560439560439562,0,38.2,10.2,169.1,1450,hub_milagro_01
2026-02-19T00:43:45.207Z,84.93284493284493,52.23443223443224,23.472527472527474,0,38.3,10.4,169.5,1450,hub_milagro_01
2026-02-19T00:45:46.651Z,85.07936507936508,52.258852258852265,23.472527472527474,0,38.8,10.2,167.0,1450,hub_milagro_01
2026-02-19T00:47:46.651Z,85.2014652014652,52.28327228327229,23.384615384615387,0,37.7,10.1,167.2,1450,hub_milagro_01
2026-02-19T00:49:50.434Z,85.27472527472527,52.258852258852265,23.32600732600733,0,37.5,10.4,168.8,1450,hub_milagro_01
2026-02-19T00:51:51.538Z,85.39682539682539,52.258852258852265,23.355311355311358,0,38.0,10.1,167.6,1450,hub_milagro_01
2026-02-19T00:53:53.682Z,85.54334554334554,52.28327228327229,23.23809523809524,0,38.5,10.1,166.6,1450,hub_milagro_01
2026-02-19T00:55:52.744Z,85.71428571428571,52.23443223443224,23.26739926739927,0,37.9,10.2,169.4,1450,hub_milagro_01
2026-02-19T00:57:56.556Z,85.76312576312576,52.18559218559219,23.20879120879121,0,38.0,10.1,168.7,1450,hub_milagro_01
2026-02-19T00:59:59.665Z,85.76312576312576,52.16117216117217,23.091575091575095,0,37.8,10.2,168.5,1450,hub_milagro_01
2026-02-19T01:01:59.456Z,85.86080586080585,52.210012210012216,23.091575091575095,0,38.4,10.2,167.3,1450,hub_milagro_01
2026-02-19T01:04:03.622Z,85.93406593406593,52.210012210012216,22.974358974358978,0,38.1,10.3,169.6,1450,hub_milagro_01
2026-02-19T01:06:03.494Z,85.9096459096459,52.23443223443224,22.94505494505495,0,37.6,10.2,168.9,1450,hub_milagro_01
2026-02-19T01:08:03.679Z,85.98290598290599,52.258852258852265,22.85714285714286,0,38.3,10.0,169.3,1450,hub_milagro_01
2026-02-19T01:10:05.483Z,86.03174603174604,52.16117216117217,22.91575091575092,0,38.1,10.0,169.3,1450,hub_milagro_01
2026-02-19T01:12:05.266Z,86.08058608058609,52.16117216117217,22.85714285714286,0,37.5,10.1,167.5,1450,hub_milagro_01
2026-02-19T01:14:07.107Z,86.12942612942614,52.258852258852265,22.710622710622715,0,37.3,10.2,170.2,1450,hub_milagro_01
2026-02-19T01:16:08.895Z,86.20268620268621,52.23443223443224,22.652014652014657,0,37.7,10.1,169.8,1450,hub_milagro_01
2026-02-19T01:18:10.921Z,86.22710622710623,52.210012210012216,22.5934065934066,0,38.2,10.1,170.0,1450,hub_milagro_01
2026-02-19T01:20:11.364Z,86.25152625152626,52.18559218559219,22.56410256410257,0,37.1,10.0,171.1,1450,hub_milagro_01
2026-02-19T01:22:14.958Z,86.3003663003663,52.16117216117217,22.5934065934066,0,38.2,10.1,170.1,1450,hub_milagro_01
2026-02-19T01:24:14.270Z,86.37362637362638,52.18559218559219,22.446886446886452,0,37.3,10.0,170.3,1450,hub_milagro_01
2026-02-19T01:26:17.995Z,86.44688644688645,52.18559218559219,22.446886446886452,0,38.4,10.1,171.1,1450,hub_milagro_01
2026-02-19T01:28:17.121Z,86.44688644688645,52.23443223443224,22.388278388278394,0,38.0,9.9,169.1,1450,hub_milagro_01
2026-02-19T01:30:20.931Z,86.54456654456655,52.18559218559219,22.329670329670336,0,37.4,9.8,168.9,1450,hub_milagro_01
2026-02-19T01:32:22.035Z,86.4957264957265,52.16117216117217,22.241758241758248,0,37.4,10.0,168.5,1450,hub_milagro_01
2026-02-19T01:34:23.904Z,86.56898656898657,52.13675213675214,22.271062271062277,0,37.4,9.9,171.2,1450,hub_milagro_01
2026-02-19T01:36:23.837Z,86.66666666666667,52.16117216117217,22.12454212454213,0,37.6,10.0,171.0,1450,hub_milagro_01
2026-02-19T01:38:21.196Z,86.66666666666667,52.11233211233212,22.15384615384616,0,37.3,10.0,167.8,1450,hub_milagro_01
2026-02-19T01:40:21.807Z,86.76434676434677,52.13675213675214,22.21245421245422,0,36.9,9.9,169.1,1450,hub_milagro_01
2026-02-19T01:42:22.847Z,86.76434676434677,52.13675213675214,22.15384615384616,0,37.5,9.9,172.2,1450,hub_milagro_01
2026-02-19T01:44:22.637Z,86.76434676434677,52.11233211233212,22.12454212454213,0,37.7,9.7,171.2,1450,hub_milagro_01
2026-02-19T01:46:23.031Z,86.81318681318682,52.13675213675214,22.065934065934073,0,38.2,9.9,173.9,1450,hub_milagro_01
2026-02-19T01:48:26.790Z,86.91086691086691,52.087912087912095,22.036630036630044,0,37.3,9.8,172.1,1450,hub_milagro_01
2026-02-19T01:50:26.697Z,86.86202686202687,52.11233211233212,22.095238095238102,0,37.9,9.8,169.9,1450,hub_milagro_01
2026-02-19T01:52:26.301Z,86.95970695970696,52.11233211233212,22.095238095238102,0,37.3,9.9,171.5,1450,hub_milagro_01
2026-02-19T01:54:28.706Z,86.95970695970696,52.16117216117217,22.036630036630044,0,37.6,9.7,168.6,1450,hub_milagro_01
2026-02-19T01:56:29.997Z,87.08180708180709,52.06349206349207,22.12454212454213,0,38.4,9.8,170.4,1450,hub_milagro_01
2026-02-19T01:58:32.946Z,86.91086691086691,52.13675213675214,22.095238095238102,0,37.4,9.8,171.2,1450,hub_milagro_01
2026-02-19T02:00:36.965Z,86.6910866910867,52.11233211233212,22.065934065934073,0,37.8,9.6,171.9,1450,hub_milagro_01
2026-02-19T02:02:36.043Z,86.56898656898657,52.087912087912095,21.978021978021985,0,37.8,9.8,172.2,1450,hub_milagro_01
2026-02-19T02:04:35.694Z,86.34920634920636,52.13675213675214,21.948717948717956,0,37.6,9.7,172.3,1450,hub_milagro_01
2026-02-19T02:06:35.396Z,86.20268620268621,52.16117216117217,21.978021978021985,0,37.2,9.6,172.6,1450,hub_milagro_01
2026-02-19T02:08:36.759Z,86.05616605616606,52.16117216117217,21.919413919413927,0,36.8,9.8,171.9,1450,hub_milagro_01
2026-02-19T02:10:38.591Z,85.9096459096459,52.11233211233212,21.978021978021985,0,37.6,9.6,170.7,1450,hub_milagro_01
2026-02-19T02:12:43.453Z,85.66544566544566,52.13675213675214,22.036630036630044,0,37.3,9.6,172.5,1450,hub_milagro_01
2026-02-19T02:14:45.733Z,85.59218559218559,52.13675213675214,21.919413919413927,0,37.4,9.9,168.5,1450,hub_milagro_01
2026-02-19T02:16:45.203Z,85.42124542124542,52.087912087912095,21.890109890109898,0,38.1,9.5,175.0,1450,hub_milagro_01
2026-02-19T02:18:44.209Z,85.25030525030525,52.11233211233212,21.919413919413927,0,37.7,9.5,172.7,1450,hub_milagro_01
2026-02-19T02:20:46.473Z,85.05494505494505,52.06349206349207,21.890109890109898,0,37.5,9.5,173.6,1450,hub_milagro_01
2026-02-19T02:22:49.549Z,84.9084249084249,52.039072039072046,21.860805860805854,0,37.7,9.7,172.4,1450,hub_milagro_01
2026-02-19T02:24:48.539Z,84.73748473748473,52.11233211233212,21.860805860805854,0,36.8,9.5,173.1,1450,hub_milagro_01
2026-02-19T02:26:47.439Z,84.59096459096459,52.06349206349207,21.831501831501825,0,37.2,9.5,175.4,1450,hub_milagro_01
2026-02-19T02:28:48.623Z,84.44444444444444,52.06349206349207,21.890109890109898,0,37.6,9.7,171.4,1450,hub_milagro_01
2026-02-19T02:30:53.236Z,84.22466422466422,52.06349206349207,21.802197802197796,0,37.1,9.5,174.9,1450,hub_milagro_01
2026-02-19T02:32:53.228Z,84.02930402930403,52.039072039072046,21.890109890109898,0,37.4,9.5,172.7,1450,hub_milagro_01
2026-02-19T02:34:55.339Z,83.90720390720391,52.06349206349207,21.860805860805854,0,36.8,9.5,176.6,1450,hub_milagro_01
2026-02-19T02:36:58.753Z,83.76068376068376,52.087912087912095,21.860805860805854,0,36.6,9.6,176.2,1450,hub_milagro_01
2026-02-19T02:38:57.538Z,83.58974358974359,52.039072039072046,21.772893772893767,0,37.8,9.3,174.7,1450,hub_milagro_01
2026-02-19T02:41:02.503Z,83.44322344322345,52.039072039072046,21.831501831501825,0,37.4,9.3,172.2,1450,hub_milagro_01
2026-02-19T02:43:06.588Z,83.17460317460318,52.01465201465202,21.831501831501825,0,36.5,9.3,173.0,1450,hub_milagro_01
2026-02-19T02:45:07.562Z,83.1013431013431,52.01465201465202,21.802197802197796,0,37.4,9.4,171.8,1450,hub_milagro_01
2026-02-19T02:47:06.495Z,82.90598290598291,51.990231990232,21.743589743589737,0,37.2,9.4,173.5,1450,hub_milagro_01
2026-02-19T02:49:07.517Z,82.66178266178265,52.06349206349207,21.743589743589737,0,38.0,9.3,173.5,1450,hub_milagro_01
2026-02-19T02:51:08.779Z,82.53968253968253,51.990231990232,21.714285714285708,0,37.0,9.4,171.8,1450,hub_milagro_01
2026-02-19T02:53:10.169Z,82.34432234432234,52.087912087912095,21.743589743589737,0,37.5,9.2,171.1,1450,hub_milagro_01
2026-02-19T02:55:12.592Z,82.17338217338217,52.06349206349207,21.743589743589737,0,37.9,9.4,173.5,1450,hub_milagro_01
2026-02-19T02:57:14.765Z,81.97802197802197,52.11233211233212,21.743589743589737,0,36.8,9.5,172.6,1450,hub_milagro_01
2026-02-19T02:59:18.554Z,82.31990231990231,52.11233211233212,21.65567765567765,0,37.1,9.3,173.4,1450,hub_milagro_01
2026-02-19T03:01:19.072Z,82.66178266178265,52.087912087912095,21.68498168498168,0,37.2,9.4,172.8,1450,hub_milagro_01
2026-02-19T03:03:20.893Z,82.95482295482296,52.11233211233212,21.59706959706959,0,38.1,9.5,170.9,1450,hub_milagro_01
2026-02-19T03:05:19.400Z,83.17460317460318,52.11233211233212,21.62637362637362,0,37.1,4.0,170.5,1450,hub_milagro_01
2026-02-19T03:07:18.925Z,83.51648351648352,52.087912087912095,21.59706959706959,0,37.6,9.6,169.6,1450,hub_milagro_01
2026-02-19T03:09:18.549Z,83.80952380952381,52.087912087912095,21.567765567765562,0,36.9,9.6,167.7,1450,hub_milagro_01
2026-02-19T03:11:20.701Z,84.07814407814408,52.06349206349207,21.450549450549445,0,37.2,9.7,167.8,1450,hub_milagro_01
2026-02-19T03:13:23.755Z,84.44444444444444,52.11233211233212,21.509157509157504,0,37.2,9.8,169.2,1450,hub_milagro_01
2026-02-19T03:15:25.080Z,84.73748473748473,52.06349206349207,21.421245421245416,0,37.9,9.8,169.5,1450,hub_milagro_01
2026-02-19T03:17:28.334Z,84.98168498168498,52.039072039072046,21.391941391941387,0,37.3,9.7,168.8,1450,hub_milagro_01
2026-02-19T03:19:27.720Z,85.27472527472527,52.06349206349207,21.479853479853475,0,37.5,9.7,170.4,1450,hub_milagro_01
2026-02-19T03:21:27.397Z,85.66544566544566,52.01465201465202,21.421245421245416,0,37.9,9.7,170.6,1450,hub_milagro_01
2026-02-19T03:23:26.858Z,85.95848595848597,52.039072039072046,21.421245421245416,0,37.8,9.7,169.6,1450,hub_milagro_01
2026-02-19T03:25:30.029Z,86.25152625152626,52.01465201465202,21.27472527472527,0,38.0,9.9,167.5,1450,hub_milagro_01
2026-02-19T03:27:34.641Z,86.54456654456655,51.990231990232,21.3040293040293,0,37.8,10.1,169.1,1450,hub_milagro_01
2026-02-19T03:29:34.215Z,86.81318681318682,52.087912087912095,21.216117216117212,0,37.8,9.7,169.5,1450,hub_milagro_01
2026-02-19T03:31:33.416Z,87.08180708180709,52.06349206349207,21.3040293040293,0,37.3,9.9,168.0,1450,hub_milagro_01
2026-02-19T03:33:35.553Z,87.3992673992674,52.087912087912095,21.27472527472527,0,37.3,9.9,165.2,1450,hub_milagro_01
2026-02-19T03:35:38.708Z,87.61904761904762,52.06349206349207,21.27472527472527,0,37.7,10.0,167.3,1450,hub_milagro_01
2026-02-19T03:37:40.088Z,87.96092796092796,52.087912087912095,21.216117216117212,0,36.8,9.9,165.8,1450,hub_milagro_01
2026-02-19T03:39:44.944Z,88.2051282051282,52.01465201465202,21.216117216117212,0,38.1,10.2,166.3,1450,hub_milagro_01
2026-02-19T03:41:47.127Z,88.52258852258852,52.01465201465202,21.098901098901095,0,38.4,10.1,166.8,1450,hub_milagro_01
2026-02-19T03:43:51.146Z,88.79120879120879,52.039072039072046,21.128205128205124,0,37.9,10.1,166.6,1450,hub_milagro_01
2026-02-19T03:45:56.597Z,89.10866910866912,52.06349206349207,21.098901098901095,0,37.6,10.3,165.4,1450,hub_milagro_01
2026-02-19T03:47:58.227Z,89.42612942612944,52.087912087912095,21.098901098901095,0,38.1,10.2,163.7,1450,hub_milagro_01
2026-02-19T03:50:01.171Z,89.74358974358975,52.06349206349207,21.040293040293037,0,37.2,5.1,165.2,1450,hub_milagro_01
2026-02-19T03:52:02.865Z,89.96336996336997,52.01465201465202,20.95238095238095,0,38.6,10.4,163.0,1450,hub_milagro_01
2026-02-19T03:54:06.872Z,90.25641025641026,52.01465201465202,21.010989010989007,0,38.6,10.3,164.3,1450,hub_milagro_01
2026-02-19T03:56:06.818Z,90.64713064713065,52.06349206349207,20.981684981684978,0,37.7,10.4,162.5,1450,hub_milagro_01
2026-02-19T03:58:09.724Z,90.91575091575092,52.039072039072046,20.89377289377289,0,37.5,10.1,163.5,1450,hub_milagro_01
2026-02-19T04:00:10.500Z,90.84249084249085,52.06349206349207,20.835164835164832,0,37.8,10.6,162.6,1450,hub_milagro_01
2026-02-19T04:02:10.661Z,90.76923076923077,51.990231990232,20.92307692307692,0,37.9,10.3,164.9,1450,hub_milagro_01
2026-02-19T04:04:13.207Z,90.74481074481075,52.087912087912095,20.835164835164832,0,37.8,10.5,163.8,1450,hub_milagro_01
2026-02-19T04:06:14.628Z,90.5982905982906,51.990231990232,20.776556776556774,0,38.4,10.6,165.9,1450,hub_milagro_01
2026-02-19T04:08:17.569Z,90.5982905982906,52.01465201465202,20.835164835164832,0,37.7,10.7,163.3,1450,hub_milagro_01
2026-02-19T04:10:21.783Z,90.5006105006105,52.039072039072046,20.776556776556774,0,37.8,10.7,164.4,1450,hub_milagro_01
2026-02-19T04:12:21.338Z,90.35409035409036,51.990231990232,20.776556776556774,0,38.2,10.7,163.2,1450,hub_milagro_01
2026-02-19T04:14:22.466Z,90.40293040293041,52.01465201465202,20.688644688644686,0,37.6,10.5,164.4,1450,hub_milagro_01
2026-02-19T04:16:25.535Z,90.23199023199024,51.96581196581197,20.630036630036628,0,38.0,10.6,162.5,1450,hub_milagro_01
2026-02-19T04:18:24.668Z,90.15873015873017,52.01465201465202,20.630036630036628,0,38.5,10.8,162.3,1450,hub_milagro_01
2026-02-19T04:20:24.171Z,90.15873015873017,51.94139194139195,20.57142857142857,0,38.1,10.6,161.9,1450,hub_milagro_01
2026-02-19T04:22:26.232Z,90.08547008547009,51.94139194139195,20.57142857142857,0,38.5,10.7,160.6,1450,hub_milagro_01
2026-02-19T04:24:26.291Z,89.96336996336997,52.01465201465202,20.366300366300365,0,38.2,10.6,161.8,1450,hub_milagro_01
2026-02-19T04:26:29.602Z,89.86568986568987,52.06349206349207,20.366300366300365,0,38.0,10.8,160.5,1450,hub_milagro_01
2026-02-19T04:28:31.242Z,89.81684981684982,52.01465201465202,20.249084249084248,0,38.5,4.9,161.4,1450,hub_milagro_01
2026-02-19T04:30:33.503Z,89.71916971916973,52.01465201465202,20.13186813186813,0,38.5,11.0,161.3,1450,hub_milagro_01
2026-02-19T04:32:36.055Z,89.64590964590965,51.96581196581197,20.102564102564102,0,38.5,11.1,158.6,1450,hub_milagro_01
2026-02-19T04:34:39.580Z,89.67032967032968,51.96581196581197,20.102564102564102,0,38.6,10.9,161.4,1450,hub_milagro_01
2026-02-19T04:36:39.815Z,89.49938949938951,52.039072039072046,20.043956043956044,0,37.7,10.8,158.9,1450,hub_milagro_01
2026-02-19T04:38:41.977Z,89.52380952380953,51.990231990232,19.956043956043956,0,38.4,11.1,159.0,1450,hub_milagro_01
2026-02-19T04:40:45.075Z,89.40170940170941,52.06349206349207,19.750915750915752,0,38.3,11.3,158.4,1450,hub_milagro_01
2026-02-19T04:42:49.866Z,89.30402930402931,52.01465201465202,19.721611721611723,0,38.4,11.3,159.2,1450,hub_milagro_01
2026-02-19T04:44:53.856Z,89.25518925518926,52.01465201465202,19.663003663003664,0,38.1,11.0,160.7,1450,hub_milagro_01
2026-02-19T04:46:57.002Z,89.18192918192919,51.990231990232,19.633699633699635,0,39.4,11.3,158.2,1450,hub_milagro_01
2026-02-19T04:48:55.798Z,89.03540903540903,51.96581196581197,19.545787545787547,0,38.5,11.1,158.2,1450,hub_milagro_01
2026-02-19T04:50:59.920Z,89.05982905982906,52.01465201465202,19.369963369963372,0,38.6,11.3,158.2,1450,hub_milagro_01
2026-02-19T04:53:03.416Z,88.91330891330891,52.039072039072046,19.340659340659343,0,38.4,11.3,158.5,1450,hub_milagro_01
2026-02-19T04:55:03.935Z,88.84004884004884,52.01465201465202,19.340659340659343,0,37.9,11.3,156.8,1450,hub_milagro_01
2026-02-19T04:57:03.336Z,88.81562881562881,52.039072039072046,19.13553113553114,0,38.6,11.4,158.0,1450,hub_milagro_01
2026-02-19T04:59:03.669Z,88.71794871794872,52.06349206349207,19.194139194139197,0,38.9,11.6,158.0,1450,hub_milagro_01
2026-02-19T05:01:04.858Z,88.84004884004884,51.96581196581197,19.018315018315015,0,39.1,11.4,157.1,1450,hub_milagro_01
2026-02-19T05:03:06.672Z,88.91330891330891,51.990231990232,19.018315018315015,0,38.6,11.3,158.0,1450,hub_milagro_01
2026-02-19T05:05:05.114Z,89.0842490842491,52.06349206349207,18.901098901098898,0,38.4,11.4,157.4,1450,hub_milagro_01
2026-02-19T05:07:08.471Z,89.27960927960929,51.990231990232,18.901098901098898,0,39.3,11.5,156.2,1450,hub_milagro_01
2026-02-19T05:09:07.326Z,89.40170940170941,52.06349206349207,18.725274725274723,0,38.7,11.3,158.1,1450,hub_milagro_01
2026-02-19T05:11:08.657Z,89.45054945054946,52.039072039072046,18.637362637362635,0,38.4,11.6,156.9,1450,hub_milagro_01
2026-02-19T05:13:11.135Z,89.62148962148963,52.01465201465202,18.666666666666664,0,38.6,11.5,157.2,1450,hub_milagro_01
2026-02-19T05:15:12.325Z,89.71916971916973,52.087912087912095,18.52014652014652,0,38.1,11.8,157.5,1450,hub_milagro_01
2026-02-19T05:17:15.126Z,89.84126984126985,52.039072039072046,18.46153846153846,0,38.9,11.7,157.8,1450,hub_milagro_01
2026-02-19T05:19:14.679Z,89.98778998779,52.11233211233212,18.4029304029304,0,38.5,11.7,157.0,1450,hub_milagro_01
2026-02-19T05:21:14.411Z,90.10989010989012,52.087912087912095,18.285714285714285,0,38.9,11.7,159.5,1450,hub_milagro_01
2026-02-19T05:23:17.856Z,90.32967032967034,52.01465201465202,18.197802197802197,0,38.8,11.9,157.5,1450,hub_milagro_01
2026-02-19T05:25:21.531Z,90.35409035409036,52.01465201465202,18.168498168498168,0,38.9,11.8,155.1,1450,hub_milagro_01
2026-02-19T05:27:25.435Z,90.5006105006105,52.01465201465202,18.10989010989011,0,38.2,12.0,157.4,1450,hub_milagro_01
2026-02-19T05:29:29.930Z,90.62271062271063,52.06349206349207,17.992673992673993,0,37.3,11.9,158.7,1450,hub_milagro_01
2026-02-19T05:31:33.418Z,90.74481074481075,52.087912087912095,17.904761904761905,0,39.4,11.8,156.5,1450,hub_milagro_01
2026-02-19T05:33:33.312Z,90.86691086691087,52.01465201465202,17.875457875457876,0,38.8,12.0,158.7,1450,hub_milagro_01
2026-02-19T05:35:37.300Z,91.03785103785104,51.990231990232,17.75824175824176,0,38.8,11.8,158.6,1450,hub_milagro_01
2026-02-19T05:37:39.500Z,91.20879120879121,52.06349206349207,17.75824175824176,0,38.6,11.9,157.3,1450,hub_milagro_01
2026-02-19T05:39:41.722Z,91.28205128205128,51.990231990232,17.72893772893773,0,39.0,11.9,159.5,1450,hub_milagro_01
2026-02-19T05:41:43.410Z,91.4041514041514,51.990231990232,17.72893772893773,0,39.8,12.0,157.0,1450,hub_milagro_01
2026-02-19T05:43:42.141Z,91.47741147741148,52.06349206349207,17.67032967032967,0,39.1,12.3,156.2,1450,hub_milagro_01
2026-02-19T05:45:42.888Z,91.5995115995116,52.039072039072046,17.582417582417584,0,38.0,12.1,155.9,1450,hub_milagro_01
2026-02-19T05:47:43.085Z,91.7948717948718,52.01465201465202,17.611721611721613,0,38.6,12.1,157.2,1450,hub_milagro_01
2026-02-19T05:49:44.672Z,91.86813186813187,51.990231990232,17.67032967032967,0,38.6,12.1,155.5,1450,hub_milagro_01
2026-02-19T05:51:45.247Z,92.01465201465201,51.96581196581197,17.611721611721613,0,38.1,12.2,155.1,1450,hub_milagro_01
2026-02-19T05:53:44.697Z,92.11233211233211,52.01465201465202,17.523809523809526,0,38.0,12.2,157.2,1450,hub_milagro_01
2026-02-19T05:55:47.022Z,92.18559218559218,52.039072039072046,17.582417582417584,0,38.4,12.5,156.2,1450,hub_milagro_01
2026-02-19T05:57:47.211Z,92.4053724053724,52.039072039072046,17.641025641025642,0,38.5,12.3,156.9,1450,hub_milagro_01
2026-02-19T05:59:46.674Z,92.5030525030525,52.06349206349207,17.611721611721613,0,38.2,12.3,157.7,1450,hub_milagro_01
2026-02-19T06:01:50.618Z,92.35653235653236,52.039072039072046,17.523809523809526,0,37.6,12.3,153.9,1450,hub_milagro_01
2026-02-19T06:03:54.524Z,92.28327228327228,52.039072039072046,17.553113553113555,0,37.5,12.6,155.8,1450,hub_milagro_01
2026-02-19T06:05:59.510Z,92.28327228327228,51.990231990232,17.553113553113555,0,38.4,12.3,156.3,1450,hub_milagro_01
2026-02-19T06:08:01.172Z,92.11233211233211,52.06349206349207,17.494505494505496,0,37.9,12.4,155.2,1450,hub_milagro_01
2026-02-19T06:10:05.259Z,92.01465201465201,51.990231990232,17.465201465201467,0,38.0,12.4,156.8,1450,hub_milagro_01
2026-02-19T06:12:09.793Z,92.03907203907204,52.06349206349207,17.494505494505496,0,37.5,12.6,158.5,1450,hub_milagro_01
2026-02-19T06:14:10.855Z,91.91697191697192,52.087912087912095,17.40659340659341,0,36.9,12.6,155.9,1450,hub_milagro_01
2026-02-19T06:16:12.853Z,91.84371184371184,51.990231990232,17.494505494505496,0,37.7,12.6,155.1,1450,hub_milagro_01
2026-02-19T06:18:13.505Z,91.77045177045177,52.087912087912095,17.523809523809526,0,37.0,12.7,156.8,1450,hub_milagro_01
2026-02-19T06:20:18.383Z,91.62393162393163,52.01465201465202,17.494505494505496,0,37.4,12.8,156.5,1450,hub_milagro_01
2026-02-19T06:22:19.019Z,91.5995115995116,52.039072039072046,17.435897435897438,0,36.4,12.7,155.8,1450,hub_milagro_01
2026-02-19T06:24:20.489Z,91.45299145299145,51.990231990232,17.37728937728938,0,36.5,13.0,156.1,1450,hub_milagro_01
2026-02-19T06:26:24.109Z,91.4041514041514,51.990231990232,17.435897435897438,0,36.6,12.7,155.9,1450,hub_milagro_01
2026-02-19T06:28:24.427Z,91.28205128205128,52.039072039072046,17.40659340659341,0,37.4,12.4,154.9,1450,hub_milagro_01
2026-02-19T06:30:29.056Z,91.18437118437119,51.990231990232,17.465201465201467,0,36.5,12.6,155.4,1450,hub_milagro_01
2026-02-19T06:32:32.091Z,91.06227106227107,52.06349206349207,17.34798534798535,0,36.6,12.3,154.8,1450,hub_milagro_01
2026-02-19T06:34:36.526Z,91.01343101343102,52.06349206349207,17.465201465201467,0,36.4,12.4,155.3,1450,hub_milagro_01
2026-02-19T06:36:38.996Z,90.8913308913309,52.01465201465202,17.37728937728938,0,36.5,12.3,155.0,1450,hub_milagro_01
2026-02-19T06:38:43.062Z,90.84249084249085,51.990231990232,17.34798534798535,0,36.4,12.3,152.9,1450,hub_milagro_01
2026-02-19T06:40:44.685Z,90.6959706959707,52.039072039072046,17.435897435897438,0,36.7,5.6,156.1,1450,hub_milagro_01
2026-02-19T06:42:44.278Z,90.67155067155068,52.087912087912095,17.37728937728938,0,36.6,12.1,153.9,1450,hub_milagro_01
2026-02-19T06:44:46.859Z,90.5982905982906,52.039072039072046,17.34798534798535,0,36.0,12.1,155.6,1450,hub_milagro_01
2026-02-19T06:46:45.594Z,90.45177045177046,52.06349206349207,17.289377289377292,0,35.9,5.4,157.2,1450,hub_milagro_01
2026-02-19T06:48:45.248Z,90.32967032967034,51.990231990232,17.37728937728938,0,35.7,12.1,154.5,1450,hub_milagro_01
2026-02-19T06:50:49.935Z,90.32967032967034,52.01465201465202,17.40659340659341,0,36.1,12.2,154.4,1450,hub_milagro_01
2026-02-19T06:52:53.189Z,90.13431013431014,52.087912087912095,17.37728937728938,0,35.9,12.2,158.4,1450,hub_milagro_01
2026-02-19T06:54:57.816Z,90.10989010989012,51.96581196581197,17.289377289377292,0,35.5,11.6,156.0,1450,hub_milagro_01
2026-02-19T06:56:59.324Z,89.98778998779,52.01465201465202,17.34798534798535,0,35.5,11.9,152.6,1450,hub_milagro_01
2026-02-19T06:58:59.240Z,89.86568986568987,52.06349206349207,17.34798534798535,0,35.4,11.9,154.6,1450,hub_milagro_01
2026-02-19T07:01:03.330Z,89.76800976800978,51.96581196581197,17.260073260073263,0,35.6,11.7,157.1,1450,hub_milagro_01
2026-02-19T07:03:05.380Z,89.64590964590965,52.06349206349207,17.34798534798535,0,35.6,11.9,153.3,1450,hub_milagro_01
2026-02-19T07:05:08.002Z,89.40170940170941,52.039072039072046,17.40659340659341,0,35.2,11.8,154.7,1450,hub_milagro_01
2026-02-19T07:07:13.417Z,89.27960927960929,51.990231990232,17.40659340659341,0,34.9,11.5,156.5,1450,hub_milagro_01
2026-02-19T07:09:16.606Z,89.13308913308914,52.01465201465202,17.40659340659341,0,35.0,11.6,153.6,1450,hub_milagro_01
2026-02-19T07:11:18.916Z,88.93772893772893,51.96581196581197,17.494505494505496,0,35.2,11.7,155.0,1450,hub_milagro_01
2026-02-19T07:13:19.398Z,88.79120879120879,52.01465201465202,17.494505494505496,0,35.1,11.5,153.6,1450,hub_milagro_01
2026-02-19T07:15:19.639Z,88.62026862026862,51.990231990232,17.465201465201467,0,34.9,11.2,154.4,1450,hub_milagro_01
2026-02-19T07:17:21.285Z,88.37606837606837,51.990231990232,17.523809523809526,0,35.3,11.4,152.3,1450,hub_milagro_01
2026-02-19T07:19:23.635Z,88.22954822954823,52.039072039072046,17.494505494505496,0,34.3,11.3,155.5,1450,hub_milagro_01
2026-02-19T07:21:22.667Z,88.00976800976801,52.01465201465202,17.494505494505496,0,34.3,11.3,154.0,1450,hub_milagro_01
2026-02-19T07:23:24.523Z,87.83882783882784,51.96581196581197,17.611721611721613,0,34.7,11.2,154.5,1450,hub_milagro_01
2026-02-19T07:25:26.308Z,87.6923076923077,51.990231990232,17.611721611721613,0,34.8,11.1,155.9,1450,hub_milagro_01
2026-02-19T07:27:25.996Z,87.54578754578755,51.96581196581197,17.67032967032967,0,34.0,11.2,153.8,1450,hub_milagro_01
2026-02-19T07:29:30.096Z,87.3992673992674,52.039072039072046,17.6996336996337,0,33.9,11.3,152.1,1450,hub_milagro_01
2026-02-19T07:31:29.913Z,87.17948717948718,52.039072039072046,17.75824175824176,0,33.9,10.9,155.1,1450,hub_milagro_01
2026-02-19T07:33:30.550Z,87.03296703296704,52.039072039072046,17.78754578754579,0,34.1,10.8,156.7,1450,hub_milagro_01
2026-02-19T07:35:31.115Z,86.7887667887668,52.039072039072046,17.78754578754579,0,34.6,10.9,155.9,1450,hub_milagro_01
2026-02-19T07:37:30.886Z,86.64224664224665,51.96581196581197,17.816849816849818,0,33.5,10.9,154.6,1450,hub_milagro_01
2026-02-19T07:39:34.635Z,86.47130647130648,52.01465201465202,17.816849816849818,0,33.5,11.0,153.2,1450,hub_milagro_01
2026-02-19T07:41:33.417Z,86.22710622710623,52.06349206349207,17.75824175824176,0,34.3,10.9,157.6,1450,hub_milagro_01
2026-02-19T07:43:33.198Z,86.12942612942614,52.06349206349207,17.904761904761905,0,33.3,10.6,155.2,1450,hub_milagro_01
2026-02-19T07:45:36.479Z,85.88522588522588,52.039072039072046,17.816849816849818,0,33.2,10.6,156.5,1450,hub_milagro_01
2026-02-19T07:47:36.781Z,85.73870573870573,51.96581196581197,17.934065934065934,0,33.4,10.7,155.9,1450,hub_milagro_01
2026-02-19T07:49:35.029Z,85.54334554334554,51.96581196581197,17.963369963369964,0,33.5,10.7,152.8,1450,hub_milagro_01
2026-02-19T07:51:38.566Z,85.32356532356532,52.039072039072046,17.904761904761905,0,34.0,10.6,153.5,1450,hub_milagro_01
2026-02-19T07:53:41.738Z,85.22588522588522,52.01465201465202,18.021978021978022,0,33.4,10.7,155.5,1450,hub_milagro_01
2026-02-19T07:55:41.040Z,85.03052503052503,51.990231990232,17.963369963369964,0,32.9,10.5,154.3,1450,hub_milagro_01
2026-02-19T07:57:40.037Z,84.78632478632478,51.96581196581197,18.021978021978022,0,33.9,10.5,156.0,1450,hub_milagro_01
2026-02-19T07:59:39.978Z,84.63980463980464,51.96581196581197,18.08058608058608,0,33.7,10.5,157.2,1450,hub_milagro_01
2026-02-19T08:01:39.740Z,84.3956043956044,52.039072039072046,18.168498168498168,0,32.8,4.0,157.5,1450,hub_milagro_01
2026-02-19T08:03:40.492Z,84.42002442002442,51.96581196581197,18.13919413919414,0,32.9,10.5,157.6,1450,hub_milagro_01
2026-02-19T08:05:43.904Z,84.3956043956044,52.039072039072046,18.256410256410255,0,33.1,10.4,154.4,1450,hub_milagro_01
2026-02-19T08:07:42.892Z,84.37118437118437,52.01465201465202,18.227106227106226,0,32.7,10.3,156.4,1450,hub_milagro_01
2026-02-19T08:09:43.417Z,84.2979242979243,52.01465201465202,18.256410256410255,0,32.4,10.2,157.8,1450,hub_milagro_01
2026-02-19T08:11:45.122Z,84.2979242979243,51.990231990232,18.285714285714285,0,32.3,10.1,156.1,1450,hub_milagro_01
2026-02-19T08:13:46.662Z,84.17582417582418,51.990231990232,18.373626373626372,0,32.8,10.3,157.4,1450,hub_milagro_01
2026-02-19T08:15:46.622Z,84.15140415140415,51.96581196581197,18.315018315018314,0,33.4,10.1,156.4,1450,hub_milagro_01
2026-02-19T08:17:45.280Z,84.17582417582418,52.039072039072046,18.315018315018314,0,31.9,9.9,156.9,1450,hub_milagro_01
2026-02-19T08:19:44.501Z,84.15140415140415,52.06349206349207,18.46153846153846,0,31.8,10.0,155.1,1450,hub_milagro_01
2026-02-19T08:21:45.810Z,84.004884004884,52.039072039072046,18.49084249084249,0,32.2,9.9,155.3,1450,hub_milagro_01
2026-02-19T08:23:44.908Z,84.02930402930403,51.990231990232,18.49084249084249,0,31.9,9.7,158.5,1450,hub_milagro_01
2026-02-19T08:25:47.301Z,84.02930402930403,51.96581196581197,18.46153846153846,0,32.2,9.7,158.0,1450,hub_milagro_01
2026-02-19T08:27:46.131Z,83.90720390720391,51.96581196581197,18.49084249084249,0,32.1,9.8,157.8,1450,hub_milagro_01
2026-02-19T08:29:51.473Z,83.88278388278388,52.087912087912095,18.52014652014652,0,33.3,9.9,156.8,1450,hub_milagro_01
2026-02-19T08:31:53.868Z,83.85836385836386,51.990231990232,18.49084249084249,0,33.1,9.8,154.9,1450,hub_milagro_01
2026-02-19T08:33:57.160Z,83.83394383394383,51.990231990232,18.52014652014652,0,33.4,9.8,157.5,1450,hub_milagro_01
2026-02-19T08:36:02.878Z,83.68742368742369,52.06349206349207,18.52014652014652,0,32.9,9.5,159.2,1450,hub_milagro_01
2026-02-19T08:38:01.825Z,83.68742368742369,51.990231990232,18.52014652014652,0,33.0,9.6,159.0,1450,hub_milagro_01
2026-02-19T08:40:02.398Z,83.71184371184371,52.01465201465202,18.46153846153846,0,33.0,9.5,158.4,1450,hub_milagro_01
2026-02-19T08:42:04.481Z,83.66300366300366,51.990231990232,18.4029304029304,0,33.4,9.5,157.1,1450,hub_milagro_01
2026-02-19T08:44:03.523Z,83.56532356532357,52.06349206349207,18.49084249084249,0,33.9,9.6,156.2,1450,hub_milagro_01
2026-02-19T08:46:04.676Z,83.56532356532357,52.06349206349207,18.52014652014652,0,33.7,9.4,157.5,1450,hub_milagro_01
2026-02-19T08:48:08.395Z,83.44322344322345,51.990231990232,18.549450549450547,0,34.1,9.5,156.9,1450,hub_milagro_01
2026-02-19T08:50:10.797Z,83.3943833943834,52.06349206349207,18.52014652014652,0,34.4,9.4,158.5,1450,hub_milagro_01
2026-02-19T08:52:09.865Z,83.32112332112332,52.039072039072046,18.49084249084249,0,33.8,9.3,156.0,1450,hub_milagro_01
2026-02-19T08:54:09.869Z,83.34554334554335,52.01465201465202,18.49084249084249,0,34.3,9.2,157.1,1450,hub_milagro_01
2026-02-19T08:56:10.627Z,83.24786324786325,51.990231990232,18.549450549450547,0,34.2,9.3,157.7,1450,hub_milagro_01
2026-02-19T08:58:13.040Z,83.27228327228327,51.96581196581197,18.578754578754577,0,34.7,9.2,159.0,1450,hub_milagro_01
2026-02-19T09:00:12.323Z,83.12576312576313,52.01465201465202,18.46153846153846,0,34.5,9.0,159.0,1450,hub_milagro_01
2026-02-19T09:02:11.964Z,83.17460317460318,52.01465201465202,18.49084249084249,0,35.0,8.8,158.6,1450,hub_milagro_01
2026-02-19T09:04:11.705Z,83.27228327228327,52.06349206349207,18.578754578754577,0,35.2,9.1,157.1,1450,hub_milagro_01
2026-02-19T09:06:16.663Z,83.44322344322345,51.990231990232,18.49084249084249,0,35.4,8.9,156.4,1450,hub_milagro_01
2026-02-19T09:08:19.169Z,83.54090354090354,52.039072039072046,18.549450549450547,0,35.1,8.8,156.3,1450,hub_milagro_01
2026-02-19T09:10:23.119Z,83.73626373626374,51.96581196581197,18.549450549450547,0,36.1,8.7,158.6,1450,hub_milagro_01
2026-02-19T09:12:28.881Z,83.78510378510379,52.01465201465202,18.52014652014652,0,36.2,8.7,159.3,1450,hub_milagro_01
2026-02-19T09:14:27.422Z,83.95604395604396,52.06349206349207,18.549450549450547,0,35.6,8.6,157.5,1450,hub_milagro_01
2026-02-19T09:16:26.946Z,84.05372405372405,52.01465201465202,18.549450549450547,0,36.0,8.6,160.2,1450,hub_milagro_01
2026-02-19T09:18:27.985Z,84.17582417582418,52.039072039072046,18.578754578754577,0,35.5,4.0,159.0,1450,hub_milagro_01
2026-02-19T09:20:30.387Z,84.42002442002442,51.990231990232,18.549450549450547,0,36.3,8.6,157.7,1450,hub_milagro_01
2026-02-19T09:22:34.317Z,84.44444444444444,52.039072039072046,18.578754578754577,0,36.2,8.6,159.5,1450,hub_milagro_01
2026-02-19T09:24:37.637Z,84.61538461538461,52.039072039072046,18.549450549450547,0,37.0,8.3,161.5,1450,hub_milagro_01
2026-02-19T09:26:41.727Z,84.78632478632478,52.039072039072046,18.666666666666664,0,37.3,8.5,158.7,1450,hub_milagro_01
2026-02-19T09:28:42.152Z,84.95726495726495,51.96581196581197,18.695970695970693,0,36.7,8.6,161.8,1450,hub_milagro_01
2026-02-19T09:30:45.523Z,85.07936507936508,52.01465201465202,18.578754578754577,0,37.4,8.3,158.5,1450,hub_milagro_01
2026-02-19T09:32:44.888Z,85.2014652014652,52.01465201465202,18.637362637362635,0,37.5,8.3,159.5,1450,hub_milagro_01
2026-02-19T09:34:45.747Z,85.27472527472527,52.01465201465202,18.608058608058606,0,37.1,8.3,160.9,1450,hub_milagro_01
2026-02-19T09:36:48.124Z,85.49450549450549,52.039072039072046,18.725274725274723,0,37.4,8.1,160.3,1450,hub_milagro_01
2026-02-19T09:38:48.275Z,85.51892551892551,52.039072039072046,18.754578754578752,0,37.7,8.3,158.4,1450,hub_milagro_01
2026-02-19T09:40:52.326Z,85.66544566544566,52.087912087912095,18.666666666666664,0,37.0,8.0,159.3,1450,hub_milagro_01
2026-02-19T09:42:54.457Z,85.88522588522588,52.06349206349207,18.666666666666664,0,38.2,8.0,159.2,1450,hub_milagro_01
2026-02-19T09:44:53.341Z,86.00732600732601,51.990231990232,18.725274725274723,0,37.8,8.0,159.5,1450,hub_milagro_01
2026-02-19T09:46:56.516Z,86.05616605616606,52.039072039072046,18.78388278388278,0,38.4,8.0,160.8,1450,hub_milagro_01
2026-02-19T09:48:56.427Z,86.20268620268621,52.01465201465202,18.754578754578752,0,38.0,8.0,161.0,1450,hub_milagro_01
2026-02-19T09:50:58.058Z,86.37362637362638,51.990231990232,18.754578754578752,0,37.9,8.3,157.7,1450,hub_milagro_01
2026-02-19T09:53:01.385Z,86.47130647130648,52.01465201465202,18.78388278388278,0,38.6,8.2,159.6,1450,hub_milagro_01
2026-02-19T09:55:01.491Z,86.64224664224665,52.06349206349207,18.87179487179487,0,37.8,8.3,160.3,1450,hub_milagro_01
2026-02-19T09:57:06.268Z,86.76434676434677,52.01465201465202,18.87179487179487,0,38.7,8.4,161.2,1450,hub_milagro_01
2026-02-19T09:59:07.680Z,86.88644688644689,52.06349206349207,18.81318681318681,0,39.2,8.3,161.3,1450,hub_milagro_01
2026-02-19T10:01:08.177Z,86.98412698412699,51.990231990232,18.78388278388278,0,39.0,8.6,159.7,1450,hub_milagro_01
2026-02-19T10:03:11.781Z,87.13064713064713,52.01465201465202,18.930402930402927,0,38.8,4.0,163.8,1450,hub_milagro_01
2026-02-19T10:05:14.655Z,87.10622710622711,52.01465201465202,18.901098901098898,0,39.6,8.6,159.0,1450,hub_milagro_01
2026-02-19T10:07:14.085Z,87.22832722832723,51.990231990232,18.87179487179487,0,39.9,8.6,159.5,1450,hub_milagro_01
2026-02-19T10:09:16.124Z,87.22832722832723,51.990231990232,18.930402930402927,0,39.2,8.9,160.0,1450,hub_milagro_01
2026-02-19T10:11:17.542Z,87.17948717948718,51.94139194139195,18.87179487179487,0,39.5,8.8,159.4,1450,hub_milagro_01
2026-02-19T10:13:21.843Z,87.25274725274726,52.039072039072046,18.989010989010985,0,40.0,8.9,162.8,1450,hub_milagro_01
2026-02-19T10:15:26.044Z,87.25274725274726,51.94139194139195,18.989010989010985,0,40.1,8.9,159.1,1450,hub_milagro_01
2026-02-19T10:17:29.348Z,87.35042735042735,51.96581196581197,18.989010989010985,0,40.3,8.9,159.6,1450,hub_milagro_01
2026-02-19T10:19:30.804Z,87.35042735042735,51.94139194139195,18.989010989010985,0,40.1,8.9,159.3,1450,hub_milagro_01
2026-02-19T10:21:33.268Z,87.3992673992674,51.94139194139195,19.047619047619044,0,40.6,8.9,161.5,1450,hub_milagro_01
2026-02-19T10:23:33.033Z,87.35042735042735,51.94139194139195,19.047619047619044,0,40.8,9.0,158.8,1450,hub_milagro_01
2026-02-19T10:25:36.733Z,87.3992673992674,51.990231990232,18.989010989010985,0,41.0,9.2,160.9,1450,hub_milagro_01
2026-02-19T10:27:37.090Z,87.47252747252747,52.01465201465202,19.13553113553114,0,40.5,9.2,159.9,1450,hub_milagro_01
2026-02-19T10:29:38.230Z,87.42368742368743,52.01465201465202,19.13553113553114,0,41.0,9.1,159.1,1450,hub_milagro_01
2026-02-19T10:31:41.358Z,87.47252747252747,51.916971916971924,19.10622710622711,0,41.1,9.1,162.2,1450,hub_milagro_01
2026-02-19T10:33:40.701Z,87.54578754578755,51.990231990232,19.194139194139197,0,41.7,9.2,161.1,1450,hub_milagro_01
2026-02-19T10:35:42.199Z,87.57020757020757,51.96581196581197,19.10622710622711,0,41.3,9.3,160.6,1450,hub_milagro_01
2026-02-19T10:37:43.130Z,87.54578754578755,51.96581196581197,19.223443223443226,0,40.5,9.5,162.8,1450,hub_milagro_01
2026-02-19T10:39:43.584Z,87.52136752136752,51.916971916971924,19.13553113553114,0,41.9,9.5,161.7,1450,hub_milagro_01
2026-02-19T10:41:47.320Z,87.61904761904762,52.01465201465202,19.194139194139197,0,42.8,9.3,160.8,1450,hub_milagro_01
2026-02-19T10:43:51.337Z,87.57020757020757,51.990231990232,19.223443223443226,0,42.2,4.0,161.5,1450,hub_milagro_01
2026-02-19T10:45:55.767Z,87.6923076923077,51.96581196581197,19.194139194139197,0,42.0,9.5,160.9,1450,hub_milagro_01
2026-02-19T10:47:55.601Z,87.71672771672772,51.96581196581197,19.223443223443226,0,42.5,9.5,161.0,1450,hub_milagro_01
2026-02-19T10:50:00.540Z,87.5946275946276,52.01465201465202,19.223443223443226,0,42.9,9.6,161.0,1450,hub_milagro_01
2026-02-19T10:52:01.112Z,87.61904761904762,51.990231990232,19.340659340659343,0,42.5,9.6,162.4,1450,hub_milagro_01
2026-02-19T10:54:06.509Z,87.66788766788767,52.01465201465202,19.340659340659343,0,42.9,9.7,163.7,1450,hub_milagro_01
2026-02-19T10:56:05.247Z,87.74114774114774,51.916971916971924,19.311355311355314,0,43.2,9.7,162.5,1450,hub_milagro_01
2026-02-19T10:58:06.744Z,87.6923076923077,51.916971916971924,19.369963369963372,0,43.1,9.8,160.6,1450,hub_milagro_01
2026-02-19T11:00:09.876Z,87.76556776556777,52.01465201465202,19.45787545787546,0,43.2,9.8,162.4,1450,hub_milagro_01
2026-02-19T11:02:09.362Z,87.76556776556777,51.8925518925519,19.3992673992674,0,42.9,9.9,163.7,1450,hub_milagro_01
2026-02-19T11:04:10.024Z,87.74114774114774,51.916971916971924,19.516483516483518,0,43.1,9.9,160.0,1450,hub_milagro_01
2026-02-19T11:06:11.904Z,87.42368742368743,51.8925518925519,19.516483516483518,0,42.5,10.1,160.7,1450,hub_milagro_01
2026-02-19T11:08:11.013Z,87.13064713064713,51.990231990232,19.663003663003664,0,42.7,10.1,159.4,1450,hub_milagro_01
2026-02-19T11:10:10.291Z,86.66666666666667,51.96581196581197,19.692307692307693,0,43.3,10.1,162.2,1450,hub_milagro_01
2026-02-19T11:12:08.273Z,86.37362637362638,51.94139194139195,19.78021978021978,0,42.7,4.0,161.3,1450,hub_milagro_01
2026-02-19T11:14:08.727Z,86.03174603174604,51.8925518925519,19.78021978021978,0,43.4,10.0,161.7,1450,hub_milagro_01
2026-02-19T11:16:13.264Z,85.64102564102564,51.916971916971924,19.956043956043956,0,43.1,9.9,159.6,1450,hub_milagro_01
2026-02-19T11:18:16.319Z,85.2991452991453,51.96581196581197,19.956043956043956,0,42.0,10.4,164.0,1450,hub_milagro_01
2026-02-19T11:20:16.298Z,84.98168498168498,51.916971916971924,20.102564102564102,0,43.1,10.2,162.4,1450,hub_milagro_01
2026-02-19T11:22:18.864Z,84.59096459096459,51.96581196581197,20.043956043956044,0,42.4,10.3,160.9,1450,hub_milagro_01
2026-02-19T11:24:20.542Z,84.15140415140415,51.916971916971924,20.13186813186813,0,42.2,10.3,163.5,1450,hub_milagro_01
2026-02-19T11:26:24.156Z,83.80952380952381,51.96581196581197,20.21978021978022,0,42.2,4.0,159.2,1450,hub_milagro_01
2026-02-19T11:28:23.979Z,83.51648351648352,51.8925518925519,20.278388278388277,0,42.7,10.4,161.0,1450,hub_milagro_01
2026-02-19T11:30:24.015Z,83.12576312576313,51.96581196581197,20.424908424908423,0,43.3,10.5,162.2,1450,hub_milagro_01
2026-02-19T11:32:26.395Z,82.8083028083028,51.916971916971924,20.51282051282051,0,41.5,10.5,161.8,1450,hub_milagro_01
2026-02-19T11:34:25.132Z,82.36874236874236,51.96581196581197,20.51282051282051,0,42.2,10.6,162.2,1450,hub_milagro_01
2026-02-19T11:36:29.478Z,82.10012210012209,51.990231990232,20.630036630036628,0,41.9,10.5,161.4,1450,hub_milagro_01
2026-02-19T11:38:31.503Z,81.7094017094017,51.94139194139195,20.747252747252745,0,42.5,10.9,161.5,1450,hub_milagro_01
2026-02-19T11:40:35.872Z,81.31868131868131,51.868131868131876,20.835164835164832,0,41.5,10.9,162.5,1450,hub_milagro_01
2026-02-19T11:42:37.515Z,81.02564102564102,51.94139194139195,20.86446886446886,0,41.4,10.7,162.8,1450,hub_milagro_01
2026-02-19T11:44:41.856Z,80.56166056166056,51.916971916971924,20.981684981684978,0,41.4,10.7,161.4,1450,hub_milagro_01
2026-02-19T11:46:41.134Z,80.21978021978022,51.868131868131876,21.069597069597066,0,41.2,10.9,162.1,1450,hub_milagro_01
2026-02-19T11:48:44.153Z,79.92673992673993,51.868131868131876,21.157509157509153,0,41.5,10.9,162.7,1450,hub_milagro_01
2026-02-19T11:50:46.131Z,79.46275946275946,51.94139194139195,21.186813186813183,0,41.0,11.0,163.9,1450,hub_milagro_01
2026-02-19T11:52:46.667Z,79.21855921855922,51.94139194139195,21.186813186813183,0,41.0,11.1,162.6,1450,hub_milagro_01
2026-02-19T11:54:49.517Z,78.82783882783883,51.8925518925519,21.3040293040293,0,40.5,11.2,162.8,1450,hub_milagro_01
2026-02-19T11:56:51.527Z,78.41269841269842,51.916971916971924,21.33333333333333,0,40.5,11.0,163.6,1450,hub_milagro_01
2026-02-19T11:58:54.825Z,78.0952380952381,51.84371184371185,21.450549450549445,0,40.8,11.1,161.7,1450,hub_milagro_01
2026-02-19T12:00:57.147Z,77.65567765567766,51.916971916971924,21.59706959706959,0,40.9,11.1,162.8,1450,hub_milagro_01
2026-02-19T12:03:01.677Z,77.31379731379732,51.916971916971924,21.714285714285708,0,39.8,11.3,164.7,1450,hub_milagro_01
2026-02-19T12:05:05.764Z,76.92307692307693,51.94139194139195,21.714285714285708,0,40.2,11.3,163.0,1450,hub_milagro_01
2026-02-19T12:07:08.193Z,77.06959706959708,51.94139194139195,21.860805860805854,0,40.4,11.2,165.6,1450,hub_milagro_01
2026-02-19T12:09:12.671Z,77.06959706959708,51.8925518925519,21.890109890109898,0,39.7,5.3,164.1,1450,hub_milagro_01
2026-02-19T12:11:13.963Z,77.11843711843713,51.8925518925519,22.007326007326014,0,40.3,11.3,165.0,1450,hub_milagro_01
2026-02-19T12:13:12.115Z,77.2893772893773,51.8925518925519,21.978021978021985,0,40.6,11.4,163.4,1450,hub_milagro_01
2026-02-19T12:15:15.658Z,77.33821733821735,51.868131868131876,22.15384615384616,0,40.5,4.7,163.4,1450,hub_milagro_01
2026-02-19T12:17:13.473Z,77.36263736263737,51.84371184371185,22.15384615384616,0,39.8,11.7,163.9,1450,hub_milagro_01
2026-02-19T12:19:13.777Z,77.4847374847375,51.84371184371185,22.329670329670336,0,39.9,11.7,165.0,1450,hub_milagro_01
2026-02-19T12:21:15.526Z,77.50915750915752,51.94139194139195,22.358974358974365,0,39.6,11.6,161.9,1450,hub_milagro_01
2026-02-19T12:23:15.649Z,77.65567765567766,51.868131868131876,22.388278388278394,0,39.6,11.6,164.0,1450,hub_milagro_01
2026-02-19T12:25:18.346Z,77.63125763125764,51.84371184371185,22.53479853479854,0,39.4,6.4,163.3,1450,hub_milagro_01
2026-02-19T12:27:22.362Z,77.77777777777779,51.8925518925519,22.56410256410257,0,40.1,11.6,162.1,1450,hub_milagro_01
2026-02-19T12:29:25.130Z,77.82661782661783,51.84371184371185,22.652014652014657,0,37.9,11.9,164.2,1450,hub_milagro_01
2026-02-19T12:31:29.482Z,77.92429792429793,51.94139194139195,22.681318681318686,0,38.9,12.0,163.5,1450,hub_milagro_01
2026-02-19T12:33:28.608Z,77.92429792429793,51.94139194139195,22.622710622710628,0,38.7,11.8,163.9,1450,hub_milagro_01
2026-02-19T12:35:31.999Z,78.02197802197803,51.868131868131876,22.652014652014657,0,38.9,11.9,165.7,1450,hub_milagro_01
2026-02-19T12:37:29.938Z,78.14407814407815,51.94139194139195,22.681318681318686,0,38.6,12.2,165.6,1450,hub_milagro_01
2026-02-19T12:39:29.497Z,78.21733821733822,51.96581196581197,22.739926739926744,0,39.0,11.9,162.6,1450,hub_milagro_01
2026-02-19T12:41:30.239Z,78.2905982905983,51.94139194139195,22.798534798534803,0,38.3,12.0,164.2,1450,hub_milagro_01
2026-02-19T12:43:33.745Z,78.3882783882784,51.96581196581197,22.769230769230774,0,37.7,12.2,162.9,1450,hub_milagro_01
2026-02-19T12:45:33.875Z,78.41269841269842,51.96581196581197,22.88644688644689,0,38.0,12.2,162.8,1450,hub_milagro_01
2026-02-19T12:47:33.409Z,78.53479853479854,51.96581196581197,22.94505494505495,0,38.4,12.2,163.9,1450,hub_milagro_01
2026-02-19T12:49:35.086Z,78.51037851037852,51.8925518925519,22.974358974358978,0,38.4,12.2,165.4,1450,hub_milagro_01
2026-02-19T12:51:37.273Z,78.60805860805861,51.916971916971924,22.974358974358978,0,38.0,12.4,164.0,1450,hub_milagro_01
2026-02-19T12:53:38.273Z,78.70573870573871,51.916971916971924,22.974358974358978,0,38.2,12.4,164.2,1450,hub_milagro_01
2026-02-19T12:55:42.475Z,78.75457875457876,51.916971916971924,23.032967032967036,0,38.0,12.3,163.4,1450,hub_milagro_01
2026-02-19T12:57:43.740Z,78.9010989010989,51.8925518925519,23.150183150183153,0,38.2,12.4,165.3,1450,hub_milagro_01
2026-02-19T12:59:46.493Z,78.87667887667888,51.8925518925519,23.062271062271066,0,37.8,4.8,166.4,1450,hub_milagro_01
2026-02-19T13:01:45.929Z,79.04761904761905,51.84371184371185,23.120879120879124,0,37.5,12.5,165.6,1450,hub_milagro_01
2026-02-19T13:03:45.536Z,79.04761904761905,51.916971916971924,23.179487179487182,0,37.1,12.5,163.3,1450,hub_milagro_01
2026-02-19T13:05:47.677Z,79.14529914529915,51.868131868131876,23.2967032967033,0,37.5,12.8,163.8,1450,hub_milagro_01
2026-02-19T13:07:47.750Z,79.1941391941392,51.916971916971924,23.20879120879121,0,37.0,12.6,164.8,1450,hub_milagro_01
2026-02-19T13:09:46.487Z,79.38949938949939,51.84371184371185,23.26739926739927,0,37.5,12.6,165.9,1450,hub_milagro_01
2026-02-19T13:11:48.978Z,79.41391941391942,51.8925518925519,23.26739926739927,0,37.6,12.7,164.8,1450,hub_milagro_01
2026-02-19T13:13:47.249Z,79.60927960927961,51.868131868131876,23.355311355311358,0,37.3,12.5,163.7,1450,hub_milagro_01
2026-02-19T13:15:49.649Z,79.70695970695971,51.868131868131876,23.384615384615387,0,36.8,12.5,165.7,1450,hub_milagro_01
2026-02-19T13:17:53.328Z,79.78021978021978,51.916971916971924,23.472527472527474,0,36.0,12.7,164.5,1450,hub_milagro_01
2026-02-19T13:19:53.199Z,79.82905982905983,51.916971916971924,23.501831501831504,0,36.7,12.7,162.4,1450,hub_milagro_01
2026-02-19T13:21:53.745Z,80.0,51.916971916971924,23.501831501831504,0,36.5,12.6,163.8,1450,hub_milagro_01
2026-02-19T13:23:54.826Z,80.02442002442002,51.916971916971924,23.531135531135533,0,36.1,12.7,165.8,1450,hub_milagro_01
2026-02-19T13:25:58.853Z,80.21978021978022,51.94139194139195,23.61904761904762,0,35.9,12.6,164.0,1450,hub_milagro_01
2026-02-19T13:28:00.478Z,80.26862026862027,51.94139194139195,23.64835164835165,0,35.9,12.6,163.4,1450,hub_milagro_01
2026-02-19T13:29:59.668Z,80.39072039072039,51.84371184371185,23.61904761904762,0,35.9,12.6,164.0,1450,hub_milagro_01
2026-02-19T13:31:59.522Z,80.43956043956044,51.94139194139195,23.67765567765568,0,36.1,12.8,162.4,1450,hub_milagro_01
2026-02-19T13:34:03.898Z,80.56166056166056,51.84371184371185,23.765567765567766,0,35.2,12.6,163.6,1450,hub_milagro_01
2026-02-19T13:36:06.847Z,94.65201465201464,53.06471306471307,20.278388278388277,1,36.1,12.6,162.7,1450,hub_milagro_01
2026-02-19T13:38:05.173Z,94.72527472527472,54.18803418803419,20.336996336996336,1,34.7,12.7,160.9,1450,hub_milagro_01
2026-02-19T13:40:04.543Z,94.89621489621489,55.311355311355314,20.307692307692307,1,36.1,12.7,164.8,1450,hub_milagro_01
2026-02-19T13:42:04.832Z,94.99389499389498,56.41025641025641,20.366300366300365,1,35.8,12.8,162.8,1450,hub_milagro_01
2026-02-19T13:44:08.374Z,95.14041514041513,57.55799755799755,20.454212454212453,1,35.2,12.7,164.8,1450,hub_milagro_01
2026-02-19T13:46:10.609Z,95.16483516483515,58.681318681318686,20.454212454212453,1,35.1,12.8,164.8,1450,hub_milagro_01
2026-02-19T13:48:15.912Z,95.36019536019536,59.53601953601954,20.395604395604394,1,35.1,12.6,167.7,1450,hub_milagro_01
2026-02-19T13:50:13.405Z,95.45787545787546,60.34188034188034,20.336996336996336,1,35.7,12.7,162.5,1450,hub_milagro_01
2026-02-19T13:52:18.219Z,95.48229548229548,61.1965811965812,20.19047619047619,1,35.1,12.7,162.2,1450,hub_milagro_01
2026-02-19T13:54:17.618Z,95.62881562881563,62.124542124542124,20.21978021978022,1,35.6,12.6,164.7,1450,hub_milagro_01
2026-02-19T13:56:17.860Z,95.77533577533578,62.808302808302805,20.073260073260073,1,35.8,12.7,163.1,1450,hub_milagro_01
2026-02-19T13:58:17.177Z,95.8974358974359,63.8095238095238,19.926739926739927,1,35.3,12.7,164.7,1450,hub_milagro_01
2026-02-19T14:00:18.852Z,95.995115995116,64.59096459096459,19.897435897435898,1,35.6,12.7,163.0,1450,hub_milagro_01
2026-02-19T14:02:17.447Z,96.06837606837607,65.27472527472527,19.750915750915752,1,36.2,12.7,162.8,1450,hub_milagro_01
2026-02-19T14:04:20.799Z,96.14163614163614,65.9096459096459,19.692307692307693,1,35.2,7.2,164.7,1450,hub_milagro_01
2026-02-19T14:06:20.348Z,96.33699633699634,66.34920634920634,19.663003663003664,1,35.5,5.9,166.0,1450,hub_milagro_01
2026-02-19T14:08:19.142Z,96.09279609279609,66.9108669108669,19.633699633699635,1,35.3,12.7,162.8,1450,hub_milagro_01
2026-02-19T14:10:22.662Z,95.82417582417582,67.3992673992674,19.48717948717949,1,35.8,12.8,166.3,1450,hub_milagro_01
2026-02-19T14:12:26.687Z,95.6043956043956,67.98534798534799,19.45787545787546,1,35.1,12.8,163.8,1450,hub_milagro_01
2026-02-19T14:14:27.184Z,95.40903540903541,68.64468864468864,19.252747252747255,1,36.1,12.8,164.6,1450,hub_milagro_01
2026-02-19T14:16:29.825Z,95.1159951159951,69.3040293040293,19.223443223443226,1,35.6,12.8,165.0,1450,hub_milagro_01
2026-02-19T14:18:31.631Z,94.96947496947496,69.89010989010988,19.13553113553114,1,36.1,12.8,163.6,1450,hub_milagro_01
2026-02-19T14:20:33.918Z,94.77411477411476,70.42735042735043,19.047619047619044,1,36.5,12.7,165.2,1450,hub_milagro_01
2026-02-19T14:22:35.227Z,94.5054945054945,70.86691086691087,19.018315018315015,1,36.2,12.8,163.5,1450,hub_milagro_01
2026-02-19T14:24:35.723Z,94.3101343101343,71.37973137973138,18.959706959706956,1,36.3,12.9,165.4,1450,hub_milagro_01
2026-02-19T14:26:39.577Z,94.06593406593406,71.74603174603175,18.754578754578752,1,37.4,12.9,163.9,1450,hub_milagro_01
2026-02-19T14:28:41.972Z,93.79731379731379,72.33211233211233,18.754578754578752,1,35.5,12.8,164.6,1450,hub_milagro_01
2026-02-19T14:30:45.589Z,93.57753357753357,72.82051282051282,18.666666666666664,1,36.1,12.8,164.5,1450,hub_milagro_01
2026-02-19T14:32:48.200Z,93.4065934065934,73.35775335775335,18.637362637362635,1,36.0,12.9,163.9,1450,hub_milagro_01
2026-02-19T14:34:49.595Z,93.23565323565323,73.52869352869354,18.46153846153846,1,35.1,4.0,164.4,1450,hub_milagro_01
2026-02-19T14:36:53.700Z,92.94261294261294,73.84615384615385,18.373626373626372,1,55.0,12.9,202.5,1450,hub_milagro_01
2026-02-19T14:38:52.635Z,92.82051282051282,74.28571428571429,18.344322344322343,1,55.0,12.9,233.4,1450,hub_milagro_01
2026-02-19T14:40:56.619Z,92.6007326007326,74.77411477411478,18.315018315018314,1,36.6,12.8,164.2,1450,hub_milagro_01
2026-02-19T14:42:59.174Z,92.33211233211233,75.04273504273505,18.168498168498168,1,55.0,13.0,219.2,1450,hub_milagro_01
2026-02-19T14:45:03.132Z,92.03907203907204,75.48229548229548,18.13919413919414,1,36.0,12.9,165.9,1450,hub_milagro_01
2026-02-19T14:47:05.542Z,91.81929181929182,75.7020757020757,17.963369963369964,1,35.6,13.0,166.7,1450,hub_milagro_01
2026-02-19T14:49:05.123Z,91.67277167277167,76.01953601953602,17.963369963369964,1,36.4,12.9,164.8,1450,hub_milagro_01
2026-02-19T14:51:08.033Z,91.47741147741148,76.26373626373626,17.846153846153847,1,36.1,12.9,164.8,1450,hub_milagro_01
2026-02-19T14:53:10.460Z,91.20879120879121,76.43467643467643,17.75824175824176,1,36.9,12.9,168.4,1450,hub_milagro_01
2026-02-19T14:55:12.384Z,91.01343101343102,76.55677655677655,17.72893772893773,1,36.5,12.9,164.7,1450,hub_milagro_01
2026-02-19T14:57:14.047Z,90.76923076923077,76.77655677655679,17.553113553113555,1,37.0,13.0,165.0,1450,hub_milagro_01
2026-02-19T14:59:14.958Z,90.57387057387058,77.06959706959708,17.494505494505496,1,36.8,4.0,165.2,1450,hub_milagro_01
2026-02-19T15:01:17.393Z,90.37851037851038,77.0940170940171,17.37728937728938,1,36.4,13.0,166.0,1450,hub_milagro_01
2026-02-19T15:03:17.399Z,90.20757020757021,77.0940170940171,17.34798534798535,1,37.0,12.8,164.1,1450,hub_milagro_01
2026-02-19T15:05:20.918Z,89.96336996336997,77.2893772893773,17.31868131868132,1,36.7,13.0,163.5,1450,hub_milagro_01
2026-02-19T15:07:24.236Z,89.74358974358975,77.31379731379732,17.172161172161168,1,37.0,12.8,165.0,1450,hub_milagro_01
2026-02-19T15:09:25.382Z,89.96336996336997,77.41147741147742,17.260073260073263,1,36.9,12.9,163.8,1450,hub_milagro_01
2026-02-19T15:11:24.012Z,90.15873015873017,77.41147741147742,17.40659340659341,1,36.5,12.8,166.3,1450,hub_milagro_01
2026-02-19T15:13:24.188Z,90.28083028083029,77.33821733821735,17.465201465201467,1,37.2,12.9,166.1,1450,hub_milagro_01
2026-02-19T15:15:26.090Z,90.5006105006105,77.53357753357754,17.611721611721613,1,37.4,12.9,168.0,1450,hub_milagro_01
2026-02-19T15:17:25.755Z,90.6959706959707,77.82661782661783,17.6996336996337,1,36.0,12.8,164.4,1450,hub_milagro_01
2026-02-19T15:19:30.585Z,91.01343101343102,77.80219780219781,17.6996336996337,1,36.7,13.0,165.1,1450,hub_milagro_01
2026-02-19T15:21:33.030Z,91.13553113553114,78.07081807081808,17.875457875457876,1,37.2,13.1,164.6,1450,hub_milagro_01
2026-02-19T15:23:32.986Z,91.37973137973138,78.14407814407815,17.875457875457876,1,37.0,13.2,167.4,1450,hub_milagro_01
2026-02-19T15:25:34.004Z,91.52625152625153,78.3882783882784,18.021978021978022,1,36.2,13.0,163.9,1450,hub_milagro_01
2026-02-19T15:27:38.209Z,91.77045177045177,78.33943833943835,18.08058608058608,1,37.2,13.0,165.7,1450,hub_milagro_01
2026-02-19T15:29:41.679Z,91.99023199023199,78.3882783882784,18.285714285714285,1,36.8,13.0,163.3,1450,hub_milagro_01
2026-02-19T15:31:43.275Z,92.21001221001221,78.43711843711844,18.373626373626372,1,37.1,12.8,166.6,1450,hub_milagro_01
2026-02-19T15:33:46.385Z,92.38095238095238,78.68131868131869,18.43223443223443,1,37.3,13.0,167.3,1450,hub_milagro_01
2026-02-19T15:35:47.355Z,92.55189255189255,78.87667887667888,18.49084249084249,1,36.7,12.9,166.0,1450,hub_milagro_01
2026-02-19T15:37:50.486Z,92.7960927960928,78.80341880341881,18.637362637362635,1,36.6,13.0,166.7,1450,hub_milagro_01
2026-02-19T15:39:52.002Z,93.04029304029304,78.80341880341881,18.695970695970693,1,37.6,13.0,165.4,1450,hub_milagro_01
2026-02-19T15:41:57.071Z,93.28449328449328,78.9010989010989,18.81318681318681,1,36.9,12.8,164.6,1450,hub_milagro_01
2026-02-19T15:43:56.865Z,93.45543345543345,78.77899877899878,18.84249084249084,1,36.0,12.8,167.9,1450,hub_milagro_01
2026-02-19T15:45:56.464Z,93.67521367521367,78.73015873015873,18.989010989010985,1,36.6,13.1,167.3,1450,hub_milagro_01
2026-02-19T15:47:54.326Z,93.87057387057386,78.85225885225886,19.07692307692308,1,55.0,13.1,208.5,1450,hub_milagro_01
2026-02-19T15:49:56.049Z,94.13919413919413,78.94993894993895,19.223443223443226,1,37.4,12.9,166.1,1450,hub_milagro_01
2026-02-19T15:51:58.908Z,94.3101343101343,78.998778998779,19.282051282051285,1,37.7,13.1,167.3,1450,hub_milagro_01
2026-02-19T15:54:00.535Z,94.43223443223442,79.1941391941392,19.42857142857143,1,37.8,13.2,165.5,1450,hub_milagro_01
2026-02-19T15:56:05.948Z,94.74969474969474,79.21855921855922,19.3992673992674,1,37.3,13.0,168.0,1450,hub_milagro_01
2026-02-19T15:58:04.574Z,94.87179487179486,79.2918192918193,19.516483516483518,1,36.9,12.9,165.6,1450,hub_milagro_01
2026-02-19T16:00:05.146Z,95.06715506715506,79.31623931623932,19.633699633699635,1,37.5,13.0,164.1,1450,hub_milagro_01
2026-02-19T16:02:05.059Z,95.3113553113553,79.2918192918193,19.721611721611723,1,37.0,13.0,163.6,1450,hub_milagro_01
2026-02-19T16:04:05.005Z,95.6043956043956,79.36507936507937,19.897435897435898,1,37.9,13.0,165.8,1450,hub_milagro_01
2026-02-19T16:06:08.412Z,95.7997557997558,79.48717948717949,19.926739926739927,1,37.8,12.9,168.9,1450,hub_milagro_01
2026-02-19T16:08:11.761Z,95.995115995116,79.53601953601954,19.956043956043956,1,38.0,13.0,165.8,1450,hub_milagro_01
2026-02-19T16:10:16.825Z,95.77533577533578,79.68253968253968,20.102564102564102,1,37.7,13.0,165.3,1450,hub_milagro_01
2026-02-19T16:12:15.005Z,95.6043956043956,79.75579975579976,20.21978021978022,1,37.2,13.2,164.6,1450,hub_milagro_01
2026-02-19T16:14:15.169Z,95.50671550671551,79.75579975579976,20.336996336996336,1,55.0,13.1,203.0,1450,hub_milagro_01
2026-02-19T16:16:17.202Z,95.38461538461539,79.85347985347985,20.366300366300365,1,37.9,13.3,165.0,1450,hub_milagro_01
2026-02-19T16:18:18.246Z,95.2136752136752,79.9023199023199,20.454212454212453,1,37.4,13.2,164.6,1450,hub_milagro_01
2026-02-19T16:20:18.476Z,95.01831501831501,79.9023199023199,20.54212454212454,1,37.3,13.0,164.5,1450,hub_milagro_01
2026-02-19T16:22:19.073Z,94.82295482295481,79.97557997557998,20.659340659340657,1,38.0,13.0,165.8,1450,hub_milagro_01
2026-02-19T16:24:21.030Z,94.62759462759462,80.02442002442002,20.717948717948715,1,37.7,12.9,168.2,1450,hub_milagro_01
2026-02-19T16:26:25.721Z,94.55433455433455,80.02442002442002,20.805860805860803,1,37.8,13.1,165.6,1450,hub_milagro_01
2026-02-19T16:28:27.321Z,94.38339438339437,80.24420024420024,20.981684981684978,1,55.0,12.8,240.2,1450,hub_milagro_01
2026-02-19T16:30:27.459Z,94.2124542124542,80.34188034188034,20.89377289377289,1,37.9,12.7,167.6,1450,hub_milagro_01
2026-02-19T16:32:26.874Z,93.99267399267399,80.39072039072039,21.010989010989007,1,38.1,13.1,167.9,1450,hub_milagro_01
2026-02-19T16:34:29.726Z,93.82173382173382,80.29304029304029,20.95238095238095,1,37.3,13.1,165.6,1450,hub_milagro_01
2026-02-19T16:36:30.501Z,93.72405372405372,80.36630036630036,21.040293040293037,1,38.0,12.8,167.7,1450,hub_milagro_01
2026-02-19T16:38:31.455Z,93.55311355311355,80.29304029304029,20.981684981684978,1,38.2,13.1,167.2,1450,hub_milagro_01
2026-02-19T16:40:32.665Z,93.4065934065934,80.39072039072039,20.981684981684978,1,55.0,12.9,207.7,1450,hub_milagro_01
2026-02-19T16:42:34.015Z,93.26007326007326,80.34188034188034,21.128205128205124,1,38.0,5.1,166.3,1450,hub_milagro_01
2026-02-19T16:44:35.229Z,93.06471306471306,80.51282051282051,21.128205128205124,1,37.8,7.0,168.6,1450,hub_milagro_01
2026-02-19T16:46:38.950Z,92.94261294261294,80.63492063492063,21.040293040293037,1,38.0,12.9,167.6,1450,hub_milagro_01
2026-02-19T16:48:40.064Z,92.74725274725274,80.46398046398046,21.069597069597066,1,37.8,12.9,166.6,1450,hub_milagro_01
2026-02-19T16:50:43.748Z,92.64957264957265,80.56166056166056,21.098901098901095,1,38.4,12.7,168.3,1450,hub_milagro_01
2026-02-19T16:52:42.976Z,92.5030525030525,80.63492063492063,21.098901098901095,1,37.5,12.8,166.6,1450,hub_milagro_01
2026-02-19T16:54:43.025Z,92.25885225885226,80.65934065934066,21.098901098901095,1,37.8,12.9,167.4,1450,hub_milagro_01
2026-02-19T16:56:47.824Z,92.18559218559218,80.87912087912088,21.186813186813183,1,37.8,12.9,166.4,1450,hub_milagro_01
2026-02-19T16:58:45.893Z,91.96581196581197,80.7081807081807,21.186813186813183,1,37.7,12.7,168.5,1450,hub_milagro_01
2026-02-19T17:00:49.187Z,91.8925518925519,80.51282051282051,21.24542124542124,1,38.5,12.8,166.1,1450,hub_milagro_01
2026-02-19T17:02:49.499Z,91.6971916971917,80.39072039072039,21.216117216117212,1,37.9,12.9,168.6,1450,hub_milagro_01
2026-02-19T17:04:49.547Z,91.5995115995116,80.46398046398046,21.27472527472527,1,55.0,12.6,224.1,1450,hub_milagro_01
2026-02-19T17:06:49.792Z,91.37973137973138,80.56166056166056,21.3040293040293,1,37.8,12.8,168.4,1450,hub_milagro_01
2026-02-19T17:08:53.947Z,91.20879120879121,80.43956043956044,21.24542124542124,1,38.4,12.5,169.4,1450,hub_milagro_01
2026-02-19T17:10:52.079Z,91.28205128205128,80.46398046398046,21.27472527472527,1,38.5,12.4,166.5,1450,hub_milagro_01
2026-02-19T17:12:52.477Z,91.30647130647131,80.43956043956044,21.216117216117212,1,38.1,12.5,167.1,1450,hub_milagro_01
2026-02-19T17:14:56.933Z,91.4041514041514,80.56166056166056,21.362637362637358,1,37.5,12.8,170.7,1450,hub_milagro_01
2026-02-19T17:16:57.596Z,91.47741147741148,80.78144078144078,21.24542124542124,1,38.9,12.5,170.0,1450,hub_milagro_01
2026-02-19T17:19:00.822Z,91.45299145299145,80.61050061050061,21.33333333333333,1,38.2,12.6,168.1,1450,hub_milagro_01
2026-02-19T17:21:03.084Z,91.45299145299145,80.7081807081807,21.27472527472527,1,38.3,12.7,168.9,1450,hub_milagro_01
2026-02-19T17:23:06.794Z,91.55067155067155,80.73260073260073,21.362637362637358,1,37.8,12.6,167.5,1450,hub_milagro_01
2026-02-19T17:25:08.425Z,91.57509157509158,80.78144078144078,21.391941391941387,1,38.3,12.3,167.4,1450,hub_milagro_01
2026-02-19T17:27:07.504Z,91.64835164835165,80.8058608058608,21.362637362637358,1,39.3,12.5,168.6,1450,hub_milagro_01
2026-02-19T17:29:08.658Z,91.67277167277167,80.78144078144078,21.421245421245416,1,37.7,12.5,170.0,1450,hub_milagro_01
2026-02-19T17:31:10.415Z,91.7948717948718,80.61050061050061,21.450549450549445,1,38.3,12.5,169.9,1450,hub_milagro_01
2026-02-19T17:33:13.534Z,91.74603174603175,80.7081807081807,21.421245421245416,1,38.0,12.3,169.7,1450,hub_milagro_01
2026-02-19T17:35:16.417Z,91.7948717948718,80.65934065934066,21.362637362637358,1,38.7,12.3,169.5,1450,hub_milagro_01
2026-02-19T17:37:19.258Z,91.86813186813187,80.61050061050061,21.362637362637358,1,38.9,12.2,168.9,1450,hub_milagro_01
2026-02-19T17:39:19.596Z,91.99023199023199,80.61050061050061,21.509157509157504,1,37.8,12.2,169.8,1450,hub_milagro_01
2026-02-19T17:41:23.708Z,92.03907203907204,80.48840048840049,21.450549450549445,1,38.2,12.2,169.9,1450,hub_milagro_01
2026-02-19T17:43:27.631Z,92.06349206349206,80.58608058608058,21.391941391941387,1,38.9,12.2,170.4,1450,hub_milagro_01
2026-02-19T17:45:29.554Z,92.11233211233211,80.56166056166056,21.538461538461533,1,38.7,12.0,169.1,1450,hub_milagro_01
2026-02-19T17:47:29.761Z,92.13675213675214,80.43956043956044,21.479853479853475,1,38.9,12.1,168.3,1450,hub_milagro_01
2026-02-19T17:49:33.049Z,78.24175824175825,80.43956043956044,24.967032967032964,0,37.9,12.2,170.4,1450,hub_milagro_01
2026-02-19T17:51:34.383Z,78.2905982905983,80.41514041514041,24.908424908424905,0,39.3,12.2,170.7,1450,hub_milagro_01
2026-02-19T17:53:36.902Z,78.33943833943835,80.34188034188034,24.937728937728934,0,38.7,12.1,168.7,1450,hub_milagro_01
2026-02-19T17:55:36.817Z,78.41269841269842,80.41514041514041,25.025641025641022,0,38.6,12.2,171.8,1450,hub_milagro_01
2026-02-19T17:57:36.724Z,78.43711843711844,80.31746031746032,24.908424908424905,0,38.3,11.9,170.9,1450,hub_milagro_01
2026-02-19T17:59:35.964Z,78.51037851037852,80.36630036630036,24.879120879120876,0,38.4,12.1,169.7,1450,hub_milagro_01
2026-02-19T18:01:37.733Z,78.58363858363859,80.24420024420024,24.908424908424905,0,38.5,11.8,170.1,1450,hub_milagro_01
2026-02-19T18:03:38.981Z,78.58363858363859,80.24420024420024,24.967032967032964,0,38.1,11.9,171.3,1450,hub_milagro_01
2026-02-19T18:05:42.340Z,78.63247863247864,80.29304029304029,24.908424908424905,0,38.5,12.1,170.2,1450,hub_milagro_01
2026-02-19T18:07:45.111Z,78.65689865689866,80.21978021978022,24.820512820512818,0,38.3,11.9,172.6,1450,hub_milagro_01
2026-02-19T18:09:45.903Z,78.80341880341881,80.14652014652015,24.849816849816847,0,38.6,11.9,172.8,1450,hub_milagro_01
2026-02-19T18:11:48.829Z,78.51037851037852,80.1953601953602,24.908424908424905,0,38.6,12.0,171.4,1450,hub_milagro_01
2026-02-19T18:13:51.901Z,78.31501831501832,80.17094017094017,24.79120879120879,0,38.9,12.0,171.0,1450,hub_milagro_01
2026-02-19T18:15:51.129Z,78.11965811965813,80.14652014652015,24.849816849816847,0,38.2,11.9,171.7,1450,hub_milagro_01
2026-02-19T18:17:55.970Z,77.82661782661783,80.0976800976801,24.849816849816847,0,38.4,11.8,167.7,1450,hub_milagro_01
2026-02-19T18:19:57.120Z,77.65567765567766,80.17094017094017,24.879120879120876,0,38.3,11.7,171.6,1450,hub_milagro_01
2026-02-19T18:21:59.457Z,77.3870573870574,80.12210012210012,24.820512820512818,0,39.0,11.7,171.4,1450,hub_milagro_01
2026-02-19T18:24:02.767Z,77.14285714285715,80.07326007326007,24.820512820512818,0,38.8,11.9,171.1,1450,hub_milagro_01
2026-02-19T18:26:03.437Z,76.92307692307693,80.04884004884005,24.73260073260073,0,38.3,11.6,173.2,1450,hub_milagro_01
2026-02-19T18:28:05.783Z,76.77655677655679,80.02442002442002,24.820512820512818,0,38.8,11.7,173.2,1450,hub_milagro_01
2026-02-19T18:30:06.049Z,76.48351648351648,80.0,24.7032967032967,0,39.1,11.7,172.5,1450,hub_milagro_01
2026-02-19T18:32:06.930Z,76.26373626373626,79.97557997557998,24.79120879120879,0,38.5,11.7,171.8,1450,hub_milagro_01
2026-02-19T18:34:08.966Z,76.01953601953602,80.0,24.67399267399267,0,39.1,11.6,174.8,1450,hub_milagro_01
2026-02-19T18:36:11.106Z,75.7997557997558,80.02442002442002,24.76190476190476,0,38.7,11.7,171.0,1450,hub_milagro_01
2026-02-19T18:38:10.996Z,75.67765567765568,80.0,24.73260073260073,0,38.7,11.6,173.3,1450,hub_milagro_01
2026-02-19T18:40:13.203Z,75.40903540903541,79.97557997557998,24.73260073260073,0,38.9,11.4,173.7,1450,hub_milagro_01
2026-02-19T18:42:16.380Z,75.21367521367522,79.87789987789988,24.7032967032967,0,38.5,11.6,170.1,1450,hub_milagro_01
2026-02-19T18:44:16.805Z,74.96947496947497,79.95115995115995,24.67399267399267,0,38.9,11.6,172.5,1450,hub_milagro_01
2026-02-19T18:46:20.398Z,74.74969474969475,79.92673992673993,24.615384615384613,0,38.8,11.6,173.2,1450,hub_milagro_01
2026-02-19T18:48:24.835Z,74.60317460317461,79.85347985347985,24.586080586080584,0,39.0,11.6,171.9,1450,hub_milagro_01
2026-02-19T18:50:24.055Z,74.33455433455434,79.85347985347985,24.644688644688642,0,38.9,11.6,172.0,1450,hub_milagro_01
2026-02-19T18:52:28.288Z,74.11477411477412,79.85347985347985,24.556776556776555,0,39.1,11.6,173.1,1450,hub_milagro_01
2026-02-19T18:54:28.887Z,73.87057387057388,79.85347985347985,24.586080586080584,0,39.8,11.4,169.4,1450,hub_milagro_01
2026-02-19T18:56:32.064Z,73.72405372405373,79.75579975579976,24.527472527472526,0,38.9,11.4,171.5,1450,hub_milagro_01
2026-02-19T18:58:31.667Z,73.50427350427351,79.8046398046398,24.498168498168496,0,39.0,11.6,172.4,1450,hub_milagro_01
2026-02-19T19:00:35.964Z,73.28449328449328,79.78021978021978,24.556776556776555,0,39.3,11.3,172.9,1450,hub_milagro_01
2026-02-19T19:02:35.328Z,73.06471306471306,79.73137973137973,24.41025641025641,0,39.5,11.4,174.0,1450,hub_milagro_01
2026-02-19T19:04:35.433Z,72.86935286935287,79.78021978021978,24.439560439560438,0,39.5,11.3,173.6,1450,hub_milagro_01
2026-02-19T19:06:35.604Z,72.6007326007326,79.73137973137973,24.41025641025641,0,38.8,11.1,175.5,1450,hub_milagro_01
2026-02-19T19:08:38.563Z,72.35653235653236,79.75579975579976,24.35164835164835,0,38.4,11.2,173.6,1450,hub_milagro_01
2026-02-19T19:10:38.805Z,72.21001221001221,79.73137973137973,24.38095238095238,0,38.8,11.2,175.7,1450,hub_milagro_01
2026-02-19T19:12:40.585Z,72.52747252747253,79.65811965811966,24.32234432234432,0,39.2,11.2,171.3,1450,hub_milagro_01
2026-02-19T19:14:43.691Z,72.77167277167277,79.70695970695971,24.439560439560438,0,39.0,11.2,174.9,1450,hub_milagro_01
2026-02-19T19:16:48.281Z,73.06471306471306,79.65811965811966,24.293040293040292,0,38.8,10.9,174.4,1450,hub_milagro_01
2026-02-19T19:18:52.129Z,73.47985347985349,79.65811965811966,24.32234432234432,0,39.0,11.1,172.7,1450,hub_milagro_01
2026-02-19T19:20:51.960Z,73.77289377289378,79.58485958485959,24.263736263736263,0,38.5,11.0,173.4,1450,hub_milagro_01
2026-02-19T19:22:56.832Z,74.06593406593407,79.60927960927961,24.35164835164835,0,38.3,11.2,173.8,1450,hub_milagro_01
2026-02-19T19:25:00.983Z,74.35897435897436,79.60927960927961,24.293040293040292,0,38.6,11.2,172.5,1450,hub_milagro_01
2026-02-19T19:27:01.301Z,74.7008547008547,79.51159951159951,24.263736263736263,0,38.0,11.2,173.3,1450,hub_milagro_01
2026-02-19T19:29:04.566Z,74.96947496947497,79.58485958485959,24.205128205128204,0,37.4,10.9,169.8,1450,hub_milagro_01
2026-02-19T19:31:08.524Z,75.21367521367522,79.53601953601954,24.234432234432234,0,37.1,11.1,170.2,1450,hub_milagro_01
2026-02-19T19:33:12.201Z,75.53113553113553,79.56043956043956,24.263736263736263,0,37.4,11.1,170.7,1450,hub_milagro_01
2026-02-19T19:35:11.132Z,75.94627594627595,79.46275946275946,24.234432234432234,0,37.5,10.8,170.6,1450,hub_milagro_01
2026-02-19T19:37:10.579Z,76.26373626373626,79.48717948717949,24.175824175824175,0,37.4,10.9,172.3,1450,hub_milagro_01
2026-02-19T19:39:10.924Z,76.5079365079365,79.46275946275946,24.087912087912088,0,36.8,10.8,169.1,1450,hub_milagro_01
2026-02-19T19:41:12.703Z,76.82539682539684,79.46275946275946,24.175824175824175,0,36.6,11.0,169.5,1450,hub_milagro_01
2026-02-19T19:43:12.903Z,77.0940170940171,79.46275946275946,24.117216117216117,0,36.9,11.0,171.7,1450,hub_milagro_01
2026-02-19T19:45:15.807Z,77.43589743589745,79.36507936507937,24.146520146520146,0,36.4,10.9,168.1,1450,hub_milagro_01
2026-02-19T19:47:17.405Z,77.75335775335776,79.36507936507937,24.146520146520146,0,35.7,10.7,170.7,1450,hub_milagro_01
2026-02-19T19:49:19.264Z,78.11965811965813,79.36507936507937,24.0,0,36.1,10.8,169.5,1450,hub_milagro_01
2026-02-19T19:51:18.982Z,78.33943833943835,79.36507936507937,24.05860805860806,0,36.7,10.8,167.9,1450,hub_milagro_01
2026-02-19T19:53:20.275Z,78.70573870573871,79.38949938949939,24.0,0,35.6,10.7,167.0,1450,hub_milagro_01
2026-02-19T19:55:23.324Z,79.07203907203908,79.2918192918193,23.97069597069597,0,35.7,10.7,169.7,1450,hub_milagro_01
2026-02-19T19:57:25.996Z,79.2918192918193,79.26739926739927,24.02930402930403,0,35.4,10.9,168.4,1450,hub_milagro_01
2026-02-19T19:59:27.839Z,79.60927960927961,79.31623931623932,24.0,0,35.6,10.8,169.0,1450,hub_milagro_01
2026-02-19T20:01:27.839Z,79.97557997557998,79.2918192918193,23.97069597069597,0,34.8,10.9,168.2,1450,hub_milagro_01
2026-02-19T20:03:27.802Z,80.29304029304029,79.21855921855922,23.94139194139194,0,35.2,10.9,168.0,1450,hub_milagro_01
2026-02-19T20:05:29.374Z,80.63492063492063,79.26739926739927,23.824175824175825,0,35.2,11.0,166.6,1450,hub_milagro_01
2026-02-19T20:07:31.043Z,80.9035409035409,79.21855921855922,23.882783882783883,0,34.8,10.9,168.7,1450,hub_milagro_01
2026-02-19T20:09:34.368Z,81.19658119658119,79.21855921855922,23.765567765567766,0,34.8,11.0,166.3,1450,hub_milagro_01
2026-02-19T20:11:34.208Z,81.51404151404151,79.21855921855922,23.736263736263737,0,35.0,10.8,166.7,1450,hub_milagro_01
2026-02-19T20:13:38.865Z,81.46520146520146,79.12087912087912,23.794871794871796,0,34.2,11.0,165.2,1450,hub_milagro_01
2026-02-19T20:15:38.148Z,81.41636141636141,79.16971916971917,23.706959706959708,0,34.2,10.8,164.6,1450,hub_milagro_01
2026-02-19T20:17:38.662Z,81.22100122100122,79.0964590964591,23.706959706959708,0,34.1,11.0,166.2,1450,hub_milagro_01
2026-02-19T20:19:37.456Z,81.19658119658119,79.16971916971917,23.64835164835165,0,33.8,11.0,162.8,1450,hub_milagro_01
2026-02-19T20:21:37.190Z,81.12332112332112,79.14529914529915,23.64835164835165,0,33.6,10.8,165.6,1450,hub_milagro_01
2026-02-19T20:23:40.625Z,81.001221001221,79.02319902319903,23.64835164835165,0,33.7,11.3,163.6,1450,hub_milagro_01
2026-02-19T20:25:43.071Z,80.85470085470085,79.12087912087912,23.67765567765568,0,33.6,11.0,165.1,1450,hub_milagro_01
2026-02-19T20:27:48.397Z,80.75702075702075,79.0964590964591,23.531135531135533,0,33.8,11.1,165.6,1450,hub_milagro_01
2026-02-19T20:29:47.942Z,80.73260073260073,79.04761904761905,23.61904761904762,0,33.6,11.0,165.0,1450,hub_milagro_01
2026-02-19T20:31:47.254Z,80.65934065934066,78.94993894993895,23.501831501831504,0,32.7,11.1,164.8,1450,hub_milagro_01
2026-02-19T20:33:52.263Z,80.56166056166056,78.97435897435898,23.501831501831504,0,33.0,11.2,164.3,1450,hub_milagro_01
2026-02-19T20:35:53.643Z,80.41514041514041,78.97435897435898,23.531135531135533,0,32.4,11.2,163.3,1450,hub_milagro_01
2026-02-19T20:37:53.285Z,80.31746031746032,78.9010989010989,23.501831501831504,0,32.4,11.2,161.3,1450,hub_milagro_01
2026-02-19T20:39:54.290Z,80.26862026862027,78.9010989010989,23.413919413919416,0,32.7,11.3,161.4,1450,hub_milagro_01
2026-02-19T20:41:55.650Z,80.21978021978022,78.94993894993895,23.355311355311358,0,32.7,11.2,163.0,1450,hub_milagro_01
2026-02-19T20:43:54.447Z,80.02442002442002,78.92551892551893,23.2967032967033,0,32.3,11.3,162.1,1450,hub_milagro_01
2026-02-19T20:45:55.487Z,80.02442002442002,78.92551892551893,23.32600732600733,0,32.5,11.3,162.0,1450,hub_milagro_01
2026-02-19T20:47:54.431Z,79.95115995115995,78.82783882783883,23.355311355311358,0,32.6,11.6,160.9,1450,hub_milagro_01
2026-02-19T20:49:53.500Z,79.82905982905983,78.82783882783883,23.26739926739927,0,32.2,11.3,162.0,1450,hub_milagro_01
2026-02-19T20:51:54.430Z,79.75579975579976,78.77899877899878,23.20879120879121,0,31.3,11.4,162.0,1450,hub_milagro_01
2026-02-19T20:53:56.585Z,79.60927960927961,78.77899877899878,23.26739926739927,0,31.3,11.4,157.0,1450,hub_milagro_01
2026-02-19T20:55:55.224Z,79.56043956043956,78.73015873015873,23.120879120879124,0,31.1,11.4,160.4,1450,hub_milagro_01
2026-02-19T20:57:56.801Z,79.51159951159951,78.80341880341881,23.20879120879121,0,30.8,11.5,161.8,1450,hub_milagro_01
2026-02-19T20:59:59.877Z,79.34065934065934,78.80341880341881,23.062271062271066,0,30.5,11.5,159.0,1450,hub_milagro_01
2026-02-19T21:01:58.459Z,79.2918192918193,78.77899877899878,23.120879120879124,0,31.3,11.4,159.0,1450,hub_milagro_01
2026-02-19T21:04:02.016Z,79.1941391941392,78.70573870573871,23.091575091575095,0,31.0,11.4,159.8,1450,hub_milagro_01
2026-02-19T21:06:03.456Z,79.14529914529915,78.65689865689866,23.091575091575095,0,30.7,11.5,159.5,1450,hub_milagro_01
2026-02-19T21:08:05.406Z,79.0964590964591,78.68131868131869,22.974358974358978,0,30.1,11.5,160.5,1450,hub_milagro_01
2026-02-19T21:10:05.984Z,78.92551892551893,78.68131868131869,22.91575091575092,0,29.6,11.5,160.1,1450,hub_milagro_01
2026-02-19T21:12:07.344Z,78.85225885225886,78.60805860805861,22.91575091575092,0,29.0,11.5,161.4,1450,hub_milagro_01
2026-02-19T21:14:08.271Z,78.82783882783883,78.58363858363859,22.827838827838832,0,29.5,11.5,160.2,1450,hub_milagro_01
2026-02-19T21:16:07.995Z,78.87667887667888,78.60805860805861,22.827838827838832,0,29.9,11.6,158.3,1450,hub_milagro_01
2026-02-19T21:18:08.655Z,78.85225885225886,78.55921855921856,22.827838827838832,0,29.8,11.4,160.2,1450,hub_milagro_01
2026-02-19T21:20:12.525Z,78.92551892551893,78.60805860805861,22.739926739926744,0,28.9,11.4,156.0,1450,hub_milagro_01
2026-02-19T21:22:12.170Z,78.87667887667888,78.58363858363859,22.681318681318686,0,28.7,11.6,158.6,1450,hub_milagro_01
2026-02-19T21:24:13.624Z,78.9010989010989,78.53479853479854,22.769230769230774,0,28.9,11.5,158.1,1450,hub_milagro_01
2026-02-19T21:26:15.810Z,78.82783882783883,78.55921855921856,22.739926739926744,0,28.3,11.7,156.5,1450,hub_milagro_01
2026-02-19T21:28:14.074Z,78.85225885225886,78.51037851037852,22.5934065934066,0,28.8,11.7,156.3,1450,hub_milagro_01
2026-02-19T21:30:19.537Z,78.9010989010989,78.46153846153847,22.681318681318686,0,29.3,11.8,157.7,1450,hub_milagro_01
2026-02-19T21:32:20.554Z,78.85225885225886,78.46153846153847,22.622710622710628,0,28.4,4.0,157.0,1450,hub_milagro_01
2026-02-19T21:34:20.172Z,78.92551892551893,78.41269841269842,22.53479853479854,0,27.8,11.8,157.6,1450,hub_milagro_01
2026-02-19T21:36:22.167Z,78.85225885225886,78.43711843711844,22.56410256410257,0,27.9,11.8,157.7,1450,hub_milagro_01
2026-02-19T21:38:24.121Z,78.92551892551893,78.36385836385837,22.50549450549451,0,27.8,11.9,155.8,1450,hub_milagro_01
2026-02-19T21:40:24.757Z,78.85225885225886,78.36385836385837,22.358974358974365,0,27.8,11.7,159.9,1450,hub_milagro_01
2026-02-19T21:42:27.254Z,78.87667887667888,78.36385836385837,22.446886446886452,0,27.3,11.8,156.8,1450,hub_milagro_01
2026-02-19T21:44:30.006Z,78.92551892551893,78.36385836385837,22.358974358974365,0,27.8,11.8,157.7,1450,hub_milagro_01
2026-02-19T21:46:33.512Z,78.85225885225886,78.36385836385837,22.271062271062277,0,27.9,11.8,156.6,1450,hub_milagro_01
2026-02-19T21:48:33.841Z,78.92551892551893,78.33943833943835,22.271062271062277,0,27.5,11.8,156.5,1450,hub_milagro_01
2026-02-19T21:50:35.811Z,78.92551892551893,78.24175824175825,22.21245421245422,0,26.8,11.8,155.3,1450,hub_milagro_01
2026-02-19T21:52:36.241Z,78.87667887667888,78.24175824175825,22.21245421245422,0,27.3,12.0,157.9,1450,hub_milagro_01
2026-02-19T21:54:38.597Z,78.87667887667888,78.2905982905983,22.271062271062277,0,27.3,11.9,155.7,1450,hub_milagro_01
2026-02-19T21:56:42.360Z,78.94993894993895,78.26617826617827,22.271062271062277,0,27.7,5.6,156.7,1450,hub_milagro_01
2026-02-19T21:58:42.143Z,78.9010989010989,78.1929181929182,22.358974358974365,0,27.4,11.8,157.5,1450,hub_milagro_01
2026-02-19T22:00:41.982Z,78.92551892551893,78.1929181929182,22.417582417582423,0,28.3,12.1,155.9,1450,hub_milagro_01
2026-02-19T22:02:41.592Z,78.92551892551893,78.24175824175825,22.417582417582423,0,27.9,6.3,155.4,1450,hub_milagro_01
2026-02-19T22:04:42.525Z,78.9010989010989,78.14407814407815,22.53479853479854,0,27.8,12.0,155.1,1450,hub_milagro_01
2026-02-19T22:06:42.454Z,78.87667887667888,78.1929181929182,22.56410256410257,0,28.4,11.9,155.1,1450,hub_milagro_01
2026-02-19T22:08:42.758Z,78.9010989010989,78.07081807081808,22.652014652014657,0,28.8,12.1,154.9,1450,hub_milagro_01
2026-02-19T22:10:45.625Z,78.94993894993895,78.11965811965813,22.739926739926744,0,28.7,12.1,155.7,1450,hub_milagro_01
2026-02-19T22:12:44.121Z,78.92551892551893,78.0952380952381,22.769230769230774,0,28.6,12.2,155.9,1450,hub_milagro_01
2026-02-19T22:14:43.717Z,79.04761904761905,78.02197802197803,22.710622710622715,0,29.5,12.2,156.5,1450,hub_milagro_01
2026-02-19T22:16:42.424Z,79.1941391941392,78.07081807081808,22.827838827838832,0,29.6,12.2,157.3,1450,hub_milagro_01
2026-02-19T22:18:47.163Z,79.1941391941392,77.997557997558,22.94505494505495,0,29.9,12.2,155.3,1450,hub_milagro_01
2026-02-19T22:20:46.268Z,79.34065934065934,78.04639804639805,22.88644688644689,0,29.1,12.2,155.9,1450,hub_milagro_01
2026-02-19T22:22:46.859Z,79.38949938949939,77.97313797313798,22.974358974358978,0,31.0,12.2,154.8,1450,hub_milagro_01
2026-02-19T22:24:47.134Z,79.48717948717949,77.97313797313798,22.974358974358978,0,29.6,6.6,153.6,1450,hub_milagro_01
2026-02-19T22:26:51.623Z,79.63369963369964,77.97313797313798,23.120879120879124,0,30.5,12.2,156.6,1450,hub_milagro_01
2026-02-19T22:28:50.674Z,79.78021978021978,77.97313797313798,23.179487179487182,0,30.6,12.3,154.1,1450,hub_milagro_01
2026-02-19T22:30:55.139Z,79.8046398046398,77.87545787545788,23.179487179487182,0,30.7,6.2,154.5,1450,hub_milagro_01
2026-02-19T22:32:57.696Z,79.92673992673993,77.92429792429793,23.2967032967033,0,30.0,4.9,154.1,1450,hub_milagro_01
2026-02-19T22:34:56.651Z,80.0976800976801,77.94871794871796,23.20879120879121,0,31.0,12.3,154.5,1450,hub_milagro_01
2026-02-19T22:36:59.520Z,80.1953601953602,77.85103785103786,23.26739926739927,0,31.5,12.4,153.8,1450,hub_milagro_01
2026-02-19T22:39:03.570Z,80.21978021978022,77.92429792429793,23.2967032967033,0,30.9,4.0,155.1,1450,hub_milagro_01
2026-02-19T22:41:05.733Z,80.34188034188034,77.89987789987791,23.384615384615387,0,31.0,12.5,152.6,1450,hub_milagro_01
2026-02-19T22:43:08.312Z,80.51282051282051,77.87545787545788,23.472527472527474,0,31.9,12.3,156.6,1450,hub_milagro_01
2026-02-19T22:45:09.110Z,80.63492063492063,77.80219780219781,23.560439560439562,0,31.9,5.1,154.6,1450,hub_milagro_01
2026-02-19T22:47:14.482Z,80.7081807081807,77.85103785103786,23.58974358974359,0,31.8,12.4,154.1,1450,hub_milagro_01
2026-02-19T22:49:19.021Z,80.83028083028083,77.77777777777779,23.67765567765568,0,32.4,12.6,152.9,1450,hub_milagro_01
2026-02-19T22:51:21.013Z,80.85470085470085,77.80219780219781,23.64835164835165,0,32.5,12.3,154.3,1450,hub_milagro_01
2026-02-19T22:53:23.595Z,80.95238095238095,77.70451770451771,23.64835164835165,0,33.1,12.4,155.4,1450,hub_milagro_01
2026-02-19T22:55:27.053Z,81.14774114774114,77.70451770451771,23.794871794871796,0,33.0,5.0,155.4,1450,hub_milagro_01
2026-02-19T22:57:30.065Z,81.24542124542124,77.70451770451771,23.765567765567766,0,33.2,12.6,155.2,1450,hub_milagro_01
2026-02-19T22:59:30.555Z,81.24542124542124,77.72893772893774,23.794871794871796,0,33.0,12.6,154.1,1450,hub_milagro_01
2026-02-19T23:01:30.239Z,81.36752136752136,77.72893772893774,23.824175824175825,0,33.7,12.8,155.4,1450,hub_milagro_01
2026-02-19T23:03:34.787Z,81.44078144078144,77.65567765567766,23.97069597069597,0,33.5,12.5,154.1,1450,hub_milagro_01
2026-02-19T23:05:34.721Z,81.6117216117216,77.68009768009769,24.0,0,33.7,12.6,152.8,1450,hub_milagro_01
2026-02-19T23:07:34.030Z,81.73382173382173,77.58241758241759,24.087912087912088,0,34.0,12.4,156.5,1450,hub_milagro_01
2026-02-19T23:09:33.035Z,81.78266178266178,77.60683760683762,24.117216117216117,0,34.4,12.5,153.7,1450,hub_milagro_01
2026-02-19T23:11:32.456Z,81.97802197802197,77.60683760683762,24.087912087912088,0,35.0,12.7,153.2,1450,hub_milagro_01
2026-02-19T23:13:33.384Z,82.05128205128204,77.60683760683762,24.087912087912088,0,35.0,12.8,156.0,1450,hub_milagro_01
2026-02-19T23:15:32.667Z,82.002442002442,77.50915750915752,24.146520146520146,0,34.6,12.5,152.7,1450,hub_milagro_01
2026-02-19T23:17:32.922Z,82.07570207570207,77.50915750915752,24.117216117216117,0,35.4,12.6,154.6,1450,hub_milagro_01
2026-02-19T23:19:36.165Z,82.05128205128204,77.53357753357754,24.117216117216117,0,35.1,12.8,152.5,1450,hub_milagro_01
2026-02-19T23:21:36.389Z,82.07570207570207,77.50915750915752,24.087912087912088,0,35.4,12.7,153.4,1450,hub_milagro_01
2026-02-19T23:23:39.161Z,82.05128205128204,77.53357753357754,23.97069597069597,0,35.0,12.6,152.8,1450,hub_milagro_01
2026-02-19T23:25:42.751Z,81.97802197802197,77.41147741147742,23.912087912087912,0,35.5,12.5,154.8,1450,hub_milagro_01
2026-02-19T23:27:41.917Z,82.07570207570207,77.4847374847375,23.882783882783883,0,35.9,12.6,154.4,1450,hub_milagro_01
2026-02-19T23:29:42.260Z,82.07570207570207,77.46031746031747,23.912087912087912,0,36.5,12.6,153.9,1450,hub_milagro_01
2026-02-19T23:31:46.191Z,82.07570207570207,77.4847374847375,23.794871794871796,0,36.4,12.9,153.6,1450,hub_milagro_01
2026-02-19T23:33:47.588Z,82.02686202686202,77.43589743589745,23.882783882783883,0,36.2,12.7,152.2,1450,hub_milagro_01
2026-02-19T23:35:46.990Z,82.10012210012209,77.43589743589745,23.853479853479854,0,37.2,12.6,152.5,1450,hub_milagro_01
2026-02-19T23:37:46.502Z,82.05128205128204,77.43589743589745,23.736263736263737,0,36.7,12.9,155.3,1450,hub_milagro_01
2026-02-19T23:39:48.393Z,82.02686202686202,77.33821733821735,23.64835164835165,0,37.4,12.8,152.7,1450,hub_milagro_01
2026-02-19T23:41:53.441Z,82.12454212454212,77.3870573870574,23.61904761904762,0,36.9,12.8,152.2,1450,hub_milagro_01
2026-02-19T23:43:56.866Z,82.07570207570207,77.2893772893773,23.61904761904762,0,37.6,12.5,155.5,1450,hub_milagro_01
2026-02-19T23:45:58.761Z,82.12454212454212,77.26495726495727,23.61904761904762,0,37.2,12.6,153.0,1450,hub_milagro_01
2026-02-19T23:48:00.055Z,82.12454212454212,77.26495726495727,23.531135531135533,0,38.8,12.7,152.8,1450,hub_milagro_01
2026-02-19T23:50:04.380Z,82.12454212454212,77.2893772893773,23.560439560439562,0,38.7,12.7,154.4,1450,hub_milagro_01
2026-02-19T23:52:05.465Z,82.17338217338217,77.24053724053725,23.501831501831504,0,38.1,12.8,150.9,1450,hub_milagro_01
2026-02-19T23:54:09.853Z,82.12454212454212,77.26495726495727,23.384615384615387,0,39.2,12.7,153.0,1450,hub_milagro_01
2026-02-19T23:56:12.086Z,82.17338217338217,77.24053724053725,23.384615384615387,0,38.6,12.6,152.3,1450,hub_milagro_01
2026-02-19T23:58:11.333Z,82.12454212454212,77.16727716727718,23.384615384615387,0,39.1,12.7,154.5,1450,hub_milagro_01
2026-02-20T00:00:13.425Z,82.14896214896214,77.16727716727718,23.32600732600733,0,39.0,12.7,153.7,1450,hub_milagro_01
2026-02-20T00:02:15.474Z,82.17338217338217,77.21611721611723,23.32600732600733,0,38.5,12.6,152.9,1450,hub_milagro_01
2026-02-20T00:04:15.642Z,82.14896214896214,77.21611721611723,23.2967032967033,0,39.8,4.4,154.8,1450,hub_milagro_01
2026-02-20T00:06:15.591Z,82.12454212454212,77.14285714285715,23.179487179487182,0,39.7,12.8,151.0,1450,hub_milagro_01
2026-02-20T00:08:17.859Z,82.14896214896214,77.11843711843713,23.23809523809524,0,39.5,12.8,153.5,1450,hub_milagro_01
2026-02-20T00:10:19.067Z,82.12454212454212,77.11843711843713,23.091575091575095,0,40.2,12.7,154.3,1450,hub_milagro_01
2026-02-20T00:12:22.853Z,82.17338217338217,77.11843711843713,23.062271062271066,0,40.2,12.7,153.7,1450,hub_milagro_01
2026-02-20T00:14:23.704Z,82.14896214896214,77.06959706959708,23.091575091575095,0,41.2,12.7,156.9,1450,hub_milagro_01
2026-02-20T00:16:23.678Z,82.39316239316238,77.06959706959708,23.003663003663007,0,40.7,12.8,156.3,1450,hub_milagro_01
2026-02-20T00:18:22.186Z,82.5152625152625,77.02075702075703,22.94505494505495,0,41.0,6.0,154.1,1450,hub_milagro_01
2026-02-20T00:20:22.789Z,82.7106227106227,76.996336996337,22.91575091575092,0,40.5,12.7,155.8,1450,hub_milagro_01
2026-02-20T00:22:23.741Z,82.90598290598291,76.996336996337,22.974358974358978,0,41.0,12.6,155.3,1450,hub_milagro_01
2026-02-20T00:24:27.543Z,83.12576312576313,76.94749694749696,22.94505494505495,0,42.1,12.8,155.9,1450,hub_milagro_01
2026-02-20T00:26:31.800Z,83.32112332112332,77.02075702075703,22.91575091575092,0,41.8,13.0,155.6,1450,hub_milagro_01
2026-02-20T00:28:35.716Z,83.54090354090354,76.996336996337,22.827838827838832,0,42.4,12.8,156.7,1450,hub_milagro_01
2026-02-20T00:30:38.548Z,83.68742368742369,76.97191697191698,22.827838827838832,0,42.1,12.6,155.8,1450,hub_milagro_01
2026-02-20T00:32:42.022Z,83.90720390720391,76.97191697191698,22.769230769230774,0,41.3,12.7,158.9,1450,hub_milagro_01
2026-02-20T00:34:44.041Z,84.004884004884,76.84981684981686,22.681318681318686,0,42.8,12.8,158.1,1450,hub_milagro_01
2026-02-20T00:36:49.126Z,84.24908424908425,76.87423687423689,22.652014652014657,0,42.5,12.7,155.5,1450,hub_milagro_01
2026-02-20T00:38:50.999Z,84.3956043956044,76.87423687423689,22.681318681318686,0,42.0,12.6,155.4,1450,hub_milagro_01
2026-02-20T00:40:49.051Z,84.61538461538461,76.80097680097681,22.710622710622715,0,41.4,12.8,155.6,1450,hub_milagro_01
2026-02-20T00:42:53.684Z,84.78632478632478,76.75213675213676,22.710622710622715,0,42.2,12.6,157.1,1450,hub_milagro_01
2026-02-20T00:44:55.624Z,84.98168498168498,76.84981684981686,22.681318681318686,0,41.5,12.5,155.9,1450,hub_milagro_01
2026-02-20T00:46:53.262Z,85.25030525030525,76.82539682539684,22.622710622710628,0,42.0,12.8,158.2,1450,hub_milagro_01
2026-02-20T00:48:55.972Z,85.37240537240537,76.77655677655679,22.652014652014657,0,41.9,12.6,158.7,1450,hub_milagro_01
2026-02-20T00:50:54.475Z,85.61660561660561,76.72771672771674,22.681318681318686,0,41.7,12.7,158.0,1450,hub_milagro_01
2026-02-20T00:52:55.551Z,85.78754578754578,76.75213675213676,22.652014652014657,0,41.9,12.8,157.5,1450,hub_milagro_01
2026-02-20T00:54:53.933Z,85.95848595848597,76.70329670329672,22.622710622710628,0,42.0,12.9,158.7,1450,hub_milagro_01
2026-02-20T00:56:53.205Z,86.20268620268621,76.63003663003664,22.56410256410257,0,41.5,4.7,156.2,1450,hub_milagro_01
2026-02-20T00:58:55.659Z,86.3003663003663,76.70329670329672,22.5934065934066,0,42.2,12.7,159.3,1450,hub_milagro_01
2026-02-20T01:00:58.387Z,86.56898656898657,76.67887667887669,22.5934065934066,0,41.7,12.8,160.6,1450,hub_milagro_01
2026-02-20T01:02:57.335Z,86.73992673992674,76.60561660561662,22.50549450549451,0,41.1,12.8,157.6,1450,hub_milagro_01
2026-02-20T01:05:02.899Z,86.98412698412699,76.60561660561662,22.50549450549451,0,40.8,12.7,161.5,1450,hub_milagro_01
2026-02-20T01:07:01.528Z,87.15506715506716,76.5811965811966,22.5934065934066,0,41.9,12.6,160.0,1450,hub_milagro_01
2026-02-20T01:08:59.791Z,87.22832722832723,76.5811965811966,22.47619047619048,0,41.0,12.7,158.6,1450,hub_milagro_01
2026-02-20T01:11:02.421Z,87.44810744810745,76.5811965811966,22.50549450549451,0,41.8,12.8,158.5,1450,hub_milagro_01
2026-02-20T01:13:05.567Z,87.71672771672772,76.5811965811966,22.56410256410257,0,40.7,12.7,158.8,1450,hub_milagro_01
2026-02-20T01:15:06.823Z,87.88766788766789,76.5079365079365,22.53479853479854,0,41.3,12.9,161.1,1450,hub_milagro_01
2026-02-20T01:17:11.110Z,87.74114774114774,76.55677655677655,22.53479853479854,0,40.5,12.8,160.7,1450,hub_milagro_01
2026-02-20T01:19:12.335Z,87.61904761904762,76.45909645909646,22.50549450549451,0,40.6,12.8,160.4,1450,hub_milagro_01
2026-02-20T01:21:17.188Z,87.54578754578755,76.43467643467643,22.47619047619048,0,41.2,12.6,161.3,1450,hub_milagro_01
2026-02-20T01:23:18.806Z,87.3992673992674,76.43467643467643,22.50549450549451,0,40.2,12.7,158.9,1450,hub_milagro_01
2026-02-20T01:25:19.632Z,87.35042735042735,76.38583638583638,22.50549450549451,0,40.8,12.9,159.3,1450,hub_milagro_01
2026-02-20T01:27:23.207Z,87.17948717948718,76.45909645909646,22.50549450549451,0,40.3,12.8,160.1,1450,hub_milagro_01
2026-02-20T01:29:22.703Z,87.05738705738706,76.36141636141636,22.47619047619048,0,40.5,12.7,161.0,1450,hub_milagro_01
2026-02-20T01:31:25.750Z,86.98412698412699,76.33699633699634,22.388278388278394,0,40.0,12.9,162.8,1450,hub_milagro_01
2026-02-20T01:33:26.443Z,86.88644688644689,76.36141636141636,22.446886446886452,0,40.4,12.6,160.5,1450,hub_milagro_01
2026-02-20T01:35:26.769Z,86.73992673992674,76.41025641025641,22.417582417582423,0,40.2,12.9,161.0,1450,hub_milagro_01
2026-02-20T01:37:28.495Z,86.61782661782662,76.31257631257631,22.329670329670336,0,40.1,12.6,159.9,1450,hub_milagro_01
2026-02-20T01:39:28.537Z,86.47130647130648,76.28815628815629,22.388278388278394,0,39.7,12.9,162.5,1450,hub_milagro_01
2026-02-20T01:41:30.823Z,86.37362637362638,76.26373626373626,22.446886446886452,0,40.2,12.9,164.6,1450,hub_milagro_01
2026-02-20T01:43:34.297Z,86.25152625152626,76.31257631257631,22.358974358974365,0,39.9,12.8,161.0,1450,hub_milagro_01
2026-02-20T01:45:35.865Z,86.22710622710623,76.26373626373626,22.300366300366306,0,39.9,12.8,162.2,1450,hub_milagro_01
2026-02-20T01:47:36.717Z,86.10500610500611,76.28815628815629,22.388278388278394,0,40.0,12.8,161.4,1450,hub_milagro_01
2026-02-20T01:49:39.865Z,85.93406593406593,76.19047619047619,22.300366300366306,0,40.1,12.9,163.3,1450,hub_milagro_01
2026-02-20T01:51:40.071Z,85.86080586080585,76.19047619047619,22.300366300366306,0,39.8,4.0,160.7,1450,hub_milagro_01
2026-02-20T01:53:41.499Z,85.71428571428571,76.16605616605617,22.271062271062277,0,39.7,12.8,162.6,1450,hub_milagro_01
2026-02-20T01:55:39.492Z,85.64102564102564,76.14163614163614,22.358974358974365,0,39.6,12.9,160.9,1450,hub_milagro_01
2026-02-20T01:57:43.594Z,85.49450549450549,76.11721611721612,22.271062271062277,0,39.1,13.0,164.8,1450,hub_milagro_01
2026-02-20T01:59:42.387Z,85.42124542124542,76.11721611721612,22.21245421245422,0,39.1,12.8,161.5,1450,hub_milagro_01
2026-02-20T02:01:44.446Z,85.27472527472527,76.11721611721612,22.095238095238102,0,39.2,12.8,163.6,1450,hub_milagro_01
2026-02-20T02:03:44.224Z,85.17704517704517,76.14163614163614,22.095238095238102,0,38.8,12.8,164.7,1450,hub_milagro_01
2026-02-20T02:05:44.765Z,85.006105006105,76.09279609279609,22.065934065934073,0,39.2,12.7,163.2,1450,hub_milagro_01
2026-02-20T02:07:44.630Z,84.95726495726495,76.06837606837607,21.919413919413927,0,39.4,12.9,163.8,1450,hub_milagro_01
2026-02-20T02:09:47.466Z,84.81074481074481,76.11721611721612,21.919413919413927,0,38.7,12.8,163.8,1450,hub_milagro_01
2026-02-20T02:11:50.046Z,84.66422466422466,76.09279609279609,21.919413919413927,0,39.4,12.5,165.1,1450,hub_milagro_01
2026-02-20T02:13:52.071Z,84.59096459096459,76.09279609279609,21.860805860805854,0,38.9,12.7,161.7,1450,hub_milagro_01
2026-02-20T02:15:54.730Z,84.44444444444444,75.995115995116,21.772893772893767,0,39.4,12.7,162.5,1450,hub_milagro_01
2026-02-20T02:17:55.474Z,84.44444444444444,75.94627594627595,21.714285714285708,0,38.9,13.0,163.9,1450,hub_milagro_01
2026-02-20T02:19:59.933Z,84.56654456654456,75.995115995116,21.62637362637362,0,38.2,12.8,164.7,1450,hub_milagro_01
2026-02-20T02:22:04.610Z,84.59096459096459,76.04395604395604,21.567765567765562,0,38.2,13.0,163.7,1450,hub_milagro_01
2026-02-20T02:24:06.837Z,84.63980463980464,75.995115995116,21.59706959706959,0,40.3,12.9,164.5,1450,hub_milagro_01
2026-02-20T02:26:09.101Z,84.61538461538461,75.995115995116,21.450549450549445,0,38.9,12.8,162.8,1450,hub_milagro_01
2026-02-20T02:28:13.082Z,84.73748473748473,75.92185592185592,21.391941391941387,0,38.8,12.7,165.3,1450,hub_milagro_01
2026-02-20T02:30:14.754Z,84.76190476190476,75.92185592185592,21.33333333333333,0,37.6,13.0,164.2,1450,hub_milagro_01
2026-02-20T02:32:14.131Z,84.81074481074481,75.8974358974359,21.27472527472527,0,37.7,12.9,165.8,1450,hub_milagro_01
2026-02-20T02:34:18.512Z,84.81074481074481,75.82417582417582,21.216117216117212,0,37.5,12.9,164.6,1450,hub_milagro_01
2026-02-20T02:36:18.745Z,84.78632478632478,75.82417582417582,21.27472527472527,0,38.0,12.8,163.6,1450,hub_milagro_01
2026-02-20T02:38:19.667Z,84.83516483516483,75.8974358974359,21.098901098901095,0,37.9,12.9,165.7,1450,hub_milagro_01
2026-02-20T02:40:21.127Z,84.93284493284493,75.84859584859585,21.128205128205124,0,37.8,12.7,162.9,1450,hub_milagro_01
2026-02-20T02:42:20.724Z,84.88400488400488,75.77533577533578,21.010989010989007,0,38.2,13.0,162.1,1450,hub_milagro_01
2026-02-20T02:44:23.521Z,84.98168498168498,75.87301587301587,20.981684981684978,0,37.8,12.8,165.8,1450,hub_milagro_01
2026-02-20T02:46:23.123Z,84.95726495726495,75.84859584859585,20.89377289377289,0,36.8,12.8,161.6,1450,hub_milagro_01
2026-02-20T02:48:24.491Z,84.98168498168498,75.82417582417582,20.86446886446886,0,37.8,13.0,163.4,1450,hub_milagro_01
2026-02-20T02:50:27.738Z,85.07936507936508,75.72649572649573,20.776556776556774,0,38.0,12.7,163.2,1450,hub_milagro_01
2026-02-20T02:52:30.984Z,85.07936507936508,75.7020757020757,20.805860805860803,0,37.8,12.8,162.0,1450,hub_milagro_01
2026-02-20T02:54:31.412Z,85.15262515262515,75.7020757020757,20.747252747252745,0,37.3,13.0,161.7,1450,hub_milagro_01
2026-02-20T02:56:35.942Z,85.1037851037851,75.77533577533578,20.717948717948715,0,38.4,12.8,160.2,1450,hub_milagro_01
2026-02-20T02:58:35.198Z,85.12820512820512,75.67765567765568,20.630036630036628,0,37.5,12.7,164.2,1450,hub_milagro_01
2026-02-20T03:00:37.589Z,85.27472527472527,75.67765567765568,20.51282051282051,0,36.5,12.9,162.9,1450,hub_milagro_01
2026-02-20T03:02:39.750Z,85.2991452991453,75.62881562881563,20.454212454212453,0,37.1,12.8,164.7,1450,hub_milagro_01
2026-02-20T03:04:39.907Z,85.22588522588522,75.7020757020757,20.454212454212453,0,36.5,12.7,165.2,1450,hub_milagro_01
2026-02-20T03:06:39.175Z,85.25030525030525,75.57997557997558,20.424908424908423,0,36.3,12.8,166.2,1450,hub_milagro_01
2026-02-20T03:08:38.654Z,85.34798534798534,75.6043956043956,20.336996336996336,0,37.5,13.0,162.2,1450,hub_milagro_01
2026-02-20T03:10:39.567Z,85.39682539682539,75.6043956043956,20.307692307692307,0,36.5,13.1,162.6,1450,hub_milagro_01
2026-02-20T03:12:40.693Z,85.42124542124542,75.55555555555556,20.249084249084248,0,36.5,13.0,165.1,1450,hub_milagro_01
2026-02-20T03:14:39.322Z,85.37240537240537,75.57997557997558,20.21978021978022,0,36.3,12.7,163.6,1450,hub_milagro_01
2026-02-20T03:16:40.219Z,85.44566544566544,75.50671550671551,20.16117216117216,0,36.6,13.1,162.5,1450,hub_milagro_01
2026-02-20T03:18:42.243Z,85.54334554334554,75.50671550671551,20.16117216117216,0,36.8,12.8,163.5,1450,hub_milagro_01
2026-02-20T03:20:45.082Z,85.56776556776556,75.53113553113553,20.21978021978022,0,36.3,12.7,162.0,1450,hub_milagro_01
2026-02-20T03:22:49.482Z,85.61660561660561,75.55555555555556,20.13186813186813,0,36.2,12.7,160.7,1450,hub_milagro_01
2026-02-20T03:24:51.884Z,85.64102564102564,75.55555555555556,20.13186813186813,0,36.1,4.0,160.8,1450,hub_milagro_01
2026-02-20T03:26:53.811Z,85.71428571428571,75.48229548229548,20.102564102564102,0,36.9,13.0,162.3,1450,hub_milagro_01
2026-02-20T03:28:52.450Z,85.76312576312576,75.53113553113553,20.249084249084248,0,36.7,12.7,164.0,1450,hub_milagro_01
2026-02-20T03:30:55.644Z,85.83638583638583,75.43345543345544,20.21978021978022,0,36.4,12.9,163.1,1450,hub_milagro_01
2026-02-20T03:32:54.813Z,85.88522588522588,75.50671550671551,20.13186813186813,0,36.1,12.8,164.4,1450,hub_milagro_01
2026-02-20T03:34:56.450Z,85.93406593406593,75.48229548229548,20.21978021978022,0,35.9,13.0,162.5,1450,hub_milagro_01
2026-02-20T03:36:59.160Z,86.03174603174604,75.45787545787546,20.16117216117216,0,35.9,12.8,162.7,1450,hub_milagro_01
2026-02-20T03:39:00.792Z,85.98290598290599,75.38461538461539,20.249084249084248,0,36.1,12.8,162.9,1450,hub_milagro_01
2026-02-20T03:41:00.664Z,86.08058608058609,75.33577533577534,20.278388278388277,0,36.0,12.9,162.1,1450,hub_milagro_01
2026-02-20T03:42:59.223Z,86.15384615384616,75.31135531135531,20.278388278388277,0,35.9,12.9,161.3,1450,hub_milagro_01
2026-02-20T03:44:59.375Z,86.20268620268621,75.33577533577534,20.21978021978022,0,35.9,12.8,163.3,1450,hub_milagro_01
2026-02-20T03:47:03.452Z,86.20268620268621,75.36019536019536,20.16117216117216,0,35.0,12.7,163.4,1450,hub_milagro_01
2026-02-20T03:49:03.807Z,86.25152625152626,75.26251526251527,20.249084249084248,0,36.2,12.8,164.1,1450,hub_milagro_01
2026-02-20T03:51:04.690Z,86.32478632478633,75.26251526251527,20.278388278388277,0,35.1,12.9,163.4,1450,hub_milagro_01
2026-02-20T03:53:04.050Z,86.42246642246643,75.28693528693529,20.307692307692307,0,35.3,12.8,162.4,1450,hub_milagro_01
2026-02-20T03:55:03.587Z,86.47130647130648,75.28693528693529,20.19047619047619,0,36.2,12.7,164.9,1450,hub_milagro_01
2026-02-20T03:57:08.113Z,86.4957264957265,75.18925518925519,20.249084249084248,0,35.6,13.0,162.8,1450,hub_milagro_01
2026-02-20T03:59:12.173Z,86.4957264957265,75.26251526251527,20.336996336996336,0,34.3,12.8,160.2,1450,hub_milagro_01
2026-02-20T04:01:13.518Z,86.56898656898657,75.21367521367522,20.249084249084248,0,35.5,12.8,163.8,1450,hub_milagro_01
2026-02-20T04:03:15.325Z,86.61782661782662,75.26251526251527,20.336996336996336,0,35.1,12.9,161.8,1450,hub_milagro_01
2026-02-20T04:05:19.138Z,86.66666666666667,75.16483516483517,20.336996336996336,0,35.3,6.0,163.0,1450,hub_milagro_01
2026-02-20T04:07:18.139Z,86.71550671550672,75.11599511599512,20.366300366300365,0,34.3,12.8,164.8,1450,hub_milagro_01
2026-02-20T04:09:20.673Z,86.73992673992674,75.18925518925519,20.336996336996336,0,34.7,12.9,162.4,1450,hub_milagro_01
2026-02-20T04:11:19.022Z,86.81318681318682,75.06715506715507,20.307692307692307,0,34.5,12.7,164.8,1450,hub_milagro_01
2026-02-20T04:13:19.298Z,86.86202686202687,75.06715506715507,20.278388278388277,0,34.8,12.9,163.4,1450,hub_milagro_01
2026-02-20T04:15:19.855Z,86.86202686202687,75.14041514041514,20.278388278388277,0,34.7,12.8,163.0,1450,hub_milagro_01
2026-02-20T04:17:18.954Z,86.86202686202687,75.06715506715507,20.424908424908423,0,34.8,12.9,162.3,1450,hub_milagro_01
2026-02-20T04:19:20.784Z,86.95970695970696,75.0915750915751,20.366300366300365,0,34.4,12.9,161.2,1450,hub_milagro_01
2026-02-20T04:21:18.230Z,87.05738705738706,74.993894993895,20.336996336996336,0,33.6,13.0,161.9,1450,hub_milagro_01
2026-02-20T04:23:18.402Z,87.10622710622711,75.06715506715507,20.454212454212453,0,33.9,12.8,162.6,1450,hub_milagro_01
2026-02-20T04:25:22.027Z,87.22832722832723,74.94505494505495,20.395604395604394,0,33.9,12.8,160.7,1450,hub_milagro_01
2026-02-20T04:27:25.035Z,87.35042735042735,75.04273504273505,20.395604395604394,0,34.2,12.9,160.8,1450,hub_milagro_01
2026-02-20T04:29:28.648Z,87.3992673992674,75.01831501831502,20.483516483516482,0,34.5,12.8,161.7,1450,hub_milagro_01
2026-02-20T04:31:29.488Z,87.44810744810745,74.94505494505495,20.366300366300365,0,33.9,12.8,164.2,1450,hub_milagro_01
2026-02-20T04:33:32.520Z,87.5946275946276,74.96947496947497,20.454212454212453,0,33.9,12.9,160.1,1450,hub_milagro_01
2026-02-20T04:35:35.818Z,87.5946275946276,74.87179487179488,20.424908424908423,0,33.7,12.6,160.0,1450,hub_milagro_01
2026-02-20T04:37:39.494Z,87.76556776556777,74.8962148962149,20.483516483516482,0,33.4,12.7,161.8,1450,hub_milagro_01
2026-02-20T04:39:43.690Z,87.76556776556777,74.84737484737485,20.424908424908423,0,34.0,12.8,161.1,1450,hub_milagro_01
2026-02-20T04:41:47.218Z,87.91208791208791,74.92063492063492,20.424908424908423,0,33.6,12.9,162.7,1450,hub_milagro_01
2026-02-20T04:43:47.659Z,87.98534798534799,74.84737484737485,20.395604395604394,0,33.8,12.9,161.2,1450,hub_milagro_01
2026-02-20T04:45:50.243Z,87.96092796092796,74.8962148962149,20.366300366300365,0,33.2,12.9,161.7,1450,hub_milagro_01
2026-02-20T04:47:50.585Z,88.08302808302808,74.84737484737485,20.366300366300365,0,33.2,13.0,160.8,1450,hub_milagro_01
2026-02-20T04:49:51.514Z,88.2051282051282,74.7985347985348,20.336996336996336,0,33.4,12.8,161.2,1450,hub_milagro_01
2026-02-20T04:51:54.027Z,88.22954822954823,74.74969474969475,20.424908424908423,0,33.0,13.0,161.9,1450,hub_milagro_01
2026-02-20T04:53:59.475Z,88.27838827838828,74.84737484737485,20.366300366300365,0,32.5,12.6,161.4,1450,hub_milagro_01
2026-02-20T04:56:00.413Z,88.44932844932845,74.7985347985348,20.307692307692307,0,33.3,12.8,162.2,1450,hub_milagro_01
2026-02-20T04:57:59.343Z,88.47374847374847,74.72527472527473,20.307692307692307,0,33.1,5.7,162.8,1450,hub_milagro_01
2026-02-20T04:59:58.455Z,88.57142857142857,74.74969474969475,20.278388278388277,0,33.2,12.9,161.7,1450,hub_milagro_01
2026-02-20T05:02:02.503Z,88.5958485958486,74.67643467643468,20.278388278388277,0,33.3,12.8,160.3,1450,hub_milagro_01
2026-02-20T05:04:03.236Z,88.71794871794872,74.7008547008547,20.249084249084248,0,32.5,12.9,163.1,1450,hub_milagro_01
2026-02-20T05:06:05.507Z,88.69352869352869,74.62759462759463,20.278388278388277,0,32.4,13.0,160.4,1450,hub_milagro_01
2026-02-20T05:08:05.873Z,88.86446886446886,74.72527472527473,20.336996336996336,0,32.7,12.9,162.5,1450,hub_milagro_01
2026-02-20T05:10:08.323Z,88.88888888888889,74.60317460317461,20.307692307692307,0,32.4,12.9,161.8,1450,hub_milagro_01
2026-02-20T05:12:07.726Z,88.91330891330891,74.65201465201466,20.19047619047619,0,32.0,13.0,160.8,1450,hub_milagro_01
2026-02-20T05:14:06.376Z,88.98656898656898,74.60317460317461,20.21978021978022,0,31.4,12.9,161.8,1450,hub_milagro_01
2026-02-20T05:16:10.764Z,89.03540903540903,74.62759462759463,20.307692307692307,0,32.2,12.8,162.5,1450,hub_milagro_01
2026-02-20T05:18:14.586Z,89.13308913308914,74.62759462759463,20.19047619047619,0,32.2,12.8,161.6,1450,hub_milagro_01
2026-02-20T05:20:16.199Z,89.15750915750917,74.62759462759463,20.249084249084248,0,31.2,13.0,160.0,1450,hub_milagro_01
2026-02-20T05:22:16.210Z,89.15750915750917,74.50549450549451,20.249084249084248,0,31.7,12.9,163.4,1450,hub_milagro_01
2026-02-20T05:24:20.069Z,89.15750915750917,74.57875457875458,20.13186813186813,0,31.7,12.8,161.1,1450,hub_milagro_01
2026-02-20T05:26:21.271Z,89.13308913308914,74.52991452991454,20.21978021978022,0,32.2,12.8,162.1,1450,hub_milagro_01
2026-02-20T05:28:24.394Z,89.13308913308914,74.50549450549451,20.19047619047619,0,31.7,7.5,161.4,1450,hub_milagro_01
2026-02-20T05:30:28.186Z,89.18192918192919,74.52991452991454,20.16117216117216,0,32.0,12.8,160.1,1450,hub_milagro_01
2026-02-20T05:32:29.634Z,89.0842490842491,74.43223443223444,20.21978021978022,0,31.9,13.0,161.1,1450,hub_milagro_01
2026-02-20T05:34:31.774Z,89.10866910866912,74.48107448107449,20.102564102564102,0,31.9,13.1,160.9,1450,hub_milagro_01
2026-02-20T05:36:32.600Z,89.13308913308914,74.45665445665446,20.21978021978022,0,31.0,12.8,162.5,1450,hub_milagro_01
2026-02-20T05:38:32.953Z,89.0842490842491,74.40781440781441,20.19047619047619,0,31.4,12.8,158.5,1450,hub_milagro_01
2026-02-20T05:40:33.413Z,89.18192918192919,74.38339438339439,20.073260073260073,0,31.2,12.9,160.2,1450,hub_milagro_01
2026-02-20T05:42:35.879Z,89.05982905982906,74.40781440781441,20.102564102564102,0,30.5,12.9,163.1,1450,hub_milagro_01
2026-02-20T05:44:36.242Z,89.05982905982906,74.35897435897436,20.19047619047619,0,31.4,4.0,161.9,1450,hub_milagro_01
2026-02-20T05:46:36.877Z,89.15750915750917,74.33455433455434,20.073260073260073,0,30.5,13.0,161.6,1450,hub_milagro_01
2026-02-20T05:48:39.520Z,89.0842490842491,74.35897435897436,20.043956043956044,0,30.6,12.9,162.9,1450,hub_milagro_01
2026-02-20T05:50:39.107Z,89.03540903540903,74.33455433455434,20.073260073260073,0,30.9,12.8,164.3,1450,hub_milagro_01
2026-02-20T05:52:41.921Z,89.03540903540903,74.33455433455434,20.13186813186813,0,30.9,12.8,162.0,1450,hub_milagro_01
2026-02-20T05:54:44.374Z,89.0842490842491,74.31013431013432,20.043956043956044,0,30.5,12.7,160.2,1450,hub_milagro_01
2026-02-20T05:56:48.141Z,89.10866910866912,74.31013431013432,20.043956043956044,0,30.9,12.7,161.8,1450,hub_milagro_01
2026-02-20T05:58:50.943Z,89.03540903540903,74.23687423687424,20.073260073260073,0,30.7,12.9,164.3,1450,hub_milagro_01
2026-02-20T06:00:53.201Z,89.0842490842491,74.31013431013432,20.014652014652015,0,30.8,12.8,163.2,1450,hub_milagro_01
2026-02-20T06:02:56.745Z,89.03540903540903,74.28571428571429,19.86813186813187,0,30.6,12.8,162.0,1450,hub_milagro_01
2026-02-20T06:04:54.850Z,89.03540903540903,74.26129426129427,19.80952380952381,0,30.6,12.7,160.8,1450,hub_milagro_01
2026-02-20T06:06:57.369Z,88.98656898656898,74.23687423687424,19.78021978021978,0,30.9,12.7,161.3,1450,hub_milagro_01
2026-02-20T06:08:58.308Z,88.98656898656898,74.16361416361417,19.604395604395606,0,30.5,13.0,159.4,1450,hub_milagro_01
2026-02-20T06:10:58.395Z,88.93772893772893,74.16361416361417,19.604395604395606,0,31.2,12.7,160.6,1450,hub_milagro_01
2026-02-20T06:13:02.055Z,88.96214896214896,74.1880341880342,19.42857142857143,0,31.0,12.7,162.8,1450,hub_milagro_01
2026-02-20T06:15:01.683Z,88.96214896214896,74.0903540903541,19.340659340659343,0,31.0,12.7,160.5,1450,hub_milagro_01
2026-02-20T06:17:00.221Z,88.93772893772893,74.13919413919415,19.369963369963372,0,30.7,12.6,161.5,1450,hub_milagro_01
2026-02-20T06:19:00.881Z,88.91330891330891,74.13919413919415,19.252747252747255,0,31.2,12.6,160.3,1450,hub_milagro_01
2026-02-20T06:21:00.314Z,88.66910866910867,74.16361416361417,19.164835164835168,0,31.1,12.6,160.0,1450,hub_milagro_01
2026-02-20T06:23:00.184Z,88.4981684981685,74.11477411477412,19.047619047619044,0,31.9,12.8,159.6,1450,hub_milagro_01
2026-02-20T06:25:03.300Z,88.22954822954823,74.06593406593407,18.989010989010985,0,31.7,12.7,160.0,1450,hub_milagro_01
2026-02-20T06:27:06.843Z,88.05860805860806,74.06593406593407,18.84249084249084,0,31.6,12.5,159.7,1450,hub_milagro_01
2026-02-20T06:29:09.374Z,87.86324786324786,74.06593406593407,18.87179487179487,0,31.7,12.6,161.9,1450,hub_milagro_01
2026-02-20T06:31:08.057Z,87.64346764346764,74.04151404151405,18.695970695970693,0,31.2,12.6,162.0,1450,hub_milagro_01
2026-02-20T06:33:10.615Z,87.37484737484738,74.04151404151405,18.725274725274723,0,31.5,12.6,161.4,1450,hub_milagro_01
2026-02-20T06:35:10.951Z,87.15506715506716,73.992673992674,18.637362637362635,0,32.3,12.7,163.0,1450,hub_milagro_01
2026-02-20T06:37:13.881Z,86.86202686202687,73.94383394383395,18.52014652014652,0,31.6,12.7,161.9,1450,hub_milagro_01
2026-02-20T06:39:14.371Z,86.73992673992674,73.94383394383395,18.373626373626372,0,31.7,12.7,160.2,1450,hub_milagro_01
2026-02-20T06:41:14.073Z,86.44688644688645,73.91941391941393,18.315018315018314,0,32.0,12.5,162.5,1450,hub_milagro_01
2026-02-20T06:43:18.988Z,86.20268620268621,73.992673992674,18.315018315018314,0,31.6,12.4,160.3,1450,hub_milagro_01
2026-02-20T06:45:22.828Z,86.03174603174604,73.8949938949939,18.256410256410255,0,31.4,12.4,160.2,1450,hub_milagro_01
2026-02-20T06:47:21.561Z,85.73870573870573,73.96825396825398,18.08058608058608,0,31.5,12.5,163.1,1450,hub_milagro_01
2026-02-20T06:49:20.208Z,85.54334554334554,73.91941391941393,18.08058608058608,0,32.3,12.4,161.1,1450,hub_milagro_01
2026-02-20T06:51:24.147Z,85.27472527472527,73.8949938949939,17.934065934065934,0,31.6,12.7,163.2,1450,hub_milagro_01
2026-02-20T06:53:23.983Z,85.07936507936508,73.82173382173383,17.875457875457876,0,32.1,12.3,157.8,1450,hub_milagro_01
2026-02-20T06:55:27.427Z,84.85958485958486,73.87057387057388,17.75824175824176,0,31.8,12.4,161.0,1450,hub_milagro_01
2026-02-20T06:57:27.006Z,84.66422466422466,73.82173382173383,17.72893772893773,0,32.4,12.6,160.9,1450,hub_milagro_01
2026-02-20T06:59:28.277Z,84.37118437118437,73.84615384615385,17.6996336996337,0,32.1,12.4,161.4,1450,hub_milagro_01
2026-02-20T07:01:30.006Z,84.1025641025641,73.84615384615385,17.611721611721613,0,32.6,12.5,161.8,1450,hub_milagro_01
2026-02-20T07:03:31.226Z,83.93162393162393,73.84615384615385,17.465201465201467,0,32.2,12.4,162.8,1450,hub_milagro_01
2026-02-20T07:05:32.470Z,83.63858363858364,73.82173382173383,17.34798534798535,0,33.2,12.2,160.4,1450,hub_milagro_01
2026-02-20T07:07:34.566Z,83.3943833943834,73.72405372405373,17.289377289377292,0,32.6,12.4,161.0,1450,hub_milagro_01
2026-02-20T07:09:34.424Z,83.22344322344323,73.74847374847376,17.230769230769234,0,32.5,12.3,160.5,1450,hub_milagro_01
2026-02-20T07:11:32.787Z,83.00366300366301,73.74847374847376,17.14285714285714,0,32.4,12.3,160.3,1450,hub_milagro_01
2026-02-20T07:13:33.649Z,82.73504273504273,73.74847374847376,17.05494505494505,0,32.9,12.2,160.4,1450,hub_milagro_01
2026-02-20T07:15:34.008Z,82.53968253968253,73.69963369963371,16.967032967032964,0,33.0,12.2,161.1,1450,hub_milagro_01
2026-02-20T07:17:37.230Z,82.29548229548229,73.72405372405373,16.996336996336993,0,33.3,12.4,158.7,1450,hub_milagro_01
2026-02-20T07:19:39.153Z,82.002442002442,73.69963369963371,16.937728937728934,0,33.2,12.4,160.2,1450,hub_milagro_01
2026-02-20T07:21:43.744Z,82.36874236874236,73.65079365079366,16.820512820512818,0,33.0,12.3,160.3,1450,hub_milagro_01
2026-02-20T07:23:44.320Z,82.63736263736263,73.65079365079366,16.820512820512818,0,32.3,12.4,160.7,1450,hub_milagro_01
2026-02-20T07:25:47.378Z,83.07692307692308,73.60195360195361,16.820512820512818,0,32.7,12.2,159.0,1450,hub_milagro_01
2026-02-20T07:27:51.977Z,83.32112332112332,73.57753357753359,16.908424908424905,0,32.9,12.4,160.6,1450,hub_milagro_01
2026-02-20T07:29:54.648Z,83.66300366300366,73.55311355311356,16.879120879120876,0,33.2,12.2,161.6,1450,hub_milagro_01
2026-02-20T07:31:58.115Z,83.98046398046398,73.55311355311356,16.849816849816847,0,33.4,12.1,160.7,1450,hub_milagro_01
2026-02-20T07:33:57.144Z,84.3956043956044,73.50427350427351,16.937728937728934,0,33.2,5.6,159.3,1450,hub_milagro_01
2026-02-20T07:36:02.173Z,84.68864468864469,73.60195360195361,16.879120879120876,0,33.5,12.2,158.9,1450,hub_milagro_01
2026-02-20T07:38:02.077Z,84.98168498168498,73.55311355311356,16.820512820512818,0,32.8,12.0,157.8,1450,hub_milagro_01
2026-02-20T07:40:04.573Z,85.27472527472527,73.55311355311356,16.937728937728934,0,33.9,12.2,157.1,1450,hub_milagro_01
2026-02-20T07:42:09.331Z,85.64102564102564,73.47985347985349,16.937728937728934,0,33.6,12.2,160.0,1450,hub_milagro_01
2026-02-20T07:44:13.169Z,85.98290598290599,73.52869352869354,16.849816849816847,0,32.9,12.0,158.2,1450,hub_milagro_01
2026-02-20T07:46:13.253Z,86.25152625152626,73.45543345543346,16.967032967032964,0,33.3,12.1,158.9,1450,hub_milagro_01
2026-02-20T07:48:15.569Z,86.56898656898657,73.38217338217338,16.967032967032964,0,33.6,12.1,158.9,1450,hub_milagro_01
2026-02-20T07:50:14.554Z,86.98412698412699,73.4065934065934,16.908424908424905,0,34.3,12.0,159.2,1450,hub_milagro_01
2026-02-20T07:52:18.689Z,87.3015873015873,73.43101343101343,16.908424908424905,0,33.7,12.2,157.1,1450,hub_milagro_01
2026-02-20T07:54:17.367Z,87.54578754578755,73.45543345543346,16.908424908424905,0,33.9,12.2,157.4,1450,hub_milagro_01
2026-02-20T07:56:18.432Z,87.93650793650794,73.35775335775335,16.937728937728934,0,34.2,12.3,157.6,1450,hub_milagro_01
2026-02-20T07:58:19.755Z,88.22954822954823,73.4065934065934,16.879120879120876,0,33.2,11.8,157.5,1450,hub_milagro_01
2026-02-20T08:00:23.470Z,88.52258852258852,73.35775335775335,16.967032967032964,0,33.9,12.1,156.0,1450,hub_milagro_01
2026-02-20T08:02:25.180Z,88.84004884004884,73.35775335775335,16.967032967032964,0,34.4,12.0,158.2,1450,hub_milagro_01
2026-02-20T08:04:25.075Z,89.23076923076924,73.38217338217338,16.937728937728934,0,34.4,12.1,156.2,1450,hub_milagro_01
2026-02-20T08:06:26.606Z,89.45054945054946,73.26007326007326,16.879120879120876,0,34.9,11.8,157.4,1450,hub_milagro_01
2026-02-20T08:08:29.236Z,89.86568986568987,73.26007326007326,16.967032967032964,0,34.2,12.0,159.5,1450,hub_milagro_01
2026-02-20T08:10:28.496Z,90.15873015873017,73.33333333333333,16.908424908424905,0,34.2,12.0,157.1,1450,hub_milagro_01
2026-02-20T08:12:33.011Z,90.47619047619048,73.3089133089133,17.025641025641022,0,33.9,11.9,156.9,1450,hub_milagro_01
2026-02-20T08:14:36.441Z,90.7936507936508,73.3089133089133,16.908424908424905,0,33.9,12.1,155.6,1450,hub_milagro_01
2026-02-20T08:16:40.826Z,91.08669108669109,73.2112332112332,16.967032967032964,0,34.2,11.8,156.2,1450,hub_milagro_01
2026-02-20T08:18:40.204Z,91.37973137973138,73.26007326007326,17.025641025641022,0,35.0,11.8,157.9,1450,hub_milagro_01
2026-02-20T08:20:41.645Z,91.7948717948718,73.23565323565323,17.05494505494505,0,35.3,11.9,157.5,1450,hub_milagro_01
2026-02-20T08:22:44.947Z,91.5018315018315,73.18681318681318,17.025641025641022,0,34.7,4.0,156.8,1450,hub_milagro_01
2026-02-20T08:24:46.899Z,91.23321123321124,73.23565323565323,16.996336996336993,0,34.5,11.8,155.7,1450,hub_milagro_01
2026-02-20T08:26:50.470Z,90.91575091575092,73.11355311355311,17.08424908424908,0,35.3,12.0,158.4,1450,hub_milagro_01
2026-02-20T08:28:52.755Z,90.67155067155068,73.18681318681318,17.08424908424908,0,34.5,11.9,154.5,1450,hub_milagro_01
2026-02-20T08:30:54.691Z,90.35409035409036,73.08913308913309,17.025641025641022,0,34.7,11.8,154.6,1450,hub_milagro_01
2026-02-20T08:32:53.218Z,90.10989010989012,73.16239316239316,17.05494505494505,0,35.0,11.8,155.5,1450,hub_milagro_01
2026-02-20T08:34:55.957Z,89.7924297924298,73.11355311355311,17.11355311355311,0,35.1,11.7,155.9,1450,hub_milagro_01
2026-02-20T08:36:54.982Z,89.54822954822956,73.06471306471306,17.11355311355311,0,35.3,11.8,157.0,1450,hub_milagro_01
2026-02-20T08:38:57.277Z,89.35286935286936,73.13797313797313,17.14285714285714,0,35.5,11.9,156.4,1450,hub_milagro_01
2026-02-20T08:40:57.869Z,88.98656898656898,73.08913308913309,17.05494505494505,0,34.8,11.6,154.5,1450,hub_milagro_01
2026-02-20T08:43:00.848Z,88.76678876678876,73.04029304029304,17.172161172161168,0,35.3,11.6,154.3,1450,hub_milagro_01
2026-02-20T08:44:59.264Z,88.4981684981685,73.01587301587301,17.201465201465204,0,36.0,5.6,154.5,1450,hub_milagro_01
2026-02-20T08:47:01.335Z,88.22954822954823,73.08913308913309,17.31868131868132,0,35.1,11.8,154.3,1450,hub_milagro_01
2026-02-20T08:49:03.994Z,87.91208791208791,72.96703296703296,17.34798534798535,0,36.0,11.6,154.6,1450,hub_milagro_01
2026-02-20T08:51:05.493Z,87.5946275946276,72.94261294261294,17.553113553113555,0,35.7,11.7,154.8,1450,hub_milagro_01
2026-02-20T08:53:07.523Z,87.35042735042735,72.96703296703296,17.611721611721613,0,35.9,11.8,154.1,1450,hub_milagro_01
2026-02-20T08:55:12.712Z,87.13064713064713,72.99145299145299,17.6996336996337,0,35.9,11.7,153.2,1450,hub_milagro_01
2026-02-20T08:57:16.127Z,86.86202686202687,72.96703296703296,17.75824175824176,0,36.7,11.6,153.1,1450,hub_milagro_01
2026-02-20T08:59:17.681Z,86.4957264957265,72.91819291819291,17.72893772893773,0,36.5,11.7,154.7,1450,hub_milagro_01
2026-02-20T09:01:16.816Z,86.32478632478633,72.96703296703296,17.816849816849818,0,36.7,11.8,153.5,1450,hub_milagro_01
2026-02-20T09:03:20.052Z,86.03174603174604,72.89377289377289,17.963369963369964,0,36.6,11.7,152.9,1450,hub_milagro_01
2026-02-20T09:05:22.528Z,85.73870573870573,72.91819291819291,18.08058608058608,0,37.2,11.7,152.0,1450,hub_milagro_01
2026-02-20T09:07:23.197Z,85.37240537240537,72.82051282051282,18.13919413919414,0,37.2,11.5,153.3,1450,hub_milagro_01
2026-02-20T09:09:23.155Z,85.12820512820512,72.84493284493284,18.227106227106226,0,36.9,11.5,152.3,1450,hub_milagro_01
2026-02-20T09:11:24.015Z,84.9084249084249,72.82051282051282,18.285714285714285,0,37.0,11.6,152.9,1450,hub_milagro_01
2026-02-20T09:13:25.688Z,84.56654456654456,72.77167277167277,18.373626373626372,0,37.3,11.7,152.8,1450,hub_milagro_01
2026-02-20T09:15:26.324Z,84.2979242979243,72.84493284493284,18.46153846153846,0,36.9,11.6,152.7,1450,hub_milagro_01
2026-02-20T09:17:29.826Z,84.02930402930403,72.74725274725274,18.46153846153846,0,37.2,11.4,151.9,1450,hub_milagro_01
2026-02-20T09:19:34.039Z,83.71184371184371,72.74725274725274,18.608058608058606,0,38.4,11.5,153.2,1450,hub_milagro_01
2026-02-20T09:21:33.396Z,83.44322344322345,72.7960927960928,18.637362637362635,0,38.2,11.4,152.3,1450,hub_milagro_01
2026-02-20T09:23:32.745Z,83.54090354090354,72.77167277167277,18.81318681318681,0,37.3,11.4,151.7,1450,hub_milagro_01
2026-02-20T09:25:33.604Z,83.44322344322345,72.77167277167277,18.84249084249084,0,38.3,11.4,152.3,1450,hub_milagro_01
2026-02-20T09:27:34.932Z,83.56532356532357,72.6984126984127,18.87179487179487,0,38.4,11.4,150.9,1450,hub_milagro_01
2026-02-20T09:29:33.221Z,83.56532356532357,72.74725274725274,18.959706959706956,0,39.2,11.5,152.9,1450,hub_milagro_01
2026-02-20T09:31:33.493Z,83.4920634920635,72.62515262515262,19.047619047619044,0,38.1,11.5,153.9,1450,hub_milagro_01
2026-02-20T09:33:37.714Z,83.58974358974359,72.64957264957265,19.13553113553114,0,39.2,11.5,154.9,1450,hub_milagro_01
2026-02-20T09:35:41.875Z,83.4920634920635,72.6007326007326,19.311355311355314,0,38.8,11.6,153.0,1450,hub_milagro_01
2026-02-20T09:37:43.542Z,83.54090354090354,72.6984126984127,19.369963369963372,0,38.3,11.5,153.2,1450,hub_milagro_01
2026-02-20T09:39:45.776Z,83.58974358974359,72.64957264957265,19.340659340659343,0,39.1,11.4,154.5,1450,hub_milagro_01
2026-02-20T09:41:46.530Z,83.56532356532357,72.64957264957265,19.45787545787546,0,39.7,11.6,154.2,1450,hub_milagro_01
2026-02-20T09:43:49.713Z,83.56532356532357,72.64957264957265,19.516483516483518,1,39.6,11.7,155.5,1450,hub_milagro_01
2026-02-20T09:45:48.529Z,83.61416361416362,72.6007326007326,19.663003663003664,0,39.8,11.6,156.1,1450,hub_milagro_01
2026-02-20T09:47:47.751Z,83.54090354090354,72.55189255189255,19.80952380952381,0,39.8,11.6,152.4,1450,hub_milagro_01
2026-02-20T09:49:48.225Z,83.54090354090354,72.55189255189255,19.83882783882784,0,39.9,11.4,155.5,1450,hub_milagro_01
2026-02-20T09:51:50.896Z,83.56532356532357,72.55189255189255,19.926739926739927,0,40.2,11.6,155.5,1450,hub_milagro_01
2026-02-20T09:53:51.107Z,83.56532356532357,72.5030525030525,19.956043956043956,0,39.7,11.6,154.5,1450,hub_milagro_01
2026-02-20T09:55:54.612Z,83.66300366300366,72.47863247863248,20.102564102564102,0,40.0,11.6,156.4,1450,hub_milagro_01
2026-02-20T09:57:54.211Z,83.63858363858364,72.45421245421245,20.249084249084248,0,40.7,11.6,158.0,1450,hub_milagro_01
2026-02-20T09:59:57.978Z,83.58974358974359,72.42979242979243,20.278388278388277,0,39.6,11.5,157.1,1450,hub_milagro_01
2026-02-20T10:01:58.686Z,83.68742368742369,72.4053724053724,20.395604395604394,0,41.3,11.6,154.5,1450,hub_milagro_01
2026-02-20T10:04:01.632Z,83.66300366300366,72.4053724053724,20.278388278388277,0,40.6,11.7,156.6,1450,hub_milagro_01
2026-02-20T10:06:05.231Z,83.56532356532357,72.38095238095238,20.19047619047619,0,40.4,11.6,158.0,1450,hub_milagro_01
2026-02-20T10:08:08.613Z,83.63858363858364,72.4053724053724,20.102564102564102,0,40.7,11.8,156.9,1450,hub_milagro_01
2026-02-20T10:10:09.783Z,83.61416361416362,72.4053724053724,20.043956043956044,0,40.9,11.6,157.9,1450,hub_milagro_01
2026-02-20T10:12:11.431Z,83.61416361416362,72.35653235653236,20.102564102564102,0,41.4,11.9,155.2,1450,hub_milagro_01
2026-02-20T10:14:12.813Z,83.58974358974359,72.38095238095238,19.985347985347985,0,41.5,11.7,159.0,1450,hub_milagro_01
2026-02-20T10:16:13.859Z,83.58974358974359,72.33211233211233,19.956043956043956,0,41.3,11.6,159.4,1450,hub_milagro_01
2026-02-20T10:18:15.636Z,83.61416361416362,72.25885225885226,19.83882783882784,0,42.0,11.8,159.3,1450,hub_milagro_01
2026-02-20T10:20:16.384Z,83.58974358974359,72.23443223443223,19.78021978021978,0,41.8,11.8,158.5,1450,hub_milagro_01
2026-02-20T10:22:16.173Z,83.63858363858364,72.28327228327228,19.750915750915752,0,41.4,11.9,160.0,1450,hub_milagro_01
2026-02-20T10:24:16.749Z,83.58974358974359,72.23443223443223,19.633699633699635,0,42.8,4.0,159.4,1450,hub_milagro_01
2026-02-20T10:26:17.077Z,83.58974358974359,72.23443223443223,19.692307692307693,0,42.6,11.8,157.4,1450,hub_milagro_01
2026-02-20T10:28:18.008Z,83.46764346764347,72.18559218559218,19.545787545787547,0,42.0,11.7,161.7,1450,hub_milagro_01
2026-02-20T10:30:18.402Z,83.54090354090354,72.25885225885226,19.45787545787546,0,42.2,11.8,161.1,1450,hub_milagro_01
2026-02-20T10:32:17.629Z,83.3943833943834,72.21001221001221,19.516483516483518,0,43.3,11.6,159.2,1450,hub_milagro_01
2026-02-20T10:34:20.220Z,83.36996336996337,72.13675213675214,19.42857142857143,0,42.3,11.6,160.7,1450,hub_milagro_01
2026-02-20T10:36:23.307Z,83.41880341880342,72.13675213675214,19.311355311355314,0,43.4,11.7,158.4,1450,hub_milagro_01
2026-02-20T10:38:23.802Z,83.2967032967033,72.16117216117216,19.340659340659343,0,43.3,11.8,160.7,1450,hub_milagro_01
2026-02-20T10:40:25.481Z,83.24786324786325,72.13675213675214,19.282051282051285,0,43.0,11.9,160.5,1450,hub_milagro_01
2026-02-20T10:42:26.414Z,83.2967032967033,72.11233211233211,19.164835164835168,0,43.4,11.9,161.2,1450,hub_milagro_01
2026-02-20T10:44:30.814Z,83.24786324786325,72.13675213675214,19.10622710622711,0,42.8,11.9,160.3,1450,hub_milagro_01
2026-02-20T10:46:31.322Z,83.15018315018315,72.06349206349206,18.989010989010985,0,43.4,11.9,163.1,1450,hub_milagro_01
2026-02-20T10:48:30.521Z,83.07692307692308,72.06349206349206,19.018315018315015,0,43.4,11.9,160.9,1450,hub_milagro_01
2026-02-20T10:50:30.869Z,83.07692307692308,72.03907203907204,18.87179487179487,0,43.3,11.9,159.4,1450,hub_milagro_01
2026-02-20T10:52:30.690Z,83.1013431013431,71.99023199023199,18.901098901098898,0,43.6,12.0,162.0,1450,hub_milagro_01
2026-02-20T10:54:34.650Z,83.02808302808303,72.03907203907204,18.754578754578752,0,43.5,11.9,162.9,1450,hub_milagro_01
2026-02-20T10:56:34.651Z,82.97924297924298,72.03907203907204,18.754578754578752,0,44.9,11.9,162.0,1450,hub_milagro_01
2026-02-20T10:58:33.534Z,82.90598290598291,71.91697191697192,18.695970695970693,0,44.4,12.0,160.2,1450,hub_milagro_01
2026-02-20T11:00:33.440Z,82.90598290598291,71.91697191697192,18.695970695970693,0,44.5,11.9,163.7,1450,hub_milagro_01
2026-02-20T11:02:34.458Z,82.85714285714286,71.96581196581197,18.549450549450547,0,44.0,11.6,162.2,1450,hub_milagro_01
2026-02-20T11:04:38.841Z,82.85714285714286,71.96581196581197,18.46153846153846,0,45.1,11.9,164.5,1450,hub_milagro_01
2026-02-20T11:06:38.985Z,82.73504273504273,71.96581196581197,18.52014652014652,0,44.7,11.9,164.9,1450,hub_milagro_01
2026-02-20T11:08:40.521Z,82.73504273504273,71.8925518925519,18.49084249084249,0,44.7,11.9,163.3,1450,hub_milagro_01
2026-02-20T11:10:42.671Z,82.7106227106227,71.86813186813187,18.315018315018314,0,45.5,11.9,164.6,1450,hub_milagro_01
2026-02-20T11:12:41.149Z,82.6129426129426,71.8925518925519,18.285714285714285,0,45.8,12.0,164.4,1450,hub_milagro_01
2026-02-20T11:14:42.518Z,82.56410256410255,71.86813186813187,18.315018315018314,0,45.5,12.1,164.4,1450,hub_milagro_01
2026-02-20T11:16:43.994Z,82.5152625152625,71.7948717948718,18.168498168498168,0,45.5,11.9,165.5,1450,hub_milagro_01
2026-02-20T11:18:44.160Z,82.46642246642246,71.7948717948718,18.168498168498168,0,46.2,12.0,162.5,1450,hub_milagro_01
2026-02-20T11:20:48.723Z,82.44200244200243,71.7948717948718,18.13919413919414,0,46.1,12.2,165.0,1450,hub_milagro_01
2026-02-20T11:22:52.383Z,82.39316239316238,71.84371184371184,18.021978021978022,0,46.2,12.1,165.3,1450,hub_milagro_01
2026-02-20T11:24:55.714Z,82.44200244200243,71.7948717948718,18.13919413919414,0,45.5,12.1,165.2,1450,hub_milagro_01
2026-02-20T11:26:55.201Z,82.5152625152625,71.74603174603175,18.256410256410255,0,45.4,12.1,165.7,1450,hub_milagro_01
2026-02-20T11:28:55.773Z,82.63736263736263,71.72161172161172,18.4029304029304,0,45.6,12.1,167.5,1450,hub_milagro_01
2026-02-20T11:30:59.824Z,82.7106227106227,71.72161172161172,18.549450549450547,0,45.6,12.1,164.3,1450,hub_milagro_01
2026-02-20T11:33:01.798Z,82.73504273504273,71.74603174603175,18.608058608058606,0,45.6,12.1,166.4,1450,hub_milagro_01
2026-02-20T11:35:01.349Z,82.83272283272284,71.77045177045177,18.754578754578752,0,45.2,12.3,0.0,1450,hub_milagro_01
2026-02-20T11:37:01.183Z,82.85714285714286,71.72161172161172,18.901098901098898,0,44.7,12.1,166.6,1450,hub_milagro_01
2026-02-20T11:39:05.823Z,82.97924297924298,71.72161172161172,19.07692307692308,0,44.8,12.1,165.8,1450,hub_milagro_01
2026-02-20T11:41:07.839Z,83.07692307692308,71.74603174603175,19.223443223443226,0,45.2,12.1,166.5,1450,hub_milagro_01
2026-02-20T11:43:08.987Z,83.05250305250306,71.64835164835165,19.311355311355314,0,44.6,12.1,166.3,1450,hub_milagro_01
2026-02-20T11:45:11.992Z,83.15018315018315,71.67277167277167,19.3992673992674,0,44.2,12.0,168.6,1450,hub_milagro_01
2026-02-20T11:47:14.771Z,83.22344322344323,71.5995115995116,19.575091575091577,0,44.3,12.1,167.0,1450,hub_milagro_01
2026-02-20T11:49:14.897Z,83.27228327228327,71.5995115995116,19.604395604395606,0,44.5,6.1,167.8,1450,hub_milagro_01
2026-02-20T11:51:17.871Z,83.3943833943834,71.5995115995116,19.78021978021978,0,44.5,12.3,166.8,1450,hub_milagro_01
2026-02-20T11:53:19.025Z,83.51648351648352,71.57509157509158,19.956043956043956,0,43.8,12.2,164.9,1450,hub_milagro_01
2026-02-20T11:55:23.368Z,83.4920634920635,71.64835164835165,20.014652014652015,0,44.2,12.2,166.7,1450,hub_milagro_01
2026-02-20T11:57:23.075Z,83.63858363858364,71.64835164835165,20.19047619047619,0,44.0,12.2,163.9,1450,hub_milagro_01
2026-02-20T11:59:26.762Z,83.68742368742369,71.57509157509158,20.307692307692307,0,44.0,12.3,166.8,1450,hub_milagro_01
2026-02-20T12:01:27.905Z,83.68742368742369,71.5995115995116,20.424908424908423,0,43.9,12.4,165.7,1450,hub_milagro_01
2026-02-20T12:03:27.116Z,83.83394383394383,71.52625152625153,20.54212454212454,0,43.3,12.2,168.1,1450,hub_milagro_01
2026-02-20T12:05:27.217Z,83.90720390720391,71.5995115995116,20.630036630036628,0,43.2,12.2,166.2,1450,hub_milagro_01
2026-02-20T12:07:26.385Z,84.004884004884,71.5995115995116,20.835164835164832,0,42.4,12.2,167.2,1450,hub_milagro_01
2026-02-20T12:09:25.868Z,84.07814407814408,71.5018315018315,20.86446886446886,0,42.9,12.3,168.8,1450,hub_milagro_01
2026-02-20T12:11:24.700Z,84.07814407814408,71.47741147741148,21.010989010989007,0,43.3,12.5,167.0,1450,hub_milagro_01
2026-02-20T12:13:24.867Z,84.2002442002442,71.5018315018315,21.186813186813183,0,42.5,12.2,166.4,1450,hub_milagro_01
2026-02-20T12:15:25.568Z,84.22466422466422,71.47741147741148,21.216117216117212,0,42.9,12.3,166.9,1450,hub_milagro_01
2026-02-20T12:17:28.767Z,84.2979242979243,71.42857142857143,21.450549450549445,0,42.0,12.3,168.0,1450,hub_milagro_01
2026-02-20T12:19:32.129Z,84.37118437118437,71.47741147741148,21.509157509157504,0,42.5,12.3,168.1,1450,hub_milagro_01
2026-02-20T12:21:36.975Z,84.42002442002442,71.47741147741148,21.68498168498168,0,42.2,12.2,168.4,1450,hub_milagro_01
2026-02-20T12:23:36.323Z,84.46886446886447,71.4041514041514,21.831501831501825,0,42.2,12.3,166.9,1450,hub_milagro_01
2026-02-20T12:25:37.482Z,84.15140415140415,71.37973137973138,21.978021978021985,0,41.7,12.3,165.4,1450,hub_milagro_01
2026-02-20T12:27:40.495Z,83.71184371184371,71.42857142857143,21.978021978021985,0,41.7,12.2,167.4,1450,hub_milagro_01
2026-02-20T12:29:42.075Z,83.32112332112332,71.35531135531136,22.12454212454213,0,41.2,12.4,163.0,1450,hub_milagro_01
2026-02-20T12:31:43.763Z,82.95482295482296,71.4041514041514,22.329670329670336,0,42.0,5.5,166.4,1450,hub_milagro_01
2026-02-20T12:33:42.698Z,82.53968253968253,71.37973137973138,22.358974358974365,0,41.6,12.2,165.2,1450,hub_milagro_01
2026-02-20T12:35:45.441Z,82.17338217338217,71.30647130647131,22.5934065934066,0,41.5,12.4,166.9,1450,hub_milagro_01
2026-02-20T12:37:47.284Z,81.75824175824175,71.35531135531136,22.739926739926744,0,41.3,12.5,166.2,1450,hub_milagro_01
2026-02-20T12:39:49.594Z,81.39194139194139,71.35531135531136,22.827838827838832,0,40.7,12.3,166.0,1450,hub_milagro_01
2026-02-20T12:41:49.206Z,80.9035409035409,71.30647130647131,22.91575091575092,0,41.1,12.4,167.3,1450,hub_milagro_01
2026-02-20T12:43:49.108Z,80.53724053724054,71.33089133089133,23.032967032967036,0,41.4,12.4,167.2,1450,hub_milagro_01
2026-02-20T12:45:48.149Z,80.14652014652015,71.20879120879121,23.062271062271066,0,40.9,12.4,165.6,1450,hub_milagro_01
2026-02-20T12:47:50.100Z,79.8046398046398,71.25763125763126,23.150183150183153,0,40.7,12.3,166.5,1450,hub_milagro_01
2026-02-20T12:49:49.538Z,79.2918192918193,71.18437118437119,23.150183150183153,0,39.8,12.7,165.4,1450,hub_milagro_01
2026-02-20T12:51:51.091Z,78.92551892551893,71.18437118437119,23.23809523809524,0,40.2,12.6,163.6,1450,hub_milagro_01
2026-02-20T12:53:55.912Z,78.60805860805861,71.28205128205128,23.23809523809524,0,40.5,12.4,166.5,1450,hub_milagro_01
2026-02-20T12:55:56.136Z,78.11965811965813,71.20879120879121,23.384615384615387,0,40.9,12.3,166.4,1450,hub_milagro_01
2026-02-20T12:57:57.448Z,77.75335775335776,71.15995115995116,23.443223443223445,0,40.1,12.6,166.8,1450,hub_milagro_01
2026-02-20T12:59:56.485Z,77.36263736263737,71.18437118437119,23.443223443223445,0,40.2,12.4,168.3,1450,hub_milagro_01
2026-02-20T13:01:58.267Z,76.97191697191698,71.11111111111111,23.472527472527474,0,39.7,12.4,166.0,1450,hub_milagro_01
2026-02-20T13:04:00.188Z,76.5811965811966,71.13553113553114,23.501831501831504,0,39.6,12.4,165.9,1450,hub_milagro_01
2026-02-20T13:06:01.141Z,76.19047619047619,71.15995115995116,23.560439560439562,0,40.3,12.4,167.4,1450,hub_milagro_01
2026-02-20T13:08:05.130Z,75.77533577533578,71.06227106227107,23.64835164835165,0,39.5,12.4,165.1,1450,hub_milagro_01
2026-02-20T13:10:08.703Z,75.33577533577534,71.11111111111111,23.765567765567766,0,38.8,12.5,165.7,1450,hub_milagro_01
2026-02-20T13:12:12.994Z,74.94505494505495,71.08669108669109,23.736263736263737,0,38.3,12.5,165.2,1450,hub_milagro_01
2026-02-20T13:14:12.332Z,74.55433455433456,71.11111111111111,23.794871794871796,0,38.8,12.4,165.3,1450,hub_milagro_01
2026-02-20T13:16:12.673Z,74.1880341880342,71.06227106227107,23.824175824175825,0,39.0,12.3,168.2,1450,hub_milagro_01
2026-02-20T13:18:15.751Z,73.7973137973138,71.11111111111111,23.853479853479854,0,38.4,12.3,165.5,1450,hub_milagro_01
2026-02-20T13:20:14.583Z,73.33333333333333,71.08669108669109,23.94139194139194,0,38.1,12.4,166.1,1450,hub_milagro_01
2026-02-20T13:22:18.970Z,72.96703296703296,70.98901098901099,23.912087912087912,0,38.8,12.2,166.1,1450,hub_milagro_01
2026-02-20T13:24:19.581Z,72.6007326007326,70.96459096459097,24.087912087912088,0,38.0,12.4,165.5,1450,hub_milagro_01
2026-02-20T13:26:23.709Z,72.6007326007326,71.06227106227107,24.087912087912088,0,38.4,12.5,166.4,1450,hub_milagro_01
2026-02-20T13:28:26.390Z,72.57631257631257,71.03785103785104,24.175824175824175,0,38.1,12.5,167.4,1450,hub_milagro_01
2026-02-20T13:30:31.366Z,72.6984126984127,70.94017094017094,24.117216117216117,0,37.4,12.4,167.4,1450,hub_milagro_01
2026-02-20T13:32:31.205Z,72.6984126984127,71.01343101343102,24.205128205128204,0,37.6,12.5,166.8,1450,hub_milagro_01
2026-02-20T13:34:32.297Z,72.72283272283272,70.98901098901099,24.205128205128204,0,37.6,12.1,166.8,1450,hub_milagro_01
2026-02-20T13:36:35.096Z,72.77167277167277,70.98901098901099,24.293040293040292,0,37.2,12.3,167.0,1450,hub_milagro_01
2026-02-20T13:38:34.120Z,72.74725274725274,70.86691086691087,24.32234432234432,0,37.2,12.2,165.2,1450,hub_milagro_01
2026-02-20T13:40:35.169Z,72.74725274725274,70.8913308913309,24.468864468864467,0,37.7,12.3,167.4,1450,hub_milagro_01
2026-02-20T13:42:38.549Z,72.74725274725274,70.84249084249085,24.468864468864467,0,37.4,12.5,169.1,1450,hub_milagro_01
2026-02-20T13:44:37.225Z,72.7960927960928,70.86691086691087,24.468864468864467,0,36.9,12.3,167.0,1450,hub_milagro_01
2026-02-20T13:46:41.113Z,72.91819291819291,70.86691086691087,24.586080586080584,0,37.1,12.5,166.9,1450,hub_milagro_01
2026-02-20T13:48:44.786Z,72.91819291819291,70.84249084249085,24.556776556776555,0,36.9,12.4,165.4,1450,hub_milagro_01
2026-02-20T13:50:48.744Z,72.86935286935287,70.81807081807082,24.586080586080584,0,36.2,12.3,164.9,1450,hub_milagro_01
2026-02-20T13:52:50.086Z,72.94261294261294,70.86691086691087,24.644688644688642,0,37.0,12.4,166.8,1450,hub_milagro_01
2026-02-20T13:54:53.820Z,72.96703296703296,70.7936507936508,24.7032967032967,0,36.3,12.4,166.2,1450,hub_milagro_01
2026-02-20T13:56:56.398Z,72.99145299145299,70.84249084249085,24.849816849816847,0,37.1,12.5,166.4,1450,hub_milagro_01
2026-02-20T13:58:56.265Z,73.06471306471306,70.72039072039072,24.849816849816847,0,36.7,12.2,165.6,1450,hub_milagro_01
2026-02-20T14:00:57.059Z,73.04029304029304,70.81807081807082,24.820512820512818,0,35.8,12.3,166.7,1450,hub_milagro_01
2026-02-20T14:02:56.233Z,73.01587301587301,70.74481074481075,24.996336996336993,0,35.6,12.3,164.5,1450,hub_milagro_01
2026-02-20T14:04:59.535Z,73.04029304029304,70.72039072039072,24.937728937728934,0,35.4,12.5,167.7,1450,hub_milagro_01
2026-02-20T14:07:01.588Z,73.06471306471306,70.76923076923077,24.967032967032964,0,34.8,12.3,168.6,1450,hub_milagro_01
2026-02-20T14:09:04.816Z,73.11355311355311,70.74481074481075,24.879120879120876,0,34.8,12.3,164.2,1450,hub_milagro_01
2026-02-20T14:11:04.577Z,73.2112332112332,70.64713064713065,24.879120879120876,0,35.1,12.3,167.1,1450,hub_milagro_01
2026-02-20T14:13:04.355Z,73.13797313797313,70.72039072039072,24.73260073260073,0,35.2,12.4,167.2,1450,hub_milagro_01
2026-02-20T14:15:04.749Z,73.23565323565323,70.67155067155068,24.73260073260073,0,35.5,12.4,166.0,1450,hub_milagro_01
2026-02-20T14:17:09.794Z,73.2112332112332,70.64713064713065,24.615384615384613,0,35.7,12.3,166.4,1450,hub_milagro_01
2026-02-20T14:19:13.443Z,73.28449328449328,70.5982905982906,24.556776556776555,0,34.8,12.3,163.9,1450,hub_milagro_01
2026-02-20T14:21:13.477Z,73.3089133089133,70.57387057387058,24.586080586080584,0,35.7,12.1,166.6,1450,hub_milagro_01
2026-02-20T14:23:12.077Z,73.38217338217338,70.57387057387058,24.527472527472526,0,35.2,12.4,163.9,1450,hub_milagro_01
2026-02-20T14:25:11.903Z,73.3089133089133,70.62271062271063,24.527472527472526,0,35.3,12.3,168.6,1450,hub_milagro_01
2026-02-20T14:27:13.618Z,73.74847374847376,70.5982905982906,24.468864468864467,0,35.0,12.3,163.7,1450,hub_milagro_01
2026-02-20T14:29:16.402Z,74.16361416361417,70.5982905982906,24.293040293040292,0,35.1,12.4,166.0,1450,hub_milagro_01
2026-02-20T14:31:20.310Z,74.52991452991454,70.54945054945055,24.263736263736263,0,35.0,12.2,165.7,1450,hub_milagro_01
2026-02-20T14:33:20.795Z,74.8962148962149,70.54945054945055,24.293040293040292,0,34.2,12.1,164.0,1450,hub_milagro_01
2026-02-20T14:35:20.059Z,75.31135531135531,70.5982905982906,24.205128205128204,0,35.3,12.3,165.1,1450,hub_milagro_01
2026-02-20T14:37:22.971Z,75.72649572649573,70.5982905982906,24.087912087912088,0,34.2,12.4,164.3,1450,hub_milagro_01
2026-02-20T14:39:24.185Z,76.11721611721612,70.57387057387058,24.117216117216117,0,35.1,12.2,165.1,1450,hub_milagro_01
2026-02-20T14:41:25.928Z,76.45909645909646,70.5006105006105,24.05860805860806,0,34.4,12.3,167.7,1450,hub_milagro_01
2026-02-20T14:43:29.900Z,76.87423687423689,70.45177045177046,23.912087912087912,0,34.2,12.3,165.1,1450,hub_milagro_01
2026-02-20T14:45:30.766Z,77.2893772893773,70.52503052503053,23.853479853479854,0,34.3,12.4,166.4,1450,hub_milagro_01
2026-02-20T14:47:34.435Z,77.65567765567766,70.47619047619048,23.912087912087912,0,35.2,12.2,163.8,1450,hub_milagro_01
2026-02-20T14:49:38.757Z,78.02197802197803,70.42735042735043,23.765567765567766,0,35.2,12.4,163.2,1450,hub_milagro_01
2026-02-20T14:51:42.054Z,78.46153846153847,70.42735042735043,23.706959706959708,0,35.0,12.4,165.2,1450,hub_milagro_01
2026-02-20T14:53:41.893Z,78.9010989010989,70.42735042735043,23.61904761904762,0,34.0,12.7,164.6,1450,hub_milagro_01
2026-02-20T14:55:42.634Z,79.1941391941392,70.47619047619048,23.58974358974359,0,34.8,12.3,163.1,1450,hub_milagro_01
2026-02-20T14:57:42.133Z,79.58485958485959,70.45177045177046,23.531135531135533,0,34.6,12.3,166.9,1450,hub_milagro_01
2026-02-20T14:59:45.332Z,80.02442002442002,70.35409035409036,23.531135531135533,0,34.6,12.2,164.9,1450,hub_milagro_01
2026-02-20T15:01:46.949Z,80.41514041514041,70.32967032967034,23.501831501831504,0,34.5,12.4,165.3,1450,hub_milagro_01
2026-02-20T15:03:49.374Z,80.8058608058608,70.35409035409036,23.472527472527474,0,34.3,12.4,163.5,1450,hub_milagro_01
2026-02-20T15:05:50.733Z,81.17216117216117,70.35409035409036,23.32600732600733,0,33.7,12.2,163.2,1450,hub_milagro_01
2026-02-20T15:07:49.946Z,81.58730158730158,70.35409035409036,23.32600732600733,0,33.9,12.3,165.0,1450,hub_milagro_01
2026-02-20T15:09:52.132Z,82.05128205128204,70.32967032967034,23.2967032967033,0,34.0,12.3,163.3,1450,hub_milagro_01
2026-02-20T15:11:53.576Z,82.34432234432234,70.28083028083027,23.20879120879121,0,33.9,12.5,165.1,1450,hub_milagro_01
2026-02-20T15:13:58.279Z,82.85714285714286,70.37851037851038,23.062271062271066,0,33.9,12.2,164.0,1450,hub_milagro_01
2026-02-20T15:16:00.673Z,83.17460317460318,70.35409035409036,23.150183150183153,0,33.7,12.2,164.4,1450,hub_milagro_01
2026-02-20T15:18:02.838Z,83.54090354090354,70.28083028083027,23.003663003663007,0,34.3,12.1,164.5,1450,hub_milagro_01
2026-02-20T15:20:03.141Z,83.90720390720391,70.28083028083027,22.91575091575092,0,33.6,12.3,162.0,1450,hub_milagro_01
2026-02-20T15:22:07.465Z,84.3956043956044,70.35409035409036,22.91575091575092,0,33.1,12.4,162.5,1450,hub_milagro_01
2026-02-20T15:24:05.709Z,84.71306471306471,70.23199023199022,22.91575091575092,0,33.8,12.0,165.2,1450,hub_milagro_01
2026-02-20T15:26:04.116Z,85.17704517704517,70.28083028083027,22.798534798534803,0,33.0,12.3,164.2,1450,hub_milagro_01
2026-02-20T15:28:03.558Z,85.006105006105,70.25641025641025,22.88644688644689,0,33.5,12.2,162.7,1450,hub_milagro_01
2026-02-20T15:30:05.309Z,84.85958485958486,70.23199023199022,22.88644688644689,0,33.4,12.4,163.2,1450,hub_milagro_01
2026-02-20T15:32:09.696Z,84.68864468864469,70.25641025641025,22.974358974358978,0,33.2,12.4,161.2,1450,hub_milagro_01
2026-02-20T15:34:11.419Z,84.51770451770452,70.28083028083027,23.032967032967036,0,32.7,12.2,164.5,1450,hub_milagro_01
2026-02-20T15:36:13.071Z,84.32234432234432,70.2075702075702,23.003663003663007,0,33.1,12.4,162.5,1450,hub_milagro_01
2026-02-20T15:38:17.246Z,84.17582417582418,70.18315018315018,23.032967032967036,0,34.2,12.3,164.1,1450,hub_milagro_01
2026-02-20T15:40:19.970Z,84.02930402930403,70.2075702075702,23.120879120879124,0,32.9,12.2,161.4,1450,hub_milagro_01
2026-02-20T15:42:23.494Z,83.78510378510379,70.15873015873015,23.23809523809524,0,33.6,12.2,163.7,1450,hub_milagro_01
2026-02-20T15:44:25.335Z,83.68742368742369,70.13431013431013,23.2967032967033,0,32.9,12.4,162.4,1450,hub_milagro_01
2026-02-20T15:46:27.730Z,83.46764346764347,70.18315018315018,23.23809523809524,0,32.9,12.4,160.3,1450,hub_milagro_01
2026-02-20T15:48:29.450Z,83.2967032967033,70.2075702075702,23.32600732600733,0,32.6,12.2,163.2,1450,hub_milagro_01
2026-02-20T15:50:28.083Z,83.17460317460318,70.2075702075702,23.32600732600733,0,33.1,12.2,162.5,1450,hub_milagro_01
2026-02-20T15:52:31.247Z,82.93040293040293,70.13431013431013,23.472527472527474,0,32.9,12.3,160.5,1450,hub_milagro_01
2026-02-20T15:54:31.074Z,82.83272283272284,70.13431013431013,23.413919413919416,0,32.3,12.2,160.4,1450,hub_milagro_01
2026-02-20T15:56:30.886Z,82.63736263736263,70.1098901098901,23.531135531135533,0,32.3,12.3,160.8,1450,hub_milagro_01
2026-02-20T15:58:33.082Z,82.46642246642246,70.1098901098901,23.61904761904762,0,33.2,12.3,162.6,1450,hub_milagro_01
2026-02-20T16:00:37.075Z,82.36874236874236,70.13431013431013,23.64835164835165,0,32.6,12.1,160.3,1450,hub_milagro_01
2026-02-20T16:02:37.259Z,82.12454212454212,70.06105006105005,23.67765567765568,0,32.3,12.0,162.2,1450,hub_milagro_01
2026-02-20T16:04:42.662Z,81.97802197802197,70.1098901098901,23.64835164835165,0,32.4,12.4,162.2,1450,hub_milagro_01
2026-02-20T16:06:41.947Z,81.85592185592185,70.08547008547008,23.794871794871796,0,31.7,12.2,160.1,1450,hub_milagro_01
2026-02-20T16:08:46.932Z,81.73382173382173,70.06105006105005,23.882783882783883,0,33.1,12.2,162.7,1450,hub_milagro_01
2026-02-20T16:10:45.186Z,81.53846153846153,70.01221001221,23.794871794871796,0,32.7,12.2,160.4,1450,hub_milagro_01
2026-02-20T16:12:44.180Z,81.36752136752136,69.96336996336996,23.853479853479854,0,33.2,12.2,162.9,1450,hub_milagro_01
2026-02-20T16:14:48.310Z,81.22100122100122,70.03663003663003,24.0,0,33.2,12.2,161.8,1450,hub_milagro_01
2026-02-20T16:16:52.422Z,81.05006105006105,70.01221001221,24.02930402930403,0,32.1,12.1,160.5,1450,hub_milagro_01
2026-02-20T16:18:51.329Z,80.85470085470085,69.89010989010988,24.0,0,31.7,12.1,162.6,1450,hub_milagro_01
2026-02-20T16:20:54.726Z,80.75702075702075,69.91452991452991,24.02930402930403,0,32.7,12.0,161.0,1450,hub_milagro_01
2026-02-20T16:22:58.235Z,80.56166056166056,69.91452991452991,24.146520146520146,0,31.8,12.2,160.1,1450,hub_milagro_01
2026-02-20T16:25:00.834Z,80.36630036630036,69.86568986568986,24.146520146520146,0,32.2,12.2,159.3,1450,hub_milagro_01
2026-02-20T16:27:02.491Z,80.21978021978022,69.91452991452991,24.263736263736263,0,32.1,12.1,159.0,1450,hub_milagro_01
2026-02-20T16:29:05.971Z,80.1953601953602,69.81684981684981,24.263736263736263,0,31.6,12.2,162.3,1450,hub_milagro_01
2026-02-20T16:31:09.963Z,80.29304029304029,69.91452991452991,24.38095238095238,0,32.2,12.1,162.5,1450,hub_milagro_01
2026-02-20T16:33:08.960Z,80.34188034188034,69.91452991452991,24.41025641025641,0,31.7,12.2,161.2,1450,hub_milagro_01
2026-02-20T16:35:09.850Z,80.26862026862027,69.79242979242979,24.38095238095238,0,31.9,12.2,160.6,1450,hub_milagro_01
2026-02-20T16:37:14.963Z,80.31746031746032,69.79242979242979,24.468864468864467,0,32.1,12.1,160.7,1450,hub_milagro_01
2026-02-20T16:39:14.308Z,80.34188034188034,69.79242979242979,24.527472527472526,0,31.7,12.1,164.1,1450,hub_milagro_01
2026-02-20T16:41:15.954Z,80.31746031746032,69.81684981684981,24.586080586080584,0,31.7,12.0,162.4,1450,hub_milagro_01
2026-02-20T16:43:14.589Z,80.39072039072039,69.81684981684981,24.644688644688642,0,32.1,11.8,160.6,1450,hub_milagro_01
2026-02-20T16:45:14.647Z,80.34188034188034,69.74358974358974,24.586080586080584,0,31.7,12.1,161.4,1450,hub_milagro_01
2026-02-20T16:47:12.843Z,80.46398046398046,69.69474969474969,24.67399267399267,0,31.2,11.9,164.6,1450,hub_milagro_01
2026-02-20T16:49:12.602Z,80.41514041514041,69.74358974358974,24.73260073260073,0,32.0,12.0,164.5,1450,hub_milagro_01
2026-02-20T16:51:16.881Z,80.41514041514041,69.71916971916971,24.7032967032967,0,32.4,12.1,163.6,1450,hub_milagro_01
2026-02-20T16:53:21.433Z,80.46398046398046,69.69474969474969,24.849816849816847,0,31.1,12.0,163.8,1450,hub_milagro_01
2026-02-20T16:55:23.498Z,80.56166056166056,69.71916971916971,24.76190476190476,0,31.1,11.9,164.7,1450,hub_milagro_01
2026-02-20T16:57:23.652Z,80.56166056166056,69.67032967032966,24.79120879120879,0,32.3,11.9,163.2,1450,hub_milagro_01
2026-02-20T16:59:25.782Z,80.56166056166056,69.67032967032966,24.879120879120876,0,32.1,12.0,165.6,1450,hub_milagro_01
2026-02-20T17:01:26.408Z,80.61050061050061,69.69474969474969,24.908424908424905,0,32.3,11.9,164.6,1450,hub_milagro_01
2026-02-20T17:03:24.005Z,80.65934065934066,69.62148962148962,24.996336996336993,0,31.9,11.9,164.9,1450,hub_milagro_01
2026-02-20T17:05:23.387Z,80.65934065934066,69.67032967032966,25.025641025641022,0,31.7,11.9,167.2,1450,hub_milagro_01
2026-02-20T17:07:22.236Z,80.7081807081807,69.59706959706959,24.996336996336993,0,32.8,11.9,166.4,1450,hub_milagro_01
2026-02-20T17:09:23.751Z,80.73260073260073,69.59706959706959,25.025641025641022,0,32.3,11.9,167.1,1450,hub_milagro_01
2026-02-20T17:11:25.728Z,80.73260073260073,69.57264957264957,25.05494505494505,0,31.4,11.7,165.1,1450,hub_milagro_01
2026-02-20T17:13:30.725Z,80.75702075702075,69.62148962148962,25.172161172161168,0,31.4,11.9,167.0,1450,hub_milagro_01
2026-02-20T17:15:32.192Z,80.78144078144078,69.62148962148962,25.230769230769226,0,31.8,11.8,168.7,1450,hub_milagro_01
2026-02-20T17:17:33.394Z,80.8058608058608,69.54822954822954,25.260073260073256,0,32.4,12.0,169.1,1450,hub_milagro_01
2026-02-20T17:19:37.781Z,80.85470085470085,69.4993894993895,25.230769230769226,0,32.6,11.9,168.6,1450,hub_milagro_01
2026-02-20T17:21:39.284Z,80.85470085470085,69.52380952380952,25.201465201465197,0,32.3,11.8,167.9,1450,hub_milagro_01
2026-02-20T17:23:42.062Z,80.87912087912088,69.47496947496947,25.318681318681314,0,32.7,5.0,167.9,1450,hub_milagro_01
2026-02-20T17:25:45.035Z,80.97680097680097,69.54822954822954,25.318681318681314,0,32.5,11.8,170.5,1450,hub_milagro_01
2026-02-20T17:27:47.569Z,81.001221001221,69.52380952380952,25.347985347985343,0,32.9,11.7,168.4,1450,hub_milagro_01
2026-02-20T17:29:47.480Z,80.7081807081807,69.4993894993895,25.46520146520146,0,32.2,11.9,168.8,1450,hub_milagro_01
2026-02-20T17:31:48.822Z,80.43956043956044,69.4993894993895,25.46520146520146,0,32.4,6.6,169.5,1450,hub_milagro_01
2026-02-20T17:33:50.368Z,80.21978021978022,69.4017094017094,25.49450549450549,0,32.2,11.6,171.0,1450,hub_milagro_01
2026-02-20T17:35:54.250Z,79.97557997557998,69.37728937728937,25.43589743589743,0,32.3,11.7,168.6,1450,hub_milagro_01
2026-02-20T17:37:59.643Z,79.73137973137973,69.47496947496947,25.582417582417577,0,33.6,11.7,169.0,1450,hub_milagro_01
2026-02-20T17:39:58.759Z,79.48717948717949,69.45054945054945,25.611721611721606,0,33.2,11.8,169.6,1450,hub_milagro_01
2026-02-20T17:41:58.789Z,79.24297924297925,69.45054945054945,25.582417582417577,0,33.0,11.8,171.6,1450,hub_milagro_01
2026-02-20T17:43:59.759Z,78.92551892551893,69.42612942612942,25.553113553113548,0,33.4,11.7,172.6,1450,hub_milagro_01
2026-02-20T17:45:58.813Z,78.75457875457876,69.3040293040293,25.611721611721606,0,33.6,11.7,172.5,1450,hub_milagro_01
2026-02-20T17:48:00.491Z,78.41269841269842,69.37728937728937,25.64102564102565,0,33.4,11.6,170.9,1450,hub_milagro_01
2026-02-20T17:49:59.060Z,78.1929181929182,69.32844932844932,25.699633699633708,0,34.0,11.5,172.9,1450,hub_milagro_01
2026-02-20T17:52:03.633Z,78.02197802197803,69.35286935286935,25.758241758241766,0,33.2,11.7,174.2,1450,hub_milagro_01
2026-02-20T17:54:06.059Z,77.77777777777779,69.37728937728937,25.758241758241766,0,32.9,11.6,172.5,1450,hub_milagro_01
2026-02-20T17:56:05.678Z,77.46031746031747,69.27960927960928,25.787545787545795,0,33.4,11.7,173.3,1450,hub_milagro_01
2026-02-20T17:58:05.018Z,77.2893772893773,69.27960927960928,25.846153846153854,0,33.4,11.5,174.7,1450,hub_milagro_01
2026-02-20T18:00:04.728Z,77.04517704517706,69.3040293040293,25.816849816849825,0,33.9,11.4,173.3,1450,hub_milagro_01
2026-02-20T18:02:02.914Z,76.75213675213676,69.3040293040293,25.904761904761912,0,33.2,11.6,175.6,1450,hub_milagro_01
2026-02-20T18:04:05.345Z,76.5079365079365,69.23076923076923,25.904761904761912,0,34.1,11.5,173.4,1450,hub_milagro_01
2026-02-20T18:06:06.731Z,76.33699633699634,69.27960927960928,25.93406593406594,0,34.1,11.6,175.1,1450,hub_milagro_01
2026-02-20T18:08:07.419Z,76.01953601953602,69.3040293040293,26.051282051282058,0,33.3,11.6,173.7,1450,hub_milagro_01
2026-02-20T18:10:11.009Z,75.82417582417582,69.27960927960928,25.904761904761912,0,34.3,4.1,175.2,1450,hub_milagro_01
2026-02-20T18:12:11.657Z,75.62881562881563,69.27960927960928,25.96336996336997,0,33.9,11.6,175.4,1450,hub_milagro_01
2026-02-20T18:14:10.852Z,75.38461538461539,69.18192918192918,25.875457875457883,0,33.9,11.5,176.5,1450,hub_milagro_01
2026-02-20T18:16:10.833Z,75.11599511599512,69.18192918192918,25.728937728937737,0,33.8,4.7,174.3,1450,hub_milagro_01
2026-02-20T18:18:10.571Z,74.8962148962149,69.15750915750915,25.699633699633708,0,34.4,11.5,174.7,1450,hub_milagro_01
2026-02-20T18:20:10.102Z,74.65201465201466,69.15750915750915,25.64102564102565,0,34.1,11.6,178.1,1450,hub_milagro_01
2026-02-20T18:22:13.804Z,74.45665445665446,69.15750915750915,25.699633699633708,0,33.4,11.4,178.6,1450,hub_milagro_01
2026-02-20T18:24:13.477Z,74.21245421245422,69.15750915750915,25.67032967032968,0,34.7,11.5,177.4,1450,hub_milagro_01
2026-02-20T18:26:12.652Z,73.91941391941393,69.15750915750915,25.582417582417577,0,34.0,11.4,179.3,1450,hub_milagro_01
2026-02-20T18:28:13.881Z,73.67521367521368,69.1086691086691,25.553113553113548,0,34.1,11.3,178.7,1450,hub_milagro_01
2026-02-20T18:30:14.408Z,73.91941391941393,69.13308913308913,25.49450549450549,0,33.6,11.3,179.4,1450,hub_milagro_01
2026-02-20T18:32:16.632Z,74.06593406593407,69.05982905982906,25.377289377289372,0,34.7,11.4,178.3,1450,hub_milagro_01
2026-02-20T18:34:16.789Z,74.23687423687424,69.13308913308913,25.318681318681314,0,34.8,4.0,178.7,1450,hub_milagro_01
2026-02-20T18:36:20.205Z,74.40781440781441,69.08424908424908,25.289377289377285,0,35.1,11.4,178.4,1450,hub_milagro_01
2026-02-20T18:38:19.034Z,74.60317460317461,69.08424908424908,25.289377289377285,0,34.4,11.2,178.2,1450,hub_milagro_01
2026-02-20T18:40:21.045Z,74.74969474969475,69.05982905982906,25.172161172161168,0,34.6,11.2,179.3,1450,hub_milagro_01
2026-02-20T18:42:20.957Z,74.8962148962149,69.03540903540903,25.14285714285714,0,34.7,11.2,180.3,1450,hub_milagro_01
2026-02-20T18:44:21.903Z,75.11599511599512,69.05982905982906,25.11355311355311,0,34.8,11.3,179.7,1450,hub_milagro_01
2026-02-20T18:46:25.497Z,75.23809523809524,68.98656898656898,25.11355311355311,0,34.4,11.4,181.7,1450,hub_milagro_01
2026-02-20T18:48:28.946Z,75.43345543345544,69.01098901098901,24.996336996336993,0,34.4,11.4,182.3,1450,hub_milagro_01
2026-02-20T18:50:31.508Z,75.65323565323565,68.96214896214896,24.996336996336993,0,35.3,11.5,181.4,1450,hub_milagro_01
2026-02-20T18:52:33.932Z,75.84859584859585,68.93772893772893,24.967032967032964,0,35.0,11.2,179.0,1450,hub_milagro_01
2026-02-20T18:54:34.229Z,75.995115995116,68.91330891330891,24.937728937728934,0,34.9,11.4,180.6,1450,hub_milagro_01
2026-02-20T18:56:34.024Z,76.26373626373626,68.98656898656898,24.76190476190476,0,34.3,11.3,177.9,1450,hub_milagro_01
2026-02-20T18:58:34.513Z,76.43467643467643,68.91330891330891,24.79120879120879,0,35.5,11.1,178.5,1450,hub_milagro_01
2026-02-20T19:00:34.445Z,76.5811965811966,68.91330891330891,24.7032967032967,0,35.5,11.2,177.3,1450,hub_milagro_01
2026-02-20T19:02:33.073Z,76.75213675213676,68.88888888888889,24.73260073260073,0,35.7,11.1,179.2,1450,hub_milagro_01
2026-02-20T19:04:36.944Z,76.92307692307693,68.88888888888889,24.556776556776555,0,35.2,11.2,176.4,1450,hub_milagro_01
2026-02-20T19:06:37.880Z,77.11843711843713,68.86446886446886,24.556776556776555,0,36.6,11.1,176.4,1450,hub_milagro_01
2026-02-20T19:08:42.893Z,77.2893772893773,68.84004884004884,24.498168498168496,0,35.1,11.2,177.7,1450,hub_milagro_01
2026-02-20T19:10:41.483Z,77.55799755799757,68.84004884004884,24.41025641025641,0,35.6,11.2,175.5,1450,hub_milagro_01
2026-02-20T19:12:45.991Z,77.68009768009769,68.88888888888889,24.38095238095238,0,36.2,11.3,174.4,1450,hub_milagro_01
2026-02-20T19:14:47.844Z,77.92429792429793,68.86446886446886,24.38095238095238,0,35.4,11.2,175.9,1450,hub_milagro_01
2026-02-20T19:16:47.941Z,78.0952380952381,68.76678876678876,24.35164835164835,0,35.9,11.2,175.9,1450,hub_milagro_01
2026-02-20T19:18:51.890Z,78.24175824175825,68.86446886446886,24.175824175824175,0,36.3,11.3,174.0,1450,hub_milagro_01
2026-02-20T19:20:54.055Z,78.43711843711844,68.84004884004884,24.205128205128204,0,35.8,11.1,177.5,1450,hub_milagro_01
2026-02-20T19:22:59.198Z,78.65689865689866,68.74236874236874,24.087912087912088,0,35.6,11.3,172.9,1450,hub_milagro_01
2026-02-20T19:25:00.545Z,78.82783882783883,68.74236874236874,24.087912087912088,0,36.2,11.2,176.0,1450,hub_milagro_01
2026-02-20T19:27:04.209Z,79.02319902319903,68.71794871794872,24.05860805860806,0,35.9,11.0,177.5,1450,hub_milagro_01
2026-02-20T19:29:04.308Z,79.21855921855922,68.76678876678876,24.02930402930403,0,35.8,10.9,173.2,1450,hub_milagro_01
2026-02-20T19:31:03.785Z,79.0964590964591,68.76678876678876,24.146520146520146,0,36.1,4.0,173.5,1450,hub_milagro_01
2026-02-20T19:33:06.529Z,78.87667887667888,68.74236874236874,24.175824175824175,0,35.2,10.9,170.5,1450,hub_milagro_01
2026-02-20T19:35:07.982Z,78.80341880341881,68.64468864468864,24.38095238095238,0,36.2,11.1,170.2,1450,hub_milagro_01
2026-02-20T19:37:06.822Z,78.60805860805861,68.71794871794872,24.41025641025641,0,35.9,11.2,171.7,1450,hub_milagro_01
2026-02-20T19:39:09.240Z,78.46153846153847,68.66910866910867,24.615384615384613,0,36.8,10.9,170.4,1450,hub_milagro_01
2026-02-20T19:41:14.287Z,78.33943833943835,68.66910866910867,24.73260073260073,0,36.6,11.0,169.6,1450,hub_milagro_01
2026-02-20T19:43:15.215Z,78.11965811965813,68.62026862026862,24.879120879120876,0,35.8,4.6,171.7,1450,hub_milagro_01
2026-02-20T19:45:15.150Z,77.94871794871796,68.66910866910867,24.996336996336993,0,36.0,11.1,171.5,1450,hub_milagro_01
2026-02-20T19:47:17.390Z,77.82661782661783,68.62026862026862,25.025641025641022,0,35.9,11.1,168.7,1450,hub_milagro_01
2026-02-20T19:49:19.963Z,77.72893772893774,68.54700854700855,25.230769230769226,0,36.2,11.2,167.8,1450,hub_milagro_01
2026-02-20T19:51:19.838Z,77.58241758241759,68.57142857142857,25.289377289377285,0,35.9,11.1,168.4,1450,hub_milagro_01
2026-02-20T19:53:24.802Z,77.41147741147742,68.5958485958486,25.49450549450549,0,36.6,11.1,168.4,1450,hub_milagro_01
2026-02-20T19:55:25.913Z,77.31379731379732,68.5958485958486,25.611721611721606,0,35.9,11.1,169.5,1450,hub_milagro_01
2026-02-20T19:57:26.615Z,77.11843711843713,68.4981684981685,25.64102564102565,0,36.3,11.3,169.4,1450,hub_milagro_01
2026-02-20T19:59:30.869Z,76.996336996337,68.57142857142857,25.846153846153854,0,36.4,11.0,168.7,1450,hub_milagro_01
2026-02-20T20:01:29.664Z,76.77655677655679,68.54700854700855,26.02197802197803,0,35.2,11.2,168.1,1450,hub_milagro_01
2026-02-20T20:03:28.830Z,76.70329670329672,68.44932844932845,26.051282051282058,0,35.7,11.0,165.9,1450,hub_milagro_01
2026-02-20T20:05:31.935Z,76.5811965811966,68.42490842490842,26.168498168498175,0,36.7,11.1,168.1,1450,hub_milagro_01
2026-02-20T20:07:33.660Z,76.36141636141636,68.47374847374847,26.34432234432235,0,36.2,4.0,167.1,1450,hub_milagro_01
2026-02-20T20:09:38.018Z,76.26373626373626,68.4981684981685,26.520146520146525,0,36.8,11.0,165.1,1450,hub_milagro_01
2026-02-20T20:11:37.939Z,76.06837606837607,68.44932844932845,26.608058608058613,0,35.9,4.0,166.8,1450,hub_milagro_01
2026-02-20T20:13:41.652Z,75.97069597069597,68.42490842490842,26.6959706959707,0,36.5,11.0,165.3,1450,hub_milagro_01
2026-02-20T20:15:44.041Z,75.77533577533578,68.37606837606837,26.783882783882788,0,36.7,11.2,166.3,1450,hub_milagro_01
2026-02-20T20:17:47.784Z,75.7020757020757,68.4004884004884,26.959706959706963,0,36.1,11.1,163.9,1450,hub_milagro_01
2026-02-20T20:19:50.756Z,75.53113553113553,68.37606837606837,27.07692307692308,0,36.9,10.9,164.6,1450,hub_milagro_01
2026-02-20T20:21:54.047Z,75.43345543345544,68.35164835164835,27.10622710622711,0,35.9,11.0,163.3,1450,hub_milagro_01
2026-02-20T20:23:55.557Z,75.21367521367522,68.37606837606837,27.340659340659343,0,36.5,11.1,162.7,1450,hub_milagro_01
2026-02-20T20:26:00.496Z,75.0915750915751,68.32722832722833,27.45787545787546,0,36.6,11.2,161.6,1450,hub_milagro_01
2026-02-20T20:28:04.991Z,75.04273504273505,68.37606837606837,27.45787545787546,0,36.5,11.2,162.5,1450,hub_milagro_01
2026-02-20T20:30:05.093Z,74.82295482295483,68.32722832722833,27.633699633699635,0,36.0,11.3,163.5,1450,hub_milagro_01
2026-02-20T20:32:08.164Z,74.84737484737485,68.3028083028083,27.80952380952381,0,36.5,11.1,160.6,1450,hub_milagro_01
2026-02-20T20:34:10.369Z,74.87179487179488,68.35164835164835,27.897435897435898,0,36.2,4.0,160.4,1450,hub_milagro_01
2026-02-20T20:36:10.899Z,74.87179487179488,68.3028083028083,27.985347985347985,0,36.8,11.0,161.5,1450,hub_milagro_01
2026-02-20T20:38:14.782Z,74.92063492063492,68.27838827838828,28.13186813186813,0,37.0,11.0,160.8,1450,hub_milagro_01
2026-02-20T20:40:14.977Z,74.87179487179488,68.32722832722833,28.278388278388277,0,36.5,11.2,160.2,1450,hub_milagro_01
2026-02-20T20:42:15.131Z,74.84737484737485,68.25396825396825,28.336996336996336,0,36.7,11.2,159.7,1450,hub_milagro_01
2026-02-20T20:44:19.847Z,74.87179487179488,68.25396825396825,28.483516483516482,0,36.9,11.2,161.5,1450,hub_milagro_01
2026-02-20T20:46:19.098Z,74.92063492063492,68.3028083028083,28.54212454212454,0,36.8,11.2,158.2,1450,hub_milagro_01
2026-02-20T20:48:20.069Z,74.96947496947497,68.27838827838828,28.688644688644686,0,37.0,11.3,158.8,1450,hub_milagro_01
2026-02-20T20:50:21.803Z,74.94505494505495,68.22954822954823,28.747252747252745,0,36.7,11.0,159.1,1450,hub_milagro_01
2026-02-20T20:52:24.136Z,74.92063492063492,68.22954822954823,28.688644688644686,0,37.4,11.2,154.0,1450,hub_milagro_01
2026-02-20T20:54:24.402Z,74.8962148962149,68.22954822954823,28.51282051282051,0,37.0,11.2,157.5,1450,hub_milagro_01
2026-02-20T20:56:25.920Z,74.94505494505495,68.2051282051282,28.278388278388277,0,36.7,4.3,156.7,1450,hub_milagro_01
2026-02-20T20:58:24.818Z,74.94505494505495,68.15628815628816,28.21978021978022,0,36.7,11.2,155.5,1450,hub_milagro_01
2026-02-20T21:00:27.175Z,74.96947496947497,68.18070818070818,27.956043956043956,0,37.1,11.1,156.0,1450,hub_milagro_01
2026-02-20T21:02:29.579Z,74.96947496947497,68.15628815628816,27.80952380952381,0,37.1,11.0,154.8,1450,hub_milagro_01
2026-02-20T21:04:33.166Z,75.01831501831502,68.08302808302808,27.663003663003664,0,36.8,11.1,155.2,1450,hub_milagro_01
2026-02-20T21:06:32.505Z,75.04273504273505,68.1074481074481,27.545787545787547,0,36.5,11.2,154.1,1450,hub_milagro_01
2026-02-20T21:08:33.877Z,75.04273504273505,68.05860805860806,27.3992673992674,0,36.8,11.3,153.6,1450,hub_milagro_01
2026-02-20T21:10:34.838Z,75.06715506715507,68.03418803418803,27.13553113553114,0,37.8,11.3,152.2,1450,hub_milagro_01
2026-02-20T21:12:36.442Z,75.04273504273505,68.03418803418803,26.959706959706963,0,36.8,11.2,153.2,1450,hub_milagro_01
2026-02-20T21:14:35.702Z,75.0915750915751,68.03418803418803,26.783882783882788,0,36.4,11.3,154.2,1450,hub_milagro_01
2026-02-20T21:16:35.809Z,75.06715506715507,68.03418803418803,26.66666666666667,0,37.1,11.1,152.5,1450,hub_milagro_01
2026-02-20T21:18:34.228Z,75.01831501831502,68.08302808302808,26.461538461538467,0,37.3,11.3,154.2,1450,hub_milagro_01
2026-02-20T21:20:37.046Z,75.0915750915751,68.03418803418803,26.34432234432235,0,36.9,11.2,154.4,1450,hub_milagro_01
2026-02-20T21:22:40.741Z,75.16483516483517,67.98534798534799,26.139194139194146,0,36.8,11.1,154.2,1450,hub_milagro_01
2026-02-20T21:24:44.677Z,75.06715506715507,67.98534798534799,25.93406593406594,0,36.6,11.1,155.8,1450,hub_milagro_01
2026-02-20T21:26:48.550Z,75.14041514041514,67.98534798534799,25.758241758241766,0,36.3,11.2,155.3,1450,hub_milagro_01
2026-02-20T21:28:50.370Z,75.16483516483517,67.98534798534799,25.67032967032968,0,37.4,11.2,154.6,1450,hub_milagro_01
2026-02-20T21:30:54.438Z,75.16483516483517,67.93650793650794,25.52380952380952,0,37.6,11.1,156.6,1450,hub_milagro_01
2026-02-20T21:32:55.868Z,75.01831501831502,67.96092796092796,25.318681318681314,0,37.0,11.2,157.4,1450,hub_milagro_01
2026-02-20T21:34:54.266Z,74.92063492063492,67.91208791208791,25.172161172161168,0,38.1,11.3,154.2,1450,hub_milagro_01
2026-02-20T21:36:56.752Z,74.87179487179488,67.96092796092796,24.937728937728934,0,36.4,11.1,156.8,1450,hub_milagro_01
2026-02-20T21:39:00.857Z,74.7008547008547,67.88766788766789,24.849816849816847,0,36.8,11.2,156.7,1450,hub_milagro_01
2026-02-20T21:40:59.588Z,74.52991452991454,67.86324786324786,24.586080586080584,0,37.5,11.2,158.3,1450,hub_milagro_01
2026-02-20T21:43:03.473Z,74.50549450549451,67.86324786324786,24.468864468864467,0,37.5,11.4,157.8,1450,hub_milagro_01
2026-02-20T21:45:04.706Z,74.35897435897436,67.88766788766789,24.293040293040292,0,37.6,5.5,157.8,1450,hub_milagro_01
2026-02-20T21:47:09.467Z,74.28571428571429,67.81440781440782,24.175824175824175,0,37.6,11.3,156.1,1450,hub_milagro_01
2026-02-20T21:49:13.471Z,74.11477411477412,67.91208791208791,23.97069597069597,0,37.8,11.4,160.3,1450,hub_milagro_01
2026-02-20T21:51:12.545Z,73.992673992674,67.86324786324786,23.765567765567766,0,38.4,11.1,155.5,1450,hub_milagro_01
2026-02-20T21:53:14.713Z,73.91941391941393,67.83882783882784,23.58974358974359,0,38.1,11.3,155.5,1450,hub_milagro_01
2026-02-20T21:55:17.330Z,73.77289377289378,67.78998778998779,23.355311355311358,0,37.9,11.3,160.7,1450,hub_milagro_01
2026-02-20T21:57:16.118Z,73.65079365079366,67.81440781440782,23.23809523809524,0,37.7,11.1,159.7,1450,hub_milagro_01
2026-02-20T21:59:15.200Z,73.52869352869354,67.81440781440782,23.062271062271066,0,38.4,11.3,158.8,1450,hub_milagro_01
2026-02-20T22:01:14.753Z,73.45543345543346,67.81440781440782,22.974358974358978,0,38.1,11.2,158.7,1450,hub_milagro_01
2026-02-20T22:03:17.069Z,73.33333333333333,67.74114774114774,22.710622710622715,0,38.1,4.6,160.1,1450,hub_milagro_01
2026-02-20T22:05:20.174Z,73.18681318681318,67.76556776556777,22.53479853479854,0,38.0,4.0,161.4,1450,hub_milagro_01
2026-02-20T22:07:22.234Z,73.11355311355311,67.78998778998779,22.417582417582423,0,38.4,11.4,158.8,1450,hub_milagro_01
2026-02-20T22:09:23.536Z,72.96703296703296,67.74114774114774,22.21245421245422,0,37.7,11.2,161.1,1450,hub_milagro_01
2026-02-20T22:11:27.287Z,72.96703296703296,67.71672771672772,22.065934065934073,0,38.1,11.3,159.3,1450,hub_milagro_01
2026-02-20T22:13:30.456Z,72.7960927960928,67.6923076923077,22.095238095238102,0,37.6,11.3,159.3,1450,hub_milagro_01
2026-02-20T22:15:29.823Z,72.64957264957265,67.71672771672772,22.21245421245422,0,38.0,4.0,160.4,1450,hub_milagro_01
2026-02-20T22:17:28.311Z,72.57631257631257,67.71672771672772,22.18315018315019,0,37.8,11.3,161.5,1450,hub_milagro_01
2026-02-20T22:19:30.541Z,72.52747252747253,67.66788766788767,22.271062271062277,0,37.5,11.3,160.5,1450,hub_milagro_01
2026-02-20T22:21:28.248Z,72.33211233211233,67.71672771672772,22.358974358974365,0,37.2,11.3,159.1,1450,hub_milagro_01
2026-02-20T22:23:32.411Z,72.21001221001221,67.71672771672772,22.329670329670336,0,37.4,11.5,161.1,1450,hub_milagro_01
2026-02-20T22:25:37.030Z,72.13675213675214,67.6923076923077,22.388278388278394,0,36.9,11.4,162.3,1450,hub_milagro_01
2026-02-20T22:27:37.888Z,72.08791208791209,67.61904761904762,22.446886446886452,0,37.7,11.3,162.4,1450,hub_milagro_01
2026-02-20T22:29:37.987Z,71.96581196581197,67.71672771672772,22.56410256410257,0,37.9,11.5,161.4,1450,hub_milagro_01
2026-02-20T22:31:36.519Z,71.77045177045177,67.61904761904762,22.652014652014657,0,38.0,11.0,163.2,1450,hub_milagro_01
2026-02-20T22:33:39.023Z,72.08791208791209,67.5946275946276,22.652014652014657,0,37.3,11.4,163.0,1450,hub_milagro_01
2026-02-20T22:35:43.199Z,72.33211233211233,67.5946275946276,22.681318681318686,0,37.2,11.4,163.8,1450,hub_milagro_01
2026-02-20T22:37:42.855Z,72.57631257631257,67.64346764346764,22.710622710622715,0,37.3,11.4,163.5,1450,hub_milagro_01
2026-02-20T22:39:46.584Z,72.7960927960928,67.54578754578755,22.85714285714286,0,37.2,11.4,162.1,1450,hub_milagro_01
2026-02-20T22:41:50.088Z,73.06471306471306,67.54578754578755,22.827838827838832,0,36.7,11.4,163.4,1450,hub_milagro_01
2026-02-20T22:43:54.800Z,73.3089133089133,67.5946275946276,23.003663003663007,0,37.2,11.3,163.7,1450,hub_milagro_01
2026-02-20T22:45:54.326Z,73.60195360195361,67.54578754578755,23.003663003663007,0,36.7,11.3,163.2,1450,hub_milagro_01
2026-02-20T22:47:53.225Z,73.8949938949939,67.54578754578755,23.091575091575095,0,37.1,11.2,162.4,1450,hub_milagro_01
2026-02-20T22:49:55.837Z,74.16361416361417,67.57020757020757,23.150183150183153,0,37.5,11.3,165.5,1450,hub_milagro_01
2026-02-20T22:51:58.305Z,74.35897435897436,67.4969474969475,23.091575091575095,0,36.9,11.3,164.4,1450,hub_milagro_01
2026-02-20T22:54:01.169Z,74.72527472527473,67.57020757020757,23.150183150183153,0,36.5,11.5,165.2,1450,hub_milagro_01
2026-02-20T22:56:04.618Z,74.993894993895,67.57020757020757,23.23809523809524,0,37.4,11.5,166.9,1450,hub_milagro_01
2026-02-20T22:58:06.652Z,75.23809523809524,67.4969474969475,23.355311355311358,0,37.4,11.3,165.4,1450,hub_milagro_01
2026-02-20T23:00:09.577Z,75.50671550671551,67.47252747252747,23.384615384615387,0,36.6,11.5,165.4,1450,hub_milagro_01
2026-02-20T23:02:11.082Z,75.7020757020757,67.52136752136752,23.355311355311358,0,36.0,11.5,165.9,1450,hub_milagro_01
2026-02-20T23:04:12.362Z,75.92185592185592,67.42368742368743,23.531135531135533,0,36.7,11.3,168.8,1450,hub_milagro_01
2026-02-20T23:06:12.744Z,76.26373626373626,67.47252747252747,23.472527472527474,0,36.4,11.4,167.0,1450,hub_milagro_01
2026-02-20T23:08:13.427Z,76.43467643467643,67.42368742368743,23.560439560439562,0,36.9,11.4,169.4,1450,hub_milagro_01
2026-02-20T23:10:18.863Z,76.80097680097681,67.37484737484738,23.64835164835165,0,36.5,11.4,165.0,1450,hub_milagro_01
2026-02-20T23:12:19.166Z,77.06959706959708,67.44810744810745,23.736263736263737,0,36.3,11.6,167.7,1450,hub_milagro_01
2026-02-20T23:14:21.898Z,77.2893772893773,67.42368742368743,23.706959706959708,0,36.4,11.7,166.3,1450,hub_milagro_01
2026-02-20T23:16:20.466Z,77.4847374847375,67.3992673992674,23.706959706959708,0,36.7,11.7,168.5,1450,hub_milagro_01
2026-02-20T23:18:23.594Z,77.77777777777779,67.35042735042735,23.794871794871796,0,36.0,11.5,166.3,1450,hub_milagro_01
2026-02-20T23:20:23.111Z,78.07081807081808,67.32600732600733,23.882783882783883,0,36.1,11.4,168.4,1450,hub_milagro_01
2026-02-20T23:22:24.384Z,78.31501831501832,67.37484737484738,23.97069597069597,0,36.6,11.8,167.3,1450,hub_milagro_01
2026-02-20T23:24:24.504Z,78.58363858363859,67.3015873015873,23.94139194139194,0,36.0,11.6,170.3,1450,hub_milagro_01
2026-02-20T23:26:23.980Z,78.80341880341881,67.3015873015873,24.02930402930403,0,36.1,11.6,167.5,1450,hub_milagro_01
2026-02-20T23:28:26.883Z,79.12087912087912,67.27716727716728,24.146520146520146,0,36.1,11.5,168.1,1450,hub_milagro_01
2026-02-20T23:30:28.877Z,79.38949938949939,67.3015873015873,24.087912087912088,0,35.6,11.6,168.8,1450,hub_milagro_01
2026-02-20T23:32:27.095Z,79.65811965811966,67.25274725274726,24.205128205128204,0,36.5,5.3,169.4,1450,hub_milagro_01
2026-02-20T23:34:30.059Z,79.70695970695971,67.22832722832723,24.146520146520146,0,36.2,11.8,169.9,1450,hub_milagro_01
2026-02-20T23:36:32.974Z,79.65811965811966,67.22832722832723,24.087912087912088,0,36.4,11.6,170.1,1450,hub_milagro_01
2026-02-20T23:38:32.553Z,79.73137973137973,67.22832722832723,24.0,0,35.3,11.7,167.7,1450,hub_milagro_01
2026-02-20T23:40:31.984Z,79.82905982905983,67.2039072039072,24.0,0,35.5,11.6,169.3,1450,hub_milagro_01
2026-02-20T23:42:34.541Z,79.8046398046398,67.15506715506714,23.97069597069597,0,35.7,11.9,170.6,1450,hub_milagro_01
2026-02-20T23:44:34.795Z,79.82905982905983,67.22832722832723,24.0,0,35.6,11.7,164.9,1450,hub_milagro_01
2026-02-20T23:46:36.857Z,79.85347985347985,67.22832722832723,23.94139194139194,0,36.0,11.8,167.5,1450,hub_milagro_01
2026-02-20T23:48:40.676Z,79.92673992673993,67.15506715506714,23.912087912087912,0,35.5,11.7,167.7,1450,hub_milagro_01
2026-02-20T23:50:40.421Z,79.95115995115995,67.13064713064712,23.853479853479854,0,36.0,11.8,167.0,1450,hub_milagro_01
2026-02-20T23:52:39.149Z,80.04884004884005,67.17948717948717,23.794871794871796,0,35.9,11.9,166.5,1450,hub_milagro_01
2026-02-20T23:54:39.178Z,80.0,67.2039072039072,23.765567765567766,0,35.7,11.8,168.8,1450,hub_milagro_01
2026-02-20T23:56:39.875Z,80.02442002442002,67.15506715506714,23.736263736263737,0,36.0,11.7,167.1,1450,hub_milagro_01
2026-02-20T23:58:41.460Z,80.14652014652015,67.17948717948717,23.706959706959708,0,35.5,12.1,166.8,1450,hub_milagro_01
2026-02-21T00:00:41.880Z,80.14652014652015,67.17948717948717,23.560439560439562,0,36.0,11.7,167.8,1450,hub_milagro_01
2026-02-21T00:02:44.066Z,80.24420024420024,67.1062271062271,23.61904761904762,0,36.1,11.8,166.7,1450,hub_milagro_01
2026-02-21T00:04:49.120Z,80.26862026862027,67.05738705738705,23.472527472527474,0,35.6,11.9,166.5,1450,hub_milagro_01
2026-02-21T00:06:48.661Z,80.29304029304029,67.13064713064712,23.413919413919416,0,36.2,11.9,166.4,1450,hub_milagro_01
2026-02-21T00:08:47.796Z,80.29304029304029,67.03296703296702,23.413919413919416,0,36.0,11.9,166.8,1450,hub_milagro_01
2026-02-21T00:10:51.310Z,80.39072039072039,67.08180708180707,23.443223443223445,0,34.7,11.8,165.9,1450,hub_milagro_01
2026-02-21T00:12:52.365Z,80.39072039072039,67.08180708180707,23.355311355311358,0,35.4,12.0,166.8,1450,hub_milagro_01
2026-02-21T00:14:54.613Z,80.41514041514041,67.05738705738705,23.2967032967033,0,34.9,11.9,165.3,1450,hub_milagro_01
2026-02-21T00:16:55.303Z,80.48840048840049,66.98412698412697,23.32600732600733,0,35.3,12.0,165.4,1450,hub_milagro_01
2026-02-21T00:18:55.200Z,80.46398046398046,67.008547008547,23.179487179487182,0,35.6,12.0,166.4,1450,hub_milagro_01
2026-02-21T00:20:58.955Z,80.53724053724054,67.03296703296702,23.20879120879121,0,34.9,11.9,165.7,1450,hub_milagro_01
2026-02-21T00:23:02.345Z,80.65934065934066,66.95970695970695,23.150183150183153,0,35.2,12.2,164.5,1450,hub_milagro_01
2026-02-21T00:25:03.741Z,80.63492063492063,66.95970695970695,23.062271062271066,0,35.4,12.0,167.6,1450,hub_milagro_01
2026-02-21T00:27:06.929Z,80.7081807081807,66.95970695970695,23.062271062271066,0,35.0,12.0,165.3,1450,hub_milagro_01
2026-02-21T00:29:10.502Z,80.7081807081807,66.9108669108669,22.94505494505495,0,34.8,12.1,165.5,1450,hub_milagro_01
2026-02-21T00:31:10.285Z,80.83028083028083,66.93528693528692,22.88644688644689,0,35.0,12.0,164.4,1450,hub_milagro_01
2026-02-21T00:33:11.963Z,80.78144078144078,66.9108669108669,22.974358974358978,0,35.2,12.0,164.4,1450,hub_milagro_01
2026-02-21T00:35:10.982Z,80.63492063492063,66.88644688644688,22.798534798534803,0,34.6,11.9,162.2,1450,hub_milagro_01
2026-02-21T00:37:14.306Z,80.48840048840049,66.88644688644688,22.85714285714286,0,34.6,12.1,161.6,1450,hub_milagro_01
2026-02-21T00:39:13.360Z,80.36630036630036,66.88644688644688,22.710622710622715,0,35.3,12.1,163.7,1450,hub_milagro_01
2026-02-21T00:41:14.721Z,80.12210012210012,66.9108669108669,22.798534798534803,0,34.3,12.1,163.9,1450,hub_milagro_01
2026-02-21T00:43:16.148Z,80.0,66.88644688644688,22.681318681318686,0,35.3,12.2,162.6,1450,hub_milagro_01
2026-02-21T00:45:15.676Z,79.85347985347985,66.83760683760683,22.622710622710628,0,34.8,12.0,161.8,1450,hub_milagro_01
2026-02-21T00:47:15.570Z,79.65811965811966,66.8131868131868,22.5934065934066,0,34.6,12.1,164.8,1450,hub_milagro_01
2026-02-21T00:49:16.217Z,79.41391941391942,66.83760683760683,22.622710622710628,0,34.4,5.7,163.2,1450,hub_milagro_01
2026-02-21T00:51:18.760Z,79.2918192918193,66.78876678876678,22.53479853479854,0,34.2,12.2,161.1,1450,hub_milagro_01
2026-02-21T00:53:17.566Z,79.1941391941392,66.83760683760683,22.50549450549451,0,34.3,12.2,166.2,1450,hub_milagro_01
2026-02-21T00:55:21.813Z,78.94993894993895,66.86202686202685,22.50549450549451,0,34.8,12.2,162.7,1450,hub_milagro_01
2026-02-21T00:57:21.358Z,78.77899877899878,66.78876678876678,22.622710622710628,0,34.0,12.3,162.3,1450,hub_milagro_01
2026-02-21T00:59:21.530Z,78.65689865689866,66.8131868131868,22.652014652014657,0,34.9,12.3,162.2,1450,hub_milagro_01
2026-02-21T01:01:21.940Z,78.43711843711844,66.7155067155067,22.622710622710628,0,34.6,12.4,160.5,1450,hub_milagro_01
2026-02-21T01:03:25.185Z,78.24175824175825,66.78876678876678,22.710622710622715,0,34.1,12.3,162.0,1450,hub_milagro_01
2026-02-21T01:05:28.345Z,78.16849816849818,66.69108669108668,22.798534798534803,0,34.4,12.2,162.0,1450,hub_milagro_01
2026-02-21T01:07:31.372Z,78.02197802197803,66.7155067155067,22.85714285714286,0,34.5,12.2,160.2,1450,hub_milagro_01
2026-02-21T01:09:33.020Z,77.80219780219781,66.73992673992673,22.827838827838832,0,34.3,12.3,161.8,1450,hub_milagro_01
2026-02-21T01:11:34.324Z,77.65567765567766,66.73992673992673,22.94505494505495,0,33.6,12.4,160.7,1450,hub_milagro_01
2026-02-21T01:13:34.601Z,77.43589743589745,66.7155067155067,22.974358974358978,0,34.1,12.2,158.8,1450,hub_milagro_01
2026-02-21T01:15:38.354Z,77.31379731379732,66.66666666666666,23.062271062271066,0,34.3,12.3,158.9,1450,hub_milagro_01
2026-02-21T01:17:40.278Z,77.11843711843713,66.73992673992673,23.120879120879124,0,34.7,12.3,161.1,1450,hub_milagro_01
2026-02-21T01:19:41.286Z,76.996336996337,66.64224664224663,23.179487179487182,0,34.2,12.5,160.6,1450,hub_milagro_01
2026-02-21T01:21:44.497Z,76.80097680097681,66.66666666666666,23.23809523809524,0,33.8,12.4,161.7,1450,hub_milagro_01
2026-02-21T01:23:47.627Z,76.60561660561662,66.59340659340658,23.32600732600733,0,34.0,12.3,162.4,1450,hub_milagro_01
2026-02-21T01:25:49.986Z,76.48351648351648,66.61782661782661,23.26739926739927,0,34.3,12.4,160.8,1450,hub_milagro_01
2026-02-21T01:27:50.357Z,76.26373626373626,66.66666666666666,23.384615384615387,0,34.6,12.5,160.3,1450,hub_milagro_01
2026-02-21T01:29:54.946Z,76.09279609279609,66.64224664224663,23.501831501831504,0,35.1,12.6,159.4,1450,hub_milagro_01
2026-02-21T01:31:53.210Z,75.97069597069597,66.54456654456654,23.443223443223445,0,34.7,12.5,160.1,1450,hub_milagro_01
2026-02-21T01:33:53.221Z,75.72649572649573,66.56898656898656,23.560439560439562,0,33.8,12.2,158.5,1450,hub_milagro_01
2026-02-21T01:35:58.672Z,76.01953601953602,66.61782661782661,23.58974358974359,0,33.7,12.5,159.6,1450,hub_milagro_01
2026-02-21T01:37:56.610Z,76.21489621489621,66.54456654456654,23.58974358974359,0,34.6,12.4,160.5,1450,hub_milagro_01
2026-02-21T01:39:56.642Z,76.33699633699634,66.52014652014651,23.67765567765568,0,34.0,12.6,160.7,1450,hub_milagro_01
2026-02-21T01:41:59.644Z,76.53235653235653,66.54456654456654,23.794871794871796,0,33.5,12.5,159.7,1450,hub_milagro_01
2026-02-21T01:44:02.564Z,76.80097680097681,66.52014652014651,23.794871794871796,0,34.5,12.6,157.8,1450,hub_milagro_01
2026-02-21T01:46:02.935Z,77.06959706959708,66.56898656898656,23.853479853479854,0,34.1,7.3,158.0,1450,hub_milagro_01
2026-02-21T01:48:03.471Z,77.2893772893773,66.54456654456654,23.853479853479854,0,34.7,12.7,157.5,1450,hub_milagro_01
2026-02-21T01:50:04.622Z,77.4847374847375,66.47130647130646,23.97069597069597,0,35.4,12.6,158.4,1450,hub_milagro_01
2026-02-21T01:52:06.565Z,77.60683760683762,66.49572649572649,23.94139194139194,0,34.4,12.5,158.8,1450,hub_milagro_01
2026-02-21T01:54:07.886Z,77.89987789987791,66.49572649572649,24.0,0,34.5,12.5,157.4,1450,hub_milagro_01
2026-02-21T01:56:09.195Z,78.02197802197803,66.49572649572649,24.117216117216117,0,34.4,12.8,160.7,1450,hub_milagro_01
2026-02-21T01:58:11.407Z,78.21733821733822,66.49572649572649,24.234432234432234,0,34.1,12.6,159.4,1450,hub_milagro_01
2026-02-21T02:00:10.735Z,78.51037851037852,66.47130647130646,24.175824175824175,0,34.1,12.6,157.5,1450,hub_milagro_01
2026-02-21T02:02:13.876Z,78.63247863247864,66.44688644688644,24.263736263736263,0,34.1,12.8,159.2,1450,hub_milagro_01
2026-02-21T02:04:13.154Z,78.87667887667888,66.37362637362637,24.38095238095238,0,34.5,12.7,158.1,1450,hub_milagro_01
2026-02-21T02:06:17.567Z,79.04761904761905,66.39804639804639,24.32234432234432,0,34.9,12.8,157.3,1450,hub_milagro_01
2026-02-21T02:08:18.767Z,79.2918192918193,66.39804639804639,24.38095238095238,0,34.7,12.7,158.5,1450,hub_milagro_01
2026-02-21T02:10:19.987Z,79.48717948717949,66.44688644688644,24.498168498168496,0,34.4,13.0,158.4,1450,hub_milagro_01
2026-02-21T02:12:19.015Z,79.73137973137973,66.32478632478632,24.586080586080584,0,35.0,5.9,155.8,1450,hub_milagro_01
2026-02-21T02:14:21.076Z,79.9023199023199,66.37362637362637,24.527472527472526,0,34.3,12.7,157.3,1450,hub_milagro_01
2026-02-21T02:16:20.194Z,80.0976800976801,66.32478632478632,24.439560439560438,0,34.6,12.8,155.5,1450,hub_milagro_01
2026-02-21T02:18:19.514Z,80.26862026862027,66.39804639804639,24.32234432234432,0,35.0,12.7,156.1,1450,hub_milagro_01
2026-02-21T02:20:19.830Z,80.43956043956044,66.39804639804639,24.32234432234432,0,35.0,12.7,157.6,1450,hub_milagro_01
2026-02-21T02:22:20.607Z,80.68376068376068,66.27594627594627,24.146520146520146,0,34.3,12.6,160.2,1450,hub_milagro_01
2026-02-21T02:24:22.557Z,80.9035409035409,66.37362637362637,24.117216117216117,0,34.2,12.7,156.6,1450,hub_milagro_01
2026-02-21T02:26:24.040Z,81.07448107448107,66.27594627594627,23.912087912087912,0,34.5,12.9,156.7,1450,hub_milagro_01
2026-02-21T02:28:23.270Z,81.31868131868131,66.32478632478632,23.882783882783883,0,34.0,12.7,156.4,1450,hub_milagro_01
2026-02-21T02:30:25.260Z,81.48962148962148,66.30036630036629,23.765567765567766,0,34.9,12.5,157.3,1450,hub_milagro_01
2026-02-21T02:32:23.270Z,81.68498168498168,66.30036630036629,23.61904761904762,0,34.0,12.8,157.1,1450,hub_milagro_01
2026-02-21T02:34:26.944Z,81.88034188034187,66.27594627594627,23.58974358974359,0,34.2,12.6,159.5,1450,hub_milagro_01
2026-02-21T02:36:28.810Z,82.02686202686202,66.25152625152624,23.443223443223445,0,34.3,12.6,155.1,1450,hub_milagro_01
2026-02-21T02:38:29.163Z,82.17338217338217,66.22710622710622,23.2967032967033,0,34.9,12.6,158.7,1450,hub_milagro_01
2026-02-21T02:40:28.077Z,82.29548229548229,66.2026862026862,23.20879120879121,0,34.6,12.7,158.2,1450,hub_milagro_01
2026-02-21T02:42:27.084Z,82.39316239316238,66.2026862026862,23.120879120879124,0,33.9,12.5,158.5,1450,hub_milagro_01
2026-02-21T02:44:26.851Z,82.5152625152625,66.25152625152624,22.94505494505495,0,34.6,4.0,159.2,1450,hub_milagro_01
2026-02-21T02:46:27.223Z,82.7106227106227,66.17826617826617,22.91575091575092,0,34.5,12.5,157.4,1450,hub_milagro_01
2026-02-21T02:48:27.767Z,82.8083028083028,66.15384615384615,22.739926739926744,0,33.6,12.6,156.9,1450,hub_milagro_01
2026-02-21T02:50:28.755Z,82.85714285714286,66.2026862026862,22.681318681318686,0,35.0,12.6,157.6,1450,hub_milagro_01
2026-02-21T02:52:26.684Z,83.05250305250306,66.22710622710622,22.622710622710628,0,34.3,12.5,157.9,1450,hub_milagro_01
2026-02-21T02:54:26.723Z,83.15018315018315,66.2026862026862,22.47619047619048,0,34.6,12.3,158.4,1450,hub_milagro_01
2026-02-21T02:56:30.484Z,83.2967032967033,66.15384615384615,22.329670329670336,0,34.5,12.6,156.6,1450,hub_milagro_01
2026-02-21T02:58:30.846Z,83.36996336996337,66.15384615384615,22.21245421245422,0,34.8,12.5,157.7,1450,hub_milagro_01
2026-02-21T03:00:33.127Z,83.56532356532357,66.15384615384615,22.095238095238102,0,34.7,12.5,158.8,1450,hub_milagro_01
2026-02-21T03:02:35.388Z,83.63858363858364,66.15384615384615,22.065934065934073,0,33.9,12.4,157.3,1450,hub_milagro_01
2026-02-21T03:04:34.270Z,83.85836385836386,66.08058608058607,21.890109890109898,0,34.8,12.6,157.9,1450,hub_milagro_01
2026-02-21T03:06:33.210Z,83.88278388278388,66.12942612942612,21.772893772893767,0,33.9,12.4,157.3,1450,hub_milagro_01
2026-02-21T03:08:37.923Z,84.1025641025641,66.08058608058607,21.714285714285708,0,35.0,12.1,157.0,1450,hub_milagro_01
2026-02-21T03:10:41.670Z,84.15140415140415,66.08058608058607,21.567765567765562,0,34.1,12.4,156.3,1450,hub_milagro_01
2026-02-21T03:12:40.051Z,84.32234432234432,66.1050061050061,21.509157509157504,0,34.1,12.5,155.2,1450,hub_milagro_01
2026-02-21T03:14:44.495Z,84.46886446886447,66.08058608058607,21.391941391941387,0,34.1,12.3,157.3,1450,hub_milagro_01
2026-02-21T03:16:48.045Z,84.54212454212454,66.03174603174602,21.33333333333333,0,34.6,12.5,156.6,1450,hub_milagro_01
2026-02-21T03:18:51.369Z,84.63980463980464,66.03174603174602,21.27472527472527,0,33.5,12.1,156.3,1450,hub_milagro_01
2026-02-21T03:20:53.670Z,84.81074481074481,66.03174603174602,21.098901098901095,0,34.3,4.0,158.8,1450,hub_milagro_01
2026-02-21T03:22:56.121Z,84.88400488400488,66.03174603174602,21.040293040293037,0,33.9,12.0,156.8,1450,hub_milagro_01
2026-02-21T03:24:54.445Z,84.98168498168498,66.05616605616605,20.95238095238095,0,34.2,12.1,157.6,1450,hub_milagro_01
2026-02-21T03:26:58.061Z,85.15262515262515,66.03174603174602,20.805860805860803,0,34.6,12.3,156.9,1450,hub_milagro_01
2026-02-21T03:28:59.535Z,85.27472527472527,66.03174603174602,20.747252747252745,0,35.0,12.2,155.5,1450,hub_milagro_01
2026-02-21T03:30:58.318Z,85.44566544566544,65.9096459096459,20.51282051282051,0,34.2,12.1,157.2,1450,hub_milagro_01
2026-02-21T03:32:57.467Z,85.49450549450549,65.93406593406593,20.424908424908423,0,35.2,12.1,157.7,1450,hub_milagro_01
2026-02-21T03:34:57.455Z,85.59218559218559,65.93406593406593,20.366300366300365,0,33.8,12.3,156.8,1450,hub_milagro_01
2026-02-21T03:36:58.749Z,85.64102564102564,65.88522588522588,20.249084249084248,0,34.4,12.1,154.3,1450,hub_milagro_01
2026-02-21T03:38:57.324Z,85.49450549450549,65.88522588522588,20.249084249084248,0,33.5,12.1,157.7,1450,hub_milagro_01
2026-02-21T03:40:56.055Z,85.42124542124542,65.93406593406593,20.043956043956044,0,34.3,12.1,158.3,1450,hub_milagro_01
2026-02-21T03:42:55.019Z,85.37240537240537,65.88522588522588,20.014652014652015,0,34.8,12.3,157.0,1450,hub_milagro_01
2026-02-21T03:44:57.825Z,85.34798534798534,65.88522588522588,19.897435897435898,0,35.1,12.0,156.2,1450,hub_milagro_01
2026-02-21T03:47:00.550Z,85.27472527472527,65.88522588522588,19.86813186813187,0,34.4,12.1,155.2,1450,hub_milagro_01
2026-02-21T03:49:05.953Z,85.27472527472527,65.83638583638583,19.80952380952381,0,35.4,12.0,156.8,1450,hub_milagro_01
2026-02-21T03:51:04.473Z,85.2014652014652,65.86080586080585,19.633699633699635,0,35.3,12.2,156.4,1450,hub_milagro_01
2026-02-21T03:53:08.341Z,85.15262515262515,65.83638583638583,19.545787545787547,0,34.7,12.0,157.3,1450,hub_milagro_01
2026-02-21T03:55:10.489Z,85.07936507936508,65.83638583638583,19.42857142857143,0,35.3,11.9,156.3,1450,hub_milagro_01
2026-02-21T03:57:11.389Z,84.98168498168498,65.83638583638583,19.45787545787546,0,35.2,11.9,156.9,1450,hub_milagro_01
2026-02-21T03:59:14.688Z,84.93284493284493,65.83638583638583,19.311355311355314,0,35.5,12.1,153.4,1450,hub_milagro_01
2026-02-21T04:01:13.985Z,84.83516483516483,65.73870573870573,19.164835164835168,0,36.2,12.0,156.4,1450,hub_milagro_01
2026-02-21T04:03:17.761Z,84.81074481074481,65.76312576312576,19.13553113553114,0,35.8,12.2,156.9,1450,hub_milagro_01
2026-02-21T04:05:19.173Z,84.76190476190476,65.78754578754578,19.10622710622711,0,35.7,12.1,154.6,1450,hub_milagro_01
2026-02-21T04:07:18.224Z,84.71306471306471,65.73870573870573,18.901098901098898,0,36.3,11.9,155.1,1450,hub_milagro_01
2026-02-21T04:09:18.440Z,84.66422466422466,65.68986568986568,18.81318681318681,0,35.8,12.0,155.7,1450,hub_milagro_01
2026-02-21T04:11:22.830Z,84.49328449328449,65.71428571428571,18.754578754578752,0,35.3,12.0,157.3,1450,hub_milagro_01
2026-02-21T04:13:26.197Z,84.44444444444444,65.73870573870573,18.695970695970693,0,35.4,11.8,155.3,1450,hub_milagro_01
2026-02-21T04:15:30.699Z,84.3956043956044,65.73870573870573,18.666666666666664,0,36.0,11.8,155.7,1450,hub_milagro_01
2026-02-21T04:17:35.836Z,84.3956043956044,65.76312576312576,18.549450549450547,0,36.0,12.0,155.4,1450,hub_milagro_01
2026-02-21T04:19:34.336Z,84.2979242979243,65.73870573870573,18.43223443223443,0,36.5,11.9,154.6,1450,hub_milagro_01
2026-02-21T04:21:36.440Z,84.24908424908425,65.64102564102564,18.285714285714285,0,36.8,11.8,156.8,1450,hub_milagro_01
2026-02-21T04:23:39.314Z,84.12698412698413,65.61660561660561,18.285714285714285,0,35.9,12.0,155.0,1450,hub_milagro_01
2026-02-21T04:25:40.861Z,84.02930402930403,65.61660561660561,18.227106227106226,0,37.4,11.8,157.5,1450,hub_milagro_01
2026-02-21T04:27:41.295Z,84.02930402930403,65.66544566544566,18.10989010989011,0,36.8,11.8,156.2,1450,hub_milagro_01
2026-02-21T04:29:46.381Z,83.93162393162393,65.64102564102564,17.992673992673993,0,37.0,11.9,153.5,1450,hub_milagro_01
2026-02-21T04:31:45.370Z,83.83394383394383,65.59218559218559,17.934065934065934,0,36.5,11.9,156.4,1450,hub_milagro_01
2026-02-21T04:33:46.308Z,83.80952380952381,65.61660561660561,17.875457875457876,0,36.5,11.8,158.0,1450,hub_milagro_01
2026-02-21T04:35:49.053Z,83.68742368742369,65.61660561660561,17.816849816849818,0,36.3,11.6,155.8,1450,hub_milagro_01
2026-02-21T04:37:54.545Z,83.93162393162393,65.61660561660561,17.6996336996337,0,36.1,11.8,155.7,1450,hub_milagro_01
2026-02-21T04:39:53.058Z,84.17582417582418,65.59218559218559,17.641025641025642,0,37.6,11.8,156.8,1450,hub_milagro_01
2026-02-21T04:41:55.925Z,84.51770451770452,65.61660561660561,17.494505494505496,0,36.8,11.8,156.5,1450,hub_milagro_01
2026-02-21T04:43:56.449Z,84.71306471306471,65.61660561660561,17.37728937728938,0,36.6,11.7,155.2,1450,hub_milagro_01
2026-02-21T04:45:59.002Z,84.93284493284493,65.56776556776556,17.289377289377292,0,36.5,11.4,153.3,1450,hub_milagro_01
2026-02-21T04:48:01.778Z,85.25030525030525,65.51892551892551,17.201465201465204,0,37.3,11.7,154.0,1450,hub_milagro_01
2026-02-21T04:50:02.881Z,85.47008547008546,65.51892551892551,17.08424908424908,0,37.4,11.6,153.9,1450,hub_milagro_01
2026-02-21T04:52:07.703Z,85.73870573870573,65.61660561660561,17.05494505494505,0,37.8,11.6,153.8,1450,hub_milagro_01
2026-02-21T04:54:05.408Z,86.03174603174604,65.51892551892551,16.996336996336993,0,37.2,11.7,155.8,1450,hub_milagro_01
2026-02-21T04:56:08.706Z,86.20268620268621,65.54334554334554,16.908424908424905,0,38.2,11.7,155.7,1450,hub_milagro_01
2026-02-21T04:58:11.088Z,86.4957264957265,65.51892551892551,16.967032967032964,0,37.4,11.7,154.2,1450,hub_milagro_01
2026-02-21T05:00:13.159Z,86.71550671550672,65.51892551892551,16.937728937728934,0,37.8,11.7,154.2,1450,hub_milagro_01
2026-02-21T05:02:13.134Z,87.00854700854701,65.49450549450549,17.025641025641022,0,37.5,11.6,157.0,1450,hub_milagro_01
2026-02-21T05:04:15.973Z,87.17948717948718,65.54334554334554,17.11355311355311,0,38.3,11.7,156.8,1450,hub_milagro_01
2026-02-21T05:06:16.433Z,87.4969474969475,65.44566544566544,17.172161172161168,0,37.1,11.7,152.8,1450,hub_milagro_01
2026-02-21T05:08:19.641Z,87.74114774114774,65.51892551892551,17.260073260073263,0,38.2,11.5,153.3,1450,hub_milagro_01
2026-02-21T05:10:21.099Z,87.91208791208791,65.49450549450549,17.260073260073263,0,37.6,11.6,154.6,1450,hub_milagro_01
2026-02-21T05:12:26.360Z,88.15628815628816,65.47008547008546,17.34798534798535,0,37.8,4.0,154.6,1450,hub_milagro_01
2026-02-21T05:14:28.513Z,88.37606837606837,65.42124542124542,17.289377289377292,0,37.9,11.5,153.9,1450,hub_milagro_01
2026-02-21T05:16:31.342Z,88.66910866910867,65.49450549450549,17.40659340659341,0,38.2,11.5,156.0,1450,hub_milagro_01
2026-02-21T05:18:33.975Z,88.96214896214896,65.49450549450549,17.494505494505496,0,38.7,11.5,155.2,1450,hub_milagro_01
2026-02-21T05:20:36.726Z,89.20634920634922,65.39682539682539,17.465201465201467,0,38.6,11.6,154.5,1450,hub_milagro_01
2026-02-21T05:22:39.997Z,89.40170940170941,65.47008547008546,17.582417582417584,0,38.1,4.0,155.1,1450,hub_milagro_01
2026-02-21T05:24:42.309Z,89.57264957264958,65.37240537240537,17.67032967032967,0,38.5,11.4,153.7,1450,hub_milagro_01
2026-02-21T05:26:45.639Z,89.86568986568987,65.42124542124542,17.611721611721613,0,38.9,11.5,154.2,1450,hub_milagro_01
2026-02-21T05:28:47.064Z,90.06105006105007,65.42124542124542,17.75824175824176,0,38.6,11.4,154.5,1450,hub_milagro_01
2026-02-21T05:30:48.402Z,90.37851037851038,65.42124542124542,17.816849816849818,0,38.5,11.4,156.3,1450,hub_milagro_01
2026-02-21T05:32:51.294Z,90.54945054945055,65.37240537240537,17.78754578754579,0,39.1,11.3,156.1,1450,hub_milagro_01
2026-02-21T05:34:56.821Z,90.76923076923077,65.42124542124542,17.816849816849818,0,39.0,11.3,154.0,1450,hub_milagro_01
2026-02-21T05:37:00.822Z,91.08669108669109,65.32356532356532,17.846153846153847,0,38.8,11.3,155.1,1450,hub_milagro_01
2026-02-21T05:39:01.183Z,90.94017094017094,65.34798534798534,17.992673992673993,0,38.8,11.3,156.4,1450,hub_milagro_01
2026-02-21T05:41:06.744Z,90.84249084249085,65.34798534798534,18.08058608058608,0,38.6,11.3,154.4,1450,hub_milagro_01
2026-02-21T05:43:08.439Z,90.6959706959707,65.34798534798534,18.05128205128205,0,38.8,11.4,157.1,1450,hub_milagro_01
2026-02-21T05:45:07.365Z,90.57387057387058,65.2991452991453,18.13919413919414,0,39.3,11.3,152.6,1450,hub_milagro_01
2026-02-21T05:47:08.460Z,90.5006105006105,65.25030525030525,18.197802197802197,0,39.7,11.4,155.7,1450,hub_milagro_01
2026-02-21T05:49:10.651Z,90.32967032967034,65.25030525030525,18.227106227106226,0,39.4,11.3,156.2,1450,hub_milagro_01
2026-02-21T05:51:14.124Z,90.25641025641026,65.22588522588522,18.256410256410255,0,39.2,11.3,154.3,1450,hub_milagro_01
2026-02-21T05:53:13.358Z,90.15873015873017,65.22588522588522,18.373626373626372,0,40.3,11.2,155.1,1450,hub_milagro_01
2026-02-21T05:55:17.116Z,90.08547008547009,65.2014652014652,18.4029304029304,0,39.7,11.5,154.6,1450,hub_milagro_01
2026-02-21T05:57:17.204Z,89.91452991452992,65.2014652014652,18.43223443223443,0,40.0,11.7,154.2,1450,hub_milagro_01
2026-02-21T05:59:19.053Z,89.81684981684982,65.27472527472527,18.49084249084249,0,40.2,11.5,154.4,1450,hub_milagro_01
2026-02-21T06:01:22.019Z,89.71916971916973,65.25030525030525,18.608058608058606,0,39.9,11.4,156.4,1450,hub_milagro_01
2026-02-21T06:03:20.131Z,89.5970695970696,65.25030525030525,18.578754578754577,0,40.0,11.6,152.4,1450,hub_milagro_01
2026-02-21T06:05:20.363Z,89.37728937728939,65.12820512820512,18.695970695970693,0,40.1,11.5,154.3,1450,hub_milagro_01
2026-02-21T06:07:22.592Z,89.32844932844934,65.1037851037851,18.666666666666664,0,40.6,11.4,154.9,1450,hub_milagro_01
2026-02-21T06:09:24.723Z,89.23076923076924,65.1037851037851,18.84249084249084,0,40.0,11.5,155.9,1450,hub_milagro_01
2026-02-21T06:11:24.020Z,89.05982905982906,65.2014652014652,18.78388278388278,0,39.7,11.5,152.7,1450,hub_milagro_01
2026-02-21T06:13:25.096Z,88.96214896214896,65.15262515262515,18.901098901098898,0,39.5,11.5,152.6,1450,hub_milagro_01
2026-02-21T06:15:27.767Z,88.86446886446886,65.1037851037851,18.901098901098898,0,40.8,11.5,153.9,1450,hub_milagro_01
2026-02-21T06:17:32.234Z,88.74236874236874,65.17704517704517,19.018315018315015,0,40.4,11.6,153.7,1450,hub_milagro_01
2026-02-21T06:19:37.868Z,88.54700854700855,65.15262515262515,18.959706959706956,0,40.3,11.7,155.9,1450,hub_milagro_01
2026-02-21T06:21:40.472Z,88.44932844932845,65.07936507936508,19.018315018315015,0,40.7,11.5,155.7,1450,hub_milagro_01
2026-02-21T06:23:39.589Z,88.3028083028083,65.1037851037851,18.989010989010985,0,40.6,11.7,153.2,1450,hub_milagro_01
2026-02-21T06:25:42.002Z,88.15628815628816,65.1037851037851,18.959706959706956,0,41.1,11.8,153.4,1450,hub_milagro_01
2026-02-21T06:27:41.642Z,88.03418803418803,65.006105006105,18.901098901098898,0,41.2,11.6,154.4,1450,hub_milagro_01
2026-02-21T06:29:42.727Z,87.91208791208791,65.03052503052503,18.84249084249084,0,41.1,11.7,155.0,1450,hub_milagro_01
2026-02-21T06:31:44.340Z,87.83882783882784,65.03052503052503,18.84249084249084,0,40.4,11.8,152.7,1450,hub_milagro_01
2026-02-21T06:33:44.255Z,87.6923076923077,65.05494505494505,18.84249084249084,0,40.5,11.6,155.0,1450,hub_milagro_01
2026-02-21T06:35:43.741Z,87.61904761904762,65.03052503052503,18.754578754578752,0,40.0,11.8,152.6,1450,hub_milagro_01
2026-02-21T06:37:46.651Z,87.47252747252747,64.95726495726495,18.754578754578752,0,40.2,11.8,155.0,1450,hub_milagro_01
2026-02-21T06:39:45.206Z,87.54578754578755,65.006105006105,18.81318681318681,0,40.7,11.5,154.8,1450,hub_milagro_01
2026-02-21T06:41:48.433Z,87.57020757020757,65.006105006105,18.725274725274723,0,40.4,11.8,152.9,1450,hub_milagro_01
2026-02-21T06:43:52.979Z,87.64346764346764,64.93284493284493,18.725274725274723,0,40.8,11.8,154.7,1450,hub_milagro_01
2026-02-21T06:45:55.464Z,87.71672771672772,64.98168498168498,18.78388278388278,0,41.4,11.6,154.1,1450,hub_milagro_01
2026-02-21T06:47:55.618Z,87.78998778998779,65.006105006105,18.695970695970693,0,40.5,11.7,155.6,1450,hub_milagro_01
2026-02-21T06:49:59.224Z,87.91208791208791,64.9084249084249,18.725274725274723,0,40.7,11.9,154.0,1450,hub_milagro_01
2026-02-21T06:51:58.962Z,87.98534798534799,64.93284493284493,18.608058608058606,0,40.6,11.6,155.9,1450,hub_milagro_01
2026-02-21T06:54:02.058Z,87.96092796092796,64.9084249084249,18.695970695970693,0,40.5,11.7,156.3,1450,hub_milagro_01
2026-02-21T06:56:06.011Z,88.1074481074481,64.98168498168498,18.637362637362635,0,39.9,11.6,155.4,1450,hub_milagro_01
2026-02-21T06:58:11.218Z,88.1074481074481,64.93284493284493,18.637362637362635,0,40.6,11.9,156.6,1450,hub_milagro_01
2026-02-21T07:00:10.605Z,88.22954822954823,64.95726495726495,18.578754578754577,0,40.3,11.9,158.4,1450,hub_milagro_01
2026-02-21T07:02:10.131Z,88.22954822954823,64.93284493284493,18.578754578754577,0,40.7,11.8,157.9,1450,hub_milagro_01
2026-02-21T07:04:12.093Z,88.27838827838828,64.88400488400488,18.578754578754577,0,40.4,11.8,158.0,1450,hub_milagro_01
2026-02-21T07:06:12.746Z,88.4004884004884,64.95726495726495,18.608058608058606,0,40.1,11.8,158.1,1450,hub_milagro_01
2026-02-21T07:08:15.706Z,88.42490842490842,64.85958485958486,18.52014652014652,0,40.9,12.0,155.7,1450,hub_milagro_01
2026-02-21T07:10:15.702Z,88.54700854700855,64.93284493284493,18.52014652014652,0,40.4,11.8,157.3,1450,hub_milagro_01
2026-02-21T07:12:15.646Z,88.54700854700855,64.88400488400488,18.46153846153846,0,40.2,12.0,158.6,1450,hub_milagro_01
2026-02-21T07:14:17.002Z,88.64468864468864,64.85958485958486,18.43223443223443,0,40.1,11.9,158.3,1450,hub_milagro_01
2026-02-21T07:16:16.049Z,88.66910866910867,64.83516483516483,18.43223443223443,0,40.7,11.9,157.6,1450,hub_milagro_01
2026-02-21T07:18:17.399Z,88.79120879120879,64.83516483516483,18.43223443223443,0,39.9,12.1,155.9,1450,hub_milagro_01
2026-02-21T07:20:18.577Z,88.81562881562881,64.85958485958486,18.49084249084249,0,40.2,11.9,158.5,1450,hub_milagro_01
2026-02-21T07:22:18.519Z,88.91330891330891,64.83516483516483,18.46153846153846,0,40.1,11.8,157.8,1450,hub_milagro_01
2026-02-21T07:24:21.949Z,88.91330891330891,64.83516483516483,18.344322344322343,0,40.6,12.0,158.0,1450,hub_milagro_01
2026-02-21T07:26:20.034Z,88.96214896214896,64.85958485958486,18.43223443223443,0,39.5,12.2,159.8,1450,hub_milagro_01
2026-02-21T07:28:19.409Z,89.0842490842491,64.88400488400488,18.315018315018314,0,39.9,12.0,160.6,1450,hub_milagro_01
2026-02-21T07:30:22.019Z,89.13308913308914,64.88400488400488,18.315018315018314,0,39.6,12.0,160.3,1450,hub_milagro_01
2026-02-21T07:32:23.862Z,89.18192918192919,64.88400488400488,18.285714285714285,0,40.0,12.0,159.6,1450,hub_milagro_01
2026-02-21T07:34:25.527Z,89.27960927960929,64.85958485958486,18.4029304029304,0,40.1,11.9,159.9,1450,hub_milagro_01
2026-02-21T07:36:24.134Z,89.32844932844934,64.78632478632478,18.344322344322343,0,40.3,12.1,158.5,1450,hub_milagro_01
2026-02-21T07:38:26.569Z,89.32844932844934,64.83516483516483,18.315018315018314,0,40.5,4.0,160.5,1450,hub_milagro_01
2026-02-21T07:40:27.178Z,89.47496947496948,64.81074481074481,18.315018315018314,0,40.0,12.0,158.6,1450,hub_milagro_01
2026-02-21T07:42:28.755Z,89.54822954822956,64.85958485958486,18.43223443223443,0,40.5,12.0,159.7,1450,hub_milagro_01
2026-02-21T07:44:28.670Z,89.57264957264958,64.85958485958486,18.373626373626372,0,39.6,11.9,160.3,1450,hub_milagro_01
2026-02-21T07:46:27.781Z,89.74358974358975,64.85958485958486,18.46153846153846,0,40.0,12.1,159.7,1450,hub_milagro_01
2026-02-21T07:48:31.805Z,89.74358974358975,64.83516483516483,18.43223443223443,0,39.9,12.1,161.5,1450,hub_milagro_01
2026-02-21T07:50:35.282Z,89.84126984126985,64.83516483516483,18.49084249084249,0,39.6,12.2,163.4,1450,hub_milagro_01
2026-02-21T07:52:35.097Z,89.96336996336997,64.83516483516483,18.578754578754577,0,39.8,12.1,162.3,1450,hub_milagro_01
2026-02-21T07:54:39.706Z,89.98778998779,64.78632478632478,18.666666666666664,0,40.2,12.1,161.1,1450,hub_milagro_01
2026-02-21T07:56:44.559Z,90.13431013431014,64.76190476190476,18.608058608058606,0,40.0,12.2,160.0,1450,hub_milagro_01
2026-02-21T07:58:47.128Z,90.23199023199024,64.81074481074481,18.725274725274723,0,40.2,12.2,161.8,1450,hub_milagro_01
2026-02-21T08:00:47.964Z,90.23199023199024,64.73748473748473,18.754578754578752,0,40.1,12.3,163.0,1450,hub_milagro_01
2026-02-21T08:02:51.569Z,90.28083028083029,64.76190476190476,18.78388278388278,0,39.8,12.4,163.6,1450,hub_milagro_01
2026-02-21T08:04:50.382Z,90.40293040293041,64.71306471306471,18.725274725274723,0,38.9,12.1,163.5,1450,hub_milagro_01
2026-02-21T08:06:55.042Z,99.82905982905983,64.95726495726495,16.996336996336993,1,39.8,12.2,162.1,1450,hub_milagro_01
2026-02-21T08:08:56.542Z,99.9023199023199,65.006105006105,17.05494505494505,1,39.8,12.2,163.8,1450,hub_milagro_01
2026-02-21T08:10:58.331Z,99.9023199023199,65.25030525030525,17.05494505494505,1,39.8,12.2,163.6,1450,hub_milagro_01
2026-02-21T08:13:01.903Z,99.92673992673993,65.44566544566544,17.11355311355311,1,40.2,4.0,162.8,1450,hub_milagro_01
2026-02-21T08:15:04.969Z,99.82905982905983,65.64102564102564,17.14285714285714,1,39.6,12.1,163.9,1450,hub_milagro_01
2026-02-21T08:17:03.578Z,99.9023199023199,65.73870573870573,17.201465201465204,1,40.2,12.4,166.1,1450,hub_milagro_01
2026-02-21T08:19:02.389Z,99.85347985347985,65.95848595848595,17.289377289377292,1,40.2,12.3,164.5,1450,hub_milagro_01
2026-02-21T08:21:00.296Z,99.85347985347985,66.03174603174602,17.34798534798535,0,40.3,12.3,164.9,1450,hub_milagro_01
2026-02-21T08:23:05.879Z,99.9023199023199,66.22710622710622,17.289377289377292,1,39.9,12.2,164.1,1450,hub_milagro_01
2026-02-21T08:25:05.033Z,99.87789987789988,66.25152625152624,17.37728937728938,1,39.5,12.3,163.7,1450,hub_milagro_01
2026-02-21T08:27:09.750Z,99.85347985347985,66.42246642246641,17.37728937728938,1,40.2,12.3,166.8,1450,hub_milagro_01
2026-02-21T08:29:10.592Z,99.85347985347985,66.56898656898656,17.435897435897438,1,39.4,12.5,166.1,1450,hub_milagro_01
2026-02-21T08:31:13.484Z,99.82905982905983,66.69108669108668,17.553113553113555,1,39.5,12.4,165.7,1450,hub_milagro_01
2026-02-21T08:33:12.761Z,99.92673992673993,66.8131868131868,17.523809523809526,0,40.0,12.5,166.9,1450,hub_milagro_01
2026-02-21T08:35:14.616Z,99.87789987789988,66.9108669108669,17.523809523809526,1,39.6,12.5,166.2,1450,hub_milagro_01
2026-02-21T08:37:17.616Z,99.82905982905983,67.05738705738705,17.611721611721613,1,39.6,12.5,165.5,1450,hub_milagro_01
2026-02-21T08:39:18.247Z,99.85347985347985,67.2039072039072,17.611721611721613,0,39.7,12.5,167.6,1450,hub_milagro_01
2026-02-21T08:41:17.241Z,99.9023199023199,67.3992673992674,17.75824175824176,1,39.7,12.5,165.3,1450,hub_milagro_01
2026-02-21T08:43:21.557Z,99.85347985347985,67.52136752136752,17.72893772893773,1,39.8,12.6,166.5,1450,hub_milagro_01
2026-02-21T08:45:21.662Z,99.87789987789988,67.61904761904762,17.75824175824176,1,39.2,12.5,167.3,1450,hub_milagro_01
2026-02-21T08:47:23.822Z,99.9023199023199,67.6923076923077,17.78754578754579,1,38.8,12.5,166.0,1450,hub_milagro_01
2026-02-21T08:49:25.777Z,99.9023199023199,67.66788766788767,17.904761904761905,1,39.4,12.5,167.6,1450,hub_milagro_01
2026-02-21T08:51:29.239Z,99.92673992673993,67.74114774114774,17.934065934065934,1,39.9,12.3,168.4,1450,hub_milagro_01
2026-02-21T08:53:33.714Z,99.85347985347985,67.91208791208791,17.904761904761905,1,39.4,12.3,167.0,1450,hub_milagro_01
2026-02-21T08:55:37.103Z,99.82905982905983,68.03418803418803,18.05128205128205,1,39.4,12.5,167.3,1450,hub_milagro_01
2026-02-21T08:57:37.073Z,99.85347985347985,68.2051282051282,18.05128205128205,1,39.5,12.6,169.4,1450,hub_milagro_01
2026-02-21T08:59:41.179Z,99.92673992673993,68.3028083028083,18.168498168498168,1,39.6,12.6,170.5,1450,hub_milagro_01
2026-02-21T09:01:43.586Z,99.82905982905983,68.4004884004884,17.963369963369964,1,38.9,12.4,168.1,1450,hub_milagro_01
2026-02-21T09:03:47.015Z,99.9023199023199,68.4981684981685,17.963369963369964,1,39.4,12.6,168.1,1450,hub_milagro_01
2026-02-21T09:05:49.757Z,99.87789987789988,68.62026862026862,17.75824175824176,1,39.6,12.6,168.6,1450,hub_milagro_01
2026-02-21T09:07:49.850Z,99.78021978021978,68.69352869352869,17.75824175824176,1,39.2,12.6,169.9,1450,hub_milagro_01
2026-02-21T09:09:48.035Z,99.68253968253968,68.76678876678876,17.611721611721613,1,39.5,12.5,170.0,1450,hub_milagro_01
2026-02-21T09:11:48.709Z,99.53601953601954,68.81562881562881,17.465201465201467,1,39.0,12.5,167.9,1450,hub_milagro_01
2026-02-21T09:13:48.982Z,99.36507936507937,68.91330891330891,17.34798534798535,1,39.6,12.4,170.9,1450,hub_milagro_01
2026-02-21T09:15:51.783Z,99.31623931623932,69.05982905982906,17.260073260073263,0,40.0,12.5,168.3,1450,hub_milagro_01
2026-02-21T09:17:53.546Z,99.16971916971917,69.1086691086691,17.201465201465204,1,39.9,12.5,167.3,1450,hub_milagro_01
2026-02-21T09:19:56.301Z,98.97435897435898,69.18192918192918,17.025641025641022,1,38.9,5.5,167.4,1450,hub_milagro_01
2026-02-21T09:21:55.152Z,98.9010989010989,69.27960927960928,16.967032967032964,1,39.3,12.4,166.7,1450,hub_milagro_01
2026-02-21T09:23:58.229Z,98.70573870573871,69.45054945054945,16.908424908424905,1,38.2,12.5,168.0,1450,hub_milagro_01
2026-02-21T09:26:01.937Z,98.58363858363859,69.54822954822954,16.79120879120879,1,38.6,12.6,167.6,1450,hub_milagro_01
2026-02-21T09:28:02.483Z,98.43711843711843,69.59706959706959,16.644688644688642,1,38.5,12.5,168.0,1450,hub_milagro_01
2026-02-21T09:30:02.518Z,98.26617826617826,69.76800976800976,16.527472527472526,1,38.7,12.5,167.2,1450,hub_milagro_01
2026-02-21T09:32:06.522Z,98.14407814407814,69.89010989010988,16.527472527472526,1,39.0,12.6,166.9,1450,hub_milagro_01
2026-02-21T09:34:09.292Z,98.04639804639804,69.93894993894993,16.32234432234432,1,38.2,12.5,165.8,1450,hub_milagro_01
2026-02-21T09:36:10.972Z,97.8998778998779,70.08547008547008,16.293040293040292,1,38.6,12.6,166.1,1450,hub_milagro_01
2026-02-21T09:38:11.018Z,97.77777777777777,70.18315018315018,16.146520146520146,1,38.6,12.5,165.2,1450,hub_milagro_01
2026-02-21T09:40:16.129Z,97.6068376068376,70.25641025641025,16.02930402930403,1,38.9,12.4,165.7,1450,hub_milagro_01
2026-02-21T09:42:17.053Z,97.33821733821733,70.37851037851038,16.0,1,39.0,12.5,165.5,1450,hub_milagro_01
2026-02-21T09:44:17.943Z,97.14285714285714,70.54945054945055,15.912087912087912,1,38.8,12.4,166.1,1450,hub_milagro_01
2026-02-21T09:46:16.372Z,96.87423687423687,70.5982905982906,15.794871794871796,1,39.0,12.6,166.1,1450,hub_milagro_01
2026-02-21T09:48:20.959Z,96.65445665445665,70.74481074481075,15.706959706959708,1,38.9,12.5,165.8,1450,hub_milagro_01
2026-02-21T09:50:22.981Z,96.31257631257631,70.81807081807082,15.589743589743591,0,38.4,12.5,164.0,1450,hub_milagro_01
2026-02-21T09:52:24.255Z,96.04395604395604,70.7936507936508,15.443223443223445,1,39.0,12.5,166.4,1450,hub_milagro_01
2026-02-21T09:54:25.671Z,95.87301587301587,70.86691086691087,15.355311355311358,0,38.6,4.0,165.2,1450,hub_milagro_01
2026-02-21T09:56:28.540Z,95.62881562881563,70.8913308913309,15.238095238095234,1,38.7,4.0,165.1,1450,hub_milagro_01
2026-02-21T09:58:30.457Z,95.33577533577534,71.08669108669109,15.179487179487175,1,38.0,12.4,162.1,1450,hub_milagro_01
2026-02-21T10:00:33.034Z,95.09157509157508,71.15995115995116,15.150183150183146,1,38.9,12.5,164.8,1450,hub_milagro_01
2026-02-21T10:02:37.752Z,94.82295482295481,71.25763125763126,15.03296703296703,1,38.4,12.5,165.5,1450,hub_milagro_01
2026-02-21T10:04:39.626Z,94.62759462759462,71.30647130647131,14.945054945054942,0,38.2,12.4,166.3,1450,hub_milagro_01
2026-02-21T10:06:40.661Z,94.3101343101343,71.37973137973138,14.769230769230766,1,38.7,12.4,164.2,1450,hub_milagro_01
2026-02-21T10:08:40.774Z,94.09035409035408,71.4041514041514,14.65201465201465,1,37.8,12.6,163.5,1450,hub_milagro_01
2026-02-21T10:10:42.046Z,93.87057387057386,71.52625152625153,14.681318681318679,1,38.2,12.4,163.2,1450,hub_milagro_01
2026-02-21T10:12:47.986Z,93.55311355311355,71.5018315018315,14.593406593406591,1,37.9,12.4,162.0,1450,hub_milagro_01
2026-02-21T10:14:52.543Z,93.26007326007326,71.52625152625153,14.388278388278387,1,38.5,12.5,163.5,1450,hub_milagro_01
2026-02-21T10:16:55.312Z,93.04029304029304,71.62393162393163,14.3003663003663,0,38.2,12.4,163.9,1450,hub_milagro_01
2026-02-21T10:18:59.941Z,92.82051282051282,71.64835164835165,14.241758241758241,1,38.0,12.5,162.0,1450,hub_milagro_01
2026-02-21T10:20:59.648Z,92.6007326007326,71.6971916971917,14.153846153846153,1,38.4,12.2,166.0,1450,hub_milagro_01
2026-02-21T10:22:58.231Z,92.35653235653236,71.74603174603175,14.27106227106227,1,38.0,12.4,161.5,1450,hub_milagro_01
2026-02-21T10:25:02.710Z,92.01465201465201,71.77045177045177,14.476190476190474,1,38.3,12.3,160.9,1450,hub_milagro_01
2026-02-21T10:27:04.202Z,91.72161172161172,71.86813186813187,14.593406593406591,1,38.0,12.2,161.3,1450,hub_milagro_01
2026-02-21T10:29:09.937Z,91.5018315018315,71.8925518925519,14.593406593406591,1,38.0,12.4,161.9,1450,hub_milagro_01
2026-02-21T10:31:09.155Z,91.23321123321124,71.96581196581197,14.827838827838825,1,37.4,12.4,161.8,1450,hub_milagro_01
2026-02-21T10:33:11.441Z,91.01343101343102,72.16117216117216,14.915750915750912,1,37.8,12.2,162.2,1450,hub_milagro_01
2026-02-21T10:35:15.196Z,90.6959706959707,72.03907203907204,15.091575091575088,1,37.6,12.2,162.1,1450,hub_milagro_01
2026-02-21T10:37:17.847Z,90.5006105006105,72.16117216117216,15.091575091575088,1,37.7,12.3,162.0,1450,hub_milagro_01
2026-02-21T10:39:18.605Z,90.23199023199024,72.23443223443223,15.238095238095234,1,37.6,12.3,162.2,1450,hub_milagro_01
2026-02-21T10:41:19.641Z,89.96336996336997,72.38095238095238,15.443223443223445,1,37.6,12.4,161.5,1450,hub_milagro_01
2026-02-21T10:43:20.000Z,90.10989010989012,72.5030525030525,15.472527472527474,1,38.0,12.5,159.7,1450,hub_milagro_01
2026-02-21T10:45:21.418Z,90.32967032967034,72.57631257631257,15.589743589743591,1,37.9,12.3,159.9,1450,hub_milagro_01
2026-02-21T10:47:23.597Z,90.52503052503053,72.5030525030525,15.706959706959708,1,37.8,12.4,159.0,1450,hub_milagro_01
2026-02-21T10:49:22.045Z,90.72039072039072,72.55189255189255,15.853479853479854,1,37.0,12.2,160.2,1450,hub_milagro_01
2026-02-21T10:51:21.802Z,90.84249084249085,72.64957264957265,16.02930402930403,1,37.5,12.3,161.6,1450,hub_milagro_01
2026-02-21T10:53:20.510Z,91.03785103785104,72.64957264957265,16.117216117216117,0,37.4,12.2,159.4,1450,hub_milagro_01
2026-02-21T10:55:22.363Z,91.23321123321124,72.64957264957265,16.32234432234432,1,37.7,12.2,160.3,1450,hub_milagro_01
2026-02-21T10:57:26.402Z,91.4041514041514,72.7960927960928,16.468864468864467,1,37.5,4.0,158.4,1450,hub_milagro_01
2026-02-21T10:59:28.986Z,91.64835164835165,72.7960927960928,16.527472527472526,1,37.0,12.2,160.3,1450,hub_milagro_01
2026-02-21T11:01:31.841Z,91.84371184371184,72.7960927960928,16.644688644688642,1,37.4,12.4,160.0,1450,hub_milagro_01
2026-02-21T11:03:33.246Z,91.94139194139194,72.84493284493284,16.73260073260073,1,36.8,4.0,160.1,1450,hub_milagro_01
2026-02-21T11:05:35.237Z,92.23443223443223,72.94261294261294,16.937728937728934,1,36.9,12.2,159.8,1450,hub_milagro_01
2026-02-21T11:07:36.002Z,92.38095238095238,72.96703296703296,16.996336996336993,1,37.4,12.2,158.1,1450,hub_milagro_01
2026-02-21T11:09:39.616Z,92.55189255189255,73.01587301587301,17.14285714285714,1,36.6,12.4,157.7,1450,hub_milagro_01
2026-02-21T11:11:43.574Z,92.72283272283272,73.04029304029304,17.34798534798535,1,36.5,12.3,156.1,1450,hub_milagro_01
2026-02-21T11:13:43.697Z,92.91819291819291,73.06471306471306,17.40659340659341,1,36.5,12.1,160.8,1450,hub_milagro_01
2026-02-21T11:15:45.041Z,93.11355311355311,73.08913308913309,17.553113553113555,1,36.6,12.2,158.5,1450,hub_milagro_01
2026-02-21T11:17:45.547Z,93.33333333333333,73.08913308913309,17.67032967032967,1,37.0,12.2,157.1,1450,hub_milagro_01
2026-02-21T11:19:49.761Z,93.45543345543345,73.26007326007326,17.78754578754579,1,36.6,12.3,158.2,1450,hub_milagro_01
2026-02-21T11:21:48.691Z,93.62637362637362,73.3089133089133,17.904761904761905,1,36.5,12.3,159.6,1450,hub_milagro_01
2026-02-21T11:23:49.340Z,93.79731379731379,73.33333333333333,18.021978021978022,1,36.5,12.3,159.6,1450,hub_milagro_01
2026-02-21T11:25:50.192Z,93.94383394383394,73.38217338217338,18.197802197802197,1,37.2,12.4,158.6,1450,hub_milagro_01
2026-02-21T11:27:51.917Z,94.13919413919413,73.3089133089133,18.256410256410255,1,37.0,12.3,157.8,1450,hub_milagro_01
2026-02-21T11:29:53.272Z,94.3101343101343,73.38217338217338,18.46153846153846,1,37.0,12.3,158.3,1450,hub_milagro_01
2026-02-21T11:31:54.393Z,94.55433455433455,73.4065934065934,18.578754578754577,0,36.4,12.1,157.4,1450,hub_milagro_01
2026-02-21T11:33:53.221Z,94.67643467643467,73.50427350427351,18.754578754578752,1,36.7,12.2,157.9,1450,hub_milagro_01
2026-02-21T11:35:56.808Z,94.96947496947496,73.52869352869354,18.901098901098898,1,37.1,12.2,158.1,1450,hub_milagro_01
2026-02-21T11:37:56.774Z,95.1159951159951,73.55311355311356,18.989010989010985,1,36.0,12.3,157.1,1450,hub_milagro_01
2026-02-21T11:39:58.008Z,95.28693528693528,73.62637362637363,19.13553113553114,1,36.3,12.2,158.4,1450,hub_milagro_01
2026-02-21T11:41:59.943Z,95.50671550671551,73.65079365079366,19.223443223443226,1,36.8,12.4,158.4,1450,hub_milagro_01
2026-02-21T11:43:59.627Z,95.23809523809523,73.65079365079366,19.282051282051285,1,36.7,12.2,161.6,1450,hub_milagro_01
2026-02-21T11:46:00.359Z,95.04273504273503,73.67521367521368,19.282051282051285,1,36.6,12.3,157.9,1450,hub_milagro_01
2026-02-21T11:48:02.744Z,94.82295482295481,73.69963369963371,19.369963369963372,1,36.0,12.1,158.2,1450,hub_milagro_01
2026-02-21T11:50:02.638Z,94.55433455433455,73.7973137973138,19.42857142857143,1,36.2,12.3,158.5,1450,hub_milagro_01
2026-02-21T11:52:00.085Z,94.43223443223442,73.84615384615385,19.42857142857143,1,37.0,12.2,160.7,1450,hub_milagro_01
2026-02-21T11:54:03.286Z,94.13919413919413,73.77289377289378,19.42857142857143,1,36.7,4.0,157.0,1450,hub_milagro_01
2026-02-21T11:56:04.021Z,93.96825396825396,73.77289377289378,19.48717948717949,1,36.8,6.2,158.1,1450,hub_milagro_01
2026-02-21T11:58:03.366Z,93.74847374847374,73.7973137973138,19.516483516483518,1,36.7,12.1,160.6,1450,hub_milagro_01
2026-02-21T12:00:05.652Z,93.5042735042735,73.77289377289378,19.545787545787547,1,36.1,12.3,157.2,1450,hub_milagro_01
2026-02-21T12:02:09.779Z,93.38217338217338,73.7973137973138,19.545787545787547,0,37.1,12.1,160.2,1450,hub_milagro_01
2026-02-21T12:04:10.770Z,93.16239316239316,73.7973137973138,19.663003663003664,1,35.8,12.2,157.4,1450,hub_milagro_01
2026-02-21T12:06:11.044Z,92.86935286935287,73.82173382173383,19.575091575091577,1,35.8,12.3,157.1,1450,hub_milagro_01
2026-02-21T12:08:12.912Z,92.72283272283272,73.82173382173383,19.663003663003664,1,36.1,12.1,157.4,1450,hub_milagro_01
2026-02-21T12:10:10.565Z,92.47863247863248,73.84615384615385,19.663003663003664,1,36.7,12.1,156.2,1450,hub_milagro_01
2026-02-21T12:12:10.672Z,92.33211233211233,73.94383394383395,19.78021978021978,1,36.4,12.2,159.1,1450,hub_milagro_01
2026-02-21T12:14:13.925Z,92.13675213675214,73.96825396825398,19.78021978021978,1,35.7,12.2,156.6,1450,hub_milagro_01
2026-02-21T12:16:11.643Z,91.91697191697192,74.01709401709402,19.83882783882784,1,36.3,4.0,159.2,1450,hub_milagro_01
2026-02-21T12:18:16.019Z,91.62393162393163,74.16361416361417,19.897435897435898,1,36.6,12.3,158.8,1450,hub_milagro_01
2026-02-21T12:20:19.532Z,91.5018315018315,74.11477411477412,19.956043956043956,1,35.9,12.1,155.7,1450,hub_milagro_01
2026-02-21T12:22:24.133Z,91.28205128205128,74.26129426129427,19.956043956043956,0,36.1,12.1,157.1,1450,hub_milagro_01
2026-02-21T12:24:25.315Z,91.08669108669109,74.28571428571429,19.926739926739927,1,36.1,12.0,157.9,1450,hub_milagro_01
2026-02-21T12:26:27.995Z,90.84249084249085,74.23687423687424,20.014652014652015,1,36.5,12.1,158.5,1450,hub_milagro_01
2026-02-21T12:28:26.833Z,90.57387057387058,74.35897435897436,19.956043956043956,1,35.4,12.0,159.2,1450,hub_milagro_01
2026-02-21T12:30:27.783Z,90.37851037851038,74.35897435897436,20.102564102564102,1,37.0,12.2,156.4,1450,hub_milagro_01
2026-02-21T12:32:27.980Z,90.25641025641026,74.43223443223444,20.13186813186813,1,36.5,12.2,158.5,1450,hub_milagro_01
2026-02-21T12:34:28.795Z,89.98778998779,74.43223443223444,20.073260073260073,1,36.0,12.1,159.4,1450,hub_milagro_01
2026-02-21T12:36:33.535Z,89.71916971916973,74.45665445665446,20.102564102564102,1,36.0,12.0,158.6,1450,hub_milagro_01
2026-02-21T12:38:33.843Z,89.54822954822956,74.45665445665446,20.249084249084248,0,36.9,12.1,159.1,1450,hub_milagro_01
2026-02-21T12:40:33.864Z,89.40170940170941,74.50549450549451,20.19047619047619,0,36.4,12.0,157.2,1450,hub_milagro_01
2026-02-21T12:42:32.589Z,89.10866910866912,74.57875457875458,20.336996336996336,1,35.8,12.1,158.8,1450,hub_milagro_01
2026-02-21T12:44:37.627Z,88.93772893772893,74.52991452991454,20.336996336996336,1,35.6,12.1,159.2,1450,hub_milagro_01
2026-02-21T12:46:39.840Z,88.71794871794872,74.55433455433456,20.395604395604394,1,36.1,12.1,158.4,1450,hub_milagro_01
2026-02-21T12:48:38.291Z,88.57142857142857,74.60317460317461,20.366300366300365,1,37.1,12.2,161.4,1450,hub_milagro_01
2026-02-21T12:50:38.334Z,88.35164835164835,74.57875457875458,20.454212454212453,0,36.3,12.1,158.7,1450,hub_milagro_01
2026-02-21T12:52:38.152Z,88.2051282051282,74.62759462759463,20.483516483516482,1,37.0,12.2,158.8,1450,hub_milagro_01
2026-02-21T12:54:39.021Z,88.05860805860806,74.67643467643468,20.54212454212454,1,36.7,12.1,159.0,1450,hub_milagro_01
2026-02-21T12:56:44.917Z,87.88766788766789,74.74969474969475,20.6007326007326,1,35.8,12.1,159.3,1450,hub_milagro_01
2026-02-21T12:58:45.513Z,87.6923076923077,74.74969474969475,20.6007326007326,1,36.2,12.1,157.6,1450,hub_milagro_01
2026-02-21T13:00:48.412Z,87.44810744810745,74.7008547008547,20.6007326007326,1,36.3,12.1,159.4,1450,hub_milagro_01
2026-02-21T13:02:49.893Z,87.27716727716728,74.7008547008547,20.6007326007326,1,36.6,12.1,160.1,1450,hub_milagro_01
2026-02-21T13:04:50.289Z,87.13064713064713,74.7008547008547,20.659340659340657,0,36.0,11.9,160.5,1450,hub_milagro_01
2026-02-21T13:06:54.093Z,86.95970695970696,74.7008547008547,20.6007326007326,1,36.3,12.0,159.1,1450,hub_milagro_01
2026-02-21T13:08:55.236Z,86.6910866910867,74.67643467643468,20.483516483516482,0,37.0,12.0,157.3,1450,hub_milagro_01
2026-02-21T13:10:56.348Z,86.5934065934066,74.72527472527473,20.54212454212454,0,35.9,12.1,158.3,1450,hub_milagro_01
2026-02-21T13:12:58.197Z,86.3980463980464,74.67643467643468,20.54212454212454,1,36.7,12.2,159.0,1450,hub_milagro_01
2026-02-21T13:14:59.458Z,86.20268620268621,74.62759462759463,20.454212454212453,1,35.6,12.1,159.2,1450,hub_milagro_01
2026-02-21T13:17:03.799Z,86.00732600732601,74.65201465201466,20.454212454212453,1,35.7,11.8,158.3,1450,hub_milagro_01
2026-02-21T13:19:04.994Z,85.73870573870573,74.7008547008547,20.395604395604394,1,36.7,12.1,156.6,1450,hub_milagro_01
2026-02-21T13:21:03.528Z,85.61660561660561,74.7985347985348,20.395604395604394,1,36.3,12.1,158.2,1450,hub_milagro_01
2026-02-21T13:23:08.620Z,85.39682539682539,74.77411477411478,20.307692307692307,1,35.9,12.0,155.7,1450,hub_milagro_01
2026-02-21T13:25:07.532Z,85.25030525030525,74.74969474969475,20.366300366300365,0,35.2,12.0,157.6,1450,hub_milagro_01
2026-02-21T13:27:06.747Z,85.05494505494505,74.84737484737485,20.366300366300365,1,37.1,12.0,160.1,1450,hub_milagro_01
2026-02-21T13:29:10.151Z,84.81074481074481,74.84737484737485,20.307692307692307,1,36.6,12.0,159.5,1450,hub_milagro_01
2026-02-21T13:31:12.964Z,84.68864468864469,74.84737484737485,20.16117216117216,1,36.5,11.9,160.4,1450,hub_milagro_01
2026-02-21T13:33:12.105Z,84.42002442002442,74.87179487179488,20.19047619047619,0,36.1,12.0,157.5,1450,hub_milagro_01
2026-02-21T13:35:12.212Z,84.24908424908425,74.87179487179488,20.16117216117216,1,36.5,12.0,157.4,1450,hub_milagro_01
2026-02-21T13:37:16.302Z,84.15140415140415,74.87179487179488,20.19047619047619,0,36.3,12.0,158.0,1450,hub_milagro_01
2026-02-21T13:39:19.192Z,83.98046398046398,74.92063492063492,20.073260073260073,1,36.9,11.9,158.1,1450,hub_milagro_01
2026-02-21T13:41:23.825Z,83.78510378510379,75.01831501831502,20.13186813186813,1,36.4,4.3,158.2,1450,hub_milagro_01
2026-02-21T13:43:28.021Z,83.56532356532357,75.0915750915751,20.073260073260073,0,35.9,12.1,158.1,1450,hub_milagro_01
2026-02-21T13:45:32.925Z,83.68742368742369,75.0915750915751,20.014652014652015,1,36.5,12.1,159.1,1450,hub_milagro_01
2026-02-21T13:47:34.684Z,83.73626373626374,75.0915750915751,19.985347985347985,1,36.4,12.0,156.6,1450,hub_milagro_01
2026-02-21T13:49:34.170Z,83.93162393162393,75.14041514041514,19.897435897435898,1,35.7,11.8,159.2,1450,hub_milagro_01
2026-02-21T13:51:38.110Z,84.02930402930403,75.14041514041514,19.897435897435898,1,37.2,4.1,158.3,1450,hub_milagro_01
2026-02-21T13:53:41.639Z,84.12698412698413,75.11599511599512,19.83882783882784,1,36.1,11.9,158.3,1450,hub_milagro_01
2026-02-21T13:55:45.689Z,84.2002442002442,75.0915750915751,19.83882783882784,1,36.6,11.8,157.0,1450,hub_milagro_01
2026-02-21T13:57:47.667Z,84.37118437118437,75.16483516483517,19.83882783882784,1,36.5,12.1,158.3,1450,hub_milagro_01
2026-02-21T13:59:46.026Z,84.44444444444444,75.16483516483517,19.78021978021978,1,35.9,12.0,158.6,1450,hub_milagro_01
2026-02-21T14:01:46.649Z,84.56654456654456,75.14041514041514,19.80952380952381,1,35.8,6.8,160.7,1450,hub_milagro_01
2026-02-21T14:03:50.665Z,84.68864468864469,75.21367521367522,19.692307692307693,1,36.2,11.9,158.4,1450,hub_milagro_01
2026-02-21T14:05:53.504Z,84.78632478632478,75.11599511599512,19.750915750915752,1,36.3,12.0,161.9,1450,hub_milagro_01
2026-02-21T14:07:56.588Z,84.85958485958486,75.16483516483517,19.663003663003664,1,36.8,12.0,159.1,1450,hub_milagro_01
2026-02-21T14:09:57.735Z,84.98168498168498,75.14041514041514,19.604395604395606,1,36.1,11.9,160.4,1450,hub_milagro_01
2026-02-21T14:12:01.107Z,85.05494505494505,75.23809523809524,19.633699633699635,1,36.0,11.8,160.1,1450,hub_milagro_01
2026-02-21T14:14:05.966Z,85.22588522588522,75.14041514041514,19.633699633699635,1,36.6,11.8,159.8,1450,hub_milagro_01
2026-02-21T14:16:04.067Z,85.37240537240537,75.21367521367522,19.604395604395606,1,36.1,11.9,158.8,1450,hub_milagro_01
2026-02-21T14:18:07.658Z,85.47008547008546,75.14041514041514,19.48717948717949,1,36.2,11.9,159.9,1450,hub_milagro_01
2026-02-21T14:20:08.808Z,85.51892551892551,75.16483516483517,19.545787545787547,1,36.3,11.8,159.6,1450,hub_milagro_01
2026-02-21T14:22:09.722Z,85.66544566544566,75.16483516483517,19.42857142857143,1,36.1,11.7,157.5,1450,hub_milagro_01
2026-02-21T14:24:10.172Z,85.83638583638583,75.18925518925519,19.45787545787546,1,36.4,12.0,156.8,1450,hub_milagro_01
2026-02-21T14:26:12.121Z,85.86080586080585,75.16483516483517,19.45787545787546,1,37.0,11.8,158.5,1450,hub_milagro_01
2026-02-21T14:28:12.805Z,86.00732600732601,75.18925518925519,19.45787545787546,1,37.3,11.9,159.8,1450,hub_milagro_01
2026-02-21T14:30:17.321Z,86.17826617826618,75.14041514041514,19.516483516483518,1,37.1,11.9,159.0,1450,hub_milagro_01
2026-02-21T14:32:17.396Z,86.20268620268621,75.21367521367522,19.604395604395606,0,35.7,11.7,159.5,1450,hub_milagro_01
2026-02-21T14:34:20.786Z,86.42246642246643,75.0915750915751,19.633699633699635,1,35.9,11.9,158.1,1450,hub_milagro_01
2026-02-21T14:36:21.706Z,86.54456654456655,75.16483516483517,19.575091575091577,1,36.2,11.8,160.1,1450,hub_milagro_01
2026-02-21T14:38:26.164Z,86.61782661782662,75.06715506715507,19.575091575091577,0,36.9,11.9,161.5,1450,hub_milagro_01
2026-02-21T14:40:26.044Z,86.73992673992674,75.0915750915751,19.663003663003664,1,35.8,12.0,159.3,1450,hub_milagro_01
2026-02-21T14:42:30.063Z,86.81318681318682,75.16483516483517,19.750915750915752,1,36.1,11.8,158.5,1450,hub_milagro_01
2026-02-21T14:44:32.639Z,86.98412698412699,75.14041514041514,19.692307692307693,1,36.2,11.9,160.4,1450,hub_milagro_01
2026-02-21T14:46:35.554Z,86.95970695970696,75.0915750915751,19.721611721611723,1,36.1,11.8,160.5,1450,hub_milagro_01
2026-02-21T14:48:37.779Z,87.00854700854701,75.23809523809524,19.721611721611723,0,36.5,11.7,159.8,1450,hub_milagro_01
2026-02-21T14:50:41.130Z,87.08180708180709,75.23809523809524,19.83882783882784,1,36.4,11.9,159.0,1450,hub_milagro_01
2026-02-21T14:52:45.693Z,87.03296703296704,75.28693528693529,19.750915750915752,0,36.1,11.8,158.5,1450,hub_milagro_01
2026-02-21T14:54:45.157Z,87.10622710622711,75.28693528693529,19.83882783882784,1,36.6,12.0,156.9,1450,hub_milagro_01
2026-02-21T14:56:45.540Z,87.13064713064713,75.26251526251527,19.926739926739927,1,36.0,11.8,161.0,1450,hub_milagro_01
2026-02-21T14:58:49.784Z,87.10622710622711,75.28693528693529,19.897435897435898,1,36.6,11.8,160.8,1450,hub_milagro_01
2026-02-21T15:00:50.321Z,87.13064713064713,75.31135531135531,19.86813186813187,1,35.9,11.8,158.9,1450,hub_milagro_01
2026-02-21T15:02:49.413Z,87.27716727716728,75.33577533577534,19.926739926739927,0,36.9,11.8,159.1,1450,hub_milagro_01
2026-02-21T15:04:49.134Z,87.22832722832723,75.38461538461539,19.985347985347985,1,36.6,11.8,158.3,1450,hub_milagro_01
2026-02-21T15:06:50.660Z,87.32600732600733,75.40903540903541,20.043956043956044,1,36.3,11.8,158.6,1450,hub_milagro_01
2026-02-21T15:08:51.859Z,87.25274725274726,75.38461538461539,19.985347985347985,1,36.3,11.6,157.4,1450,hub_milagro_01
2026-02-21T15:10:51.309Z,87.3992673992674,75.40903540903541,20.043956043956044,1,36.3,11.8,158.9,1450,hub_milagro_01
2026-02-21T15:12:56.506Z,87.42368742368743,75.43345543345544,20.043956043956044,1,36.6,11.9,159.6,1450,hub_milagro_01
2026-02-21T15:15:00.914Z,87.37484737484738,75.43345543345544,20.102564102564102,0,36.6,11.9,157.3,1450,hub_milagro_01
2026-02-21T15:17:02.073Z,87.47252747252747,75.38461538461539,20.16117216117216,1,36.2,11.7,160.0,1450,hub_milagro_01
2026-02-21T15:19:04.287Z,87.47252747252747,75.28693528693529,20.073260073260073,1,36.8,11.7,160.5,1450,hub_milagro_01
2026-02-21T15:21:06.263Z,87.4969474969475,75.33577533577534,20.16117216117216,1,36.8,11.6,159.6,1450,hub_milagro_01
2026-02-21T15:23:08.080Z,87.57020757020757,75.36019536019536,20.19047619047619,0,36.5,11.7,161.5,1450,hub_milagro_01
2026-02-21T15:25:11.306Z,87.52136752136752,75.33577533577534,20.249084249084248,1,36.4,11.7,158.3,1450,hub_milagro_01
2026-02-21T15:27:15.571Z,87.54578754578755,75.33577533577534,20.19047619047619,0,36.5,11.8,159.3,1450,hub_milagro_01
2026-02-21T15:29:15.285Z,87.66788766788767,75.36019536019536,20.21978021978022,1,36.9,11.7,157.4,1450,hub_milagro_01
2026-02-21T15:31:19.900Z,87.6923076923077,75.33577533577534,20.19047619047619,0,37.2,11.6,157.1,1450,hub_milagro_01
2026-02-21T15:33:19.291Z,87.64346764346764,75.36019536019536,20.307692307692307,0,36.5,11.7,160.9,1450,hub_milagro_01
2026-02-21T15:35:23.173Z,87.78998778998779,75.38461538461539,20.366300366300365,1,36.4,11.8,158.7,1450,hub_milagro_01
2026-02-21T15:37:27.662Z,87.78998778998779,75.36019536019536,20.278388278388277,1,36.3,11.5,159.0,1450,hub_milagro_01
2026-02-21T15:39:31.626Z,87.78998778998779,75.40903540903541,20.395604395604394,0,36.4,11.7,157.7,1450,hub_milagro_01
2026-02-21T15:41:33.158Z,87.81440781440782,75.43345543345544,20.424908424908423,1,36.8,11.8,159.2,1450,hub_milagro_01
2026-02-21T15:43:35.441Z,87.93650793650794,75.45787545787546,20.424908424908423,1,36.7,11.6,159.0,1450,hub_milagro_01
2026-02-21T15:45:39.357Z,87.96092796092796,75.36019536019536,20.454212454212453,1,36.6,11.8,158.5,1450,hub_milagro_01
2026-02-21T15:47:41.646Z,87.86324786324786,75.48229548229548,20.424908424908423,1,36.4,11.9,158.2,1450,hub_milagro_01
2026-02-21T15:49:44.949Z,87.81440781440782,75.48229548229548,20.51282051282051,1,36.1,11.8,157.7,1450,hub_milagro_01
2026-02-21T15:51:48.754Z,87.78998778998779,75.40903540903541,20.57142857142857,0,36.7,11.6,159.5,1450,hub_milagro_01
2026-02-21T15:53:47.532Z,87.71672771672772,75.38461538461539,20.57142857142857,1,36.6,11.7,157.1,1450,hub_milagro_01
2026-02-21T15:55:50.495Z,87.64346764346764,75.43345543345544,20.6007326007326,1,36.0,11.8,158.5,1450,hub_milagro_01
2026-02-21T15:57:51.849Z,87.5946275946276,75.36019536019536,20.659340659340657,1,36.9,11.8,158.1,1450,hub_milagro_01
2026-02-21T15:59:55.183Z,87.61904761904762,75.43345543345544,20.747252747252745,0,37.5,6.1,158.8,1450,hub_milagro_01
2026-02-21T16:01:56.990Z,87.61904761904762,75.40903540903541,20.805860805860803,1,36.1,11.7,158.9,1450,hub_milagro_01
2026-02-21T16:03:58.295Z,87.52136752136752,75.33577533577534,20.805860805860803,1,36.4,11.7,159.3,1450,hub_milagro_01
2026-02-21T16:05:59.098Z,87.44810744810745,75.38461538461539,20.86446886446886,1,36.6,4.0,159.0,1450,hub_milagro_01
2026-02-21T16:08:03.082Z,87.37484737484738,75.33577533577534,20.92307692307692,0,36.1,11.9,159.2,1450,hub_milagro_01
2026-02-21T16:10:06.806Z,87.35042735042735,75.26251526251527,20.981684981684978,1,36.3,11.8,159.5,1450,hub_milagro_01
2026-02-21T16:12:07.771Z,87.3015873015873,75.31135531135531,20.92307692307692,1,37.1,11.7,159.0,1450,hub_milagro_01
2026-02-21T16:14:09.935Z,87.32600732600733,75.31135531135531,20.92307692307692,1,36.3,12.0,160.0,1450,hub_milagro_01
