createdAt,air_humidity_percent,soil_humidity_percent,celcius_grade_temperature,precipitation_detected,nitrogen_mg_kg,phosphorus_mg_kg,potassium_mg_kg,altitude_masl,deviceHubId
2025-11-12T11:16:04.025Z,74.55433455433456,44.12698412698413,17.904761904761905,0,32.7,11.8,138.5,1450,hub_milagro_01
2025-11-12T11:18:03.203Z,74.74969474969475,44.175824175824175,18.021978021978022,0,0.0,11.7,138.4,1450,hub_milagro_01
2025-11-12T11:20:08.344Z,74.77411477411478,44.15140415140415,17.963369963369964,0,33.3,11.7,139.1,1450,hub_milagro_01
2025-11-12T11:22:12.633Z,74.993894993895,44.12698412698413,17.963369963369964,0,33.0,11.2,134.1,1450,hub_milagro_01
2025-11-12T11:24:15.373Z,75.06715506715507,44.224664224664224,17.963369963369964,0,31.9,12.1,139.0,1450,hub_milagro_01
2025-11-12T11:26:20.655Z,75.28693528693529,44.15140415140415,17.934065934065934,0,33.7,12.0,135.5,1450,hub_milagro_01
2025-11-12T11:28:24.322Z,75.36019536019536,44.224664224664224,18.021978021978022,0,32.7,11.5,136.5,1450,hub_milagro_01
2025-11-12T11:30:24.141Z,75.55555555555556,44.1025641025641,17.934065934065934,0,34.1,11.4,136.3,1450,hub_milagro_01
2025-11-12T11:32:24.566Z,75.65323565323565,44.224664224664224,17.934065934065934,0,32.0,12.1,101.3,1450,hub_milagro_01
2025-11-12T11:34:28.995Z,75.75091575091575,44.07814407814408,17.992673992673993,0,34.4,11.6,142.6,1450,hub_milagro_01
2025-11-12T11:36:30.000Z,75.77533577533578,44.07814407814408,18.05128205128205,0,34.7,12.2,145.3,1450,hub_milagro_01
2025-11-12T11:38:31.070Z,76.06837606837607,44.07814407814408,18.08058608058608,0,32.4,11.8,143.2,1450,hub_milagro_01
2025-11-12T11:40:35.205Z,76.16605616605617,44.175824175824175,18.08058608058608,0,33.3,12.2,142.9,1450,hub_milagro_01
2025-11-12T11:42:33.724Z,76.16605616605617,44.05372405372405,18.021978021978022,0,34.9,11.4,141.5,1450,hub_milagro_01
2025-11-12T11:44:35.803Z,76.31257631257631,44.05372405372405,18.10989010989011,0,32.7,11.8,144.1,1450,hub_milagro_01
2025-11-12T11:46:36.347Z,76.43467643467643,44.05372405372405,18.021978021978022,0,33.2,11.8,144.8,1450,hub_milagro_01
2025-11-12T11:48:38.051Z,76.67887667887669,44.02930402930403,18.168498168498168,0,35.6,12.3,149.8,1450,hub_milagro_01
2025-11-12T11:50:40.399Z,76.80097680097681,44.1025641025641,18.227106227106226,0,33.7,12.1,149.4,1450,hub_milagro_01
2025-11-12T11:52:38.753Z,76.82539682539684,44.02930402930403,18.197802197802197,0,33.2,11.9,152.0,1450,hub_milagro_01
2025-11-12T11:54:37.882Z,77.02075702075703,44.07814407814408,18.08058608058608,0,34.9,11.5,144.4,1450,hub_milagro_01
2025-11-12T11:56:38.271Z,77.16727716727718,44.1025641025641,18.227106227106226,0,34.7,12.4,153.7,1450,hub_milagro_01
2025-11-12T11:58:40.135Z,77.1916971916972,44.07814407814408,18.10989010989011,0,34.3,11.9,150.5,1450,hub_milagro_01
2025-11-12T12:00:42.954Z,77.33821733821735,44.02930402930403,18.13919413919414,0,36.2,12.2,147.3,1450,hub_milagro_01
2025-11-12T12:02:44.257Z,77.41147741147742,44.004884004884005,18.315018315018314,0,35.6,12.3,147.0,1450,hub_milagro_01
2025-11-12T12:04:47.574Z,77.65567765567766,44.05372405372405,18.13919413919414,0,35.5,12.4,153.1,1450,hub_milagro_01
2025-11-12T12:06:51.920Z,77.68009768009769,44.15140415140415,18.315018315018314,0,34.3,12.3,156.9,1450,hub_milagro_01
2025-11-12T12:08:56.830Z,77.77777777777779,44.05372405372405,18.256410256410255,0,36.3,11.9,158.1,1450,hub_milagro_01
2025-11-12T12:10:56.893Z,77.92429792429793,44.07814407814408,18.285714285714285,0,36.7,12.0,152.6,1450,hub_milagro_01
2025-11-12T12:13:00.990Z,78.11965811965813,44.15140415140415,18.285714285714285,0,35.6,12.6,155.6,1450,hub_milagro_01
2025-11-12T12:15:00.111Z,78.24175824175825,44.175824175824175,18.285714285714285,0,35.5,12.2,108.3,1450,hub_milagro_01
2025-11-12T12:17:02.736Z,78.36385836385837,44.05372405372405,18.4029304029304,0,35.8,11.7,158.4,1450,hub_milagro_01
2025-11-12T12:19:03.418Z,78.2905982905983,44.12698412698413,18.43223443223443,0,35.2,12.1,161.9,1450,hub_milagro_01
2025-11-12T12:21:01.293Z,78.33943833943835,44.12698412698413,18.46153846153846,0,36.9,12.1,157.6,1450,hub_milagro_01
2025-11-12T12:23:01.527Z,78.26617826617827,44.02930402930403,18.43223443223443,0,37.5,12.4,160.7,1450,hub_milagro_01
2025-11-12T12:25:05.074Z,78.31501831501832,44.05372405372405,18.46153846153846,0,37.4,12.1,158.7,1450,hub_milagro_01
2025-11-12T12:27:08.224Z,78.31501831501832,44.12698412698413,18.49084249084249,0,35.5,12.0,163.9,1450,hub_milagro_01
2025-11-12T12:29:13.912Z,78.33943833943835,44.15140415140415,18.52014652014652,0,36.8,12.7,160.6,1450,hub_milagro_01
2025-11-12T12:31:14.796Z,78.21733821733822,44.1025641025641,18.52014652014652,0,37.0,12.5,159.3,1450,hub_milagro_01
2025-11-12T12:33:13.219Z,78.24175824175825,44.15140415140415,18.46153846153846,0,64.8,11.9,166.0,1450,hub_milagro_01
2025-11-12T12:35:15.965Z,78.26617826617827,44.224664224664224,18.578754578754577,0,38.6,12.6,163.8,1450,hub_milagro_01
2025-11-12T12:37:17.398Z,78.33943833943835,44.15140415140415,18.578754578754577,0,38.2,12.7,168.4,1450,hub_milagro_01
2025-11-12T12:39:16.438Z,78.21733821733822,44.07814407814408,18.578754578754577,0,37.0,12.2,164.5,1450,hub_milagro_01
2025-11-12T12:41:20.481Z,78.16849816849818,44.15140415140415,18.666666666666664,0,37.0,11.9,170.2,1450,hub_milagro_01
2025-11-12T12:43:20.484Z,78.1929181929182,44.175824175824175,18.754578754578752,0,38.6,12.7,163.1,1450,hub_milagro_01
2025-11-12T12:45:19.026Z,78.2905982905983,44.15140415140415,18.81318681318681,0,37.8,12.6,162.9,1450,hub_milagro_01
2025-11-12T12:47:22.123Z,78.31501831501832,44.05372405372405,18.901098901098898,0,37.8,12.4,166.6,1450,hub_milagro_01
2025-11-12T12:49:27.650Z,78.26617826617827,44.07814407814408,18.930402930402927,0,38.2,12.7,173.2,1450,hub_milagro_01
2025-11-12T12:51:30.274Z,78.2905982905983,44.05372405372405,18.930402930402927,0,37.9,12.4,171.8,1450,hub_milagro_01
2025-11-12T12:53:32.363Z,78.1929181929182,44.15140415140415,19.047619047619044,0,39.3,12.3,165.2,1450,hub_milagro_01
2025-11-12T12:55:35.661Z,78.2905982905983,44.02930402930403,19.13553113553114,0,37.6,12.2,172.7,1450,hub_milagro_01
2025-11-12T12:57:38.338Z,78.1929181929182,44.07814407814408,19.223443223443226,0,38.2,12.1,168.5,1450,hub_milagro_01
2025-11-12T12:59:40.741Z,78.24175824175825,44.12698412698413,19.369963369963372,0,38.4,12.1,167.8,1450,hub_milagro_01
2025-11-12T13:01:45.566Z,78.24175824175825,44.175824175824175,19.311355311355314,0,40.0,12.2,165.3,1450,hub_milagro_01
2025-11-12T13:03:49.116Z,78.1929181929182,44.02930402930403,19.42857142857143,0,39.6,12.8,166.0,1450,hub_milagro_01
2025-11-12T13:05:51.610Z,78.26617826617827,44.1025641025641,19.45787545787546,0,39.1,13.0,166.7,1450,hub_milagro_01
2025-11-12T13:07:50.781Z,78.16849816849818,44.15140415140415,19.516483516483518,0,38.4,12.3,168.6,1450,hub_milagro_01
2025-11-12T13:09:50.289Z,78.11965811965813,44.12698412698413,19.633699633699635,0,39.0,12.4,170.2,1450,hub_milagro_01
2025-11-12T13:11:50.272Z,78.11965811965813,44.02930402930403,19.633699633699635,0,40.8,12.7,169.9,1450,hub_milagro_01
2025-11-12T13:13:50.552Z,78.21733821733822,44.004884004884005,19.692307692307693,0,41.2,12.9,167.0,1450,hub_milagro_01
2025-11-12T13:15:49.783Z,78.1929181929182,44.004884004884005,19.83882783882784,0,41.0,12.4,165.4,1450,hub_milagro_01
2025-11-12T13:17:54.481Z,78.14407814407815,44.12698412698413,19.897435897435898,0,39.1,12.4,163.6,1450,hub_milagro_01
2025-11-12T13:19:53.258Z,78.02197802197803,44.15140415140415,20.102564102564102,0,40.3,13.2,165.4,1450,hub_milagro_01
2025-11-12T13:21:56.778Z,77.89987789987791,44.05372405372405,20.043956043956044,0,41.5,12.7,165.1,1450,hub_milagro_01
2025-11-12T13:23:58.565Z,77.80219780219781,44.02930402930403,20.102564102564102,0,40.1,12.4,165.8,1450,hub_milagro_01
2025-11-12T13:26:03.249Z,77.53357753357754,44.05372405372405,20.19047619047619,0,41.4,12.8,165.5,1450,hub_milagro_01
2025-11-12T13:28:05.840Z,77.36263736263737,44.2002442002442,20.366300366300365,0,40.3,13.3,160.9,1450,hub_milagro_01
2025-11-12T13:30:06.329Z,77.1916971916972,44.12698412698413,20.454212454212453,0,39.7,13.2,159.4,1450,hub_milagro_01
2025-11-12T13:32:10.667Z,77.02075702075703,44.02930402930403,20.454212454212453,0,40.0,12.9,163.3,1450,hub_milagro_01
2025-11-12T13:34:11.670Z,76.94749694749696,44.12698412698413,20.454212454212453,0,41.3,12.7,160.8,1450,hub_milagro_01
2025-11-12T13:36:12.735Z,76.87423687423689,44.07814407814408,20.6007326007326,0,38.4,12.4,159.5,1450,hub_milagro_01
2025-11-12T13:38:15.893Z,76.70329670329672,44.02930402930403,20.630036630036628,0,41.0,12.4,160.5,1450,hub_milagro_01
2025-11-12T13:40:18.174Z,76.5811965811966,44.07814407814408,20.776556776556774,0,40.1,12.6,116.8,1450,hub_milagro_01
2025-11-12T13:42:23.693Z,76.36141636141636,44.05372405372405,20.747252747252745,0,41.1,12.7,160.7,1450,hub_milagro_01
2025-11-12T13:44:22.390Z,76.19047619047619,44.1025641025641,20.92307692307692,0,39.0,13.4,157.0,1450,hub_milagro_01
2025-11-12T13:46:25.508Z,76.14163614163614,44.12698412698413,20.95238095238095,0,38.7,13.3,151.9,1450,hub_milagro_01
2025-11-12T13:48:24.099Z,75.84859584859585,44.004884004884005,21.098901098901095,0,40.4,12.5,152.6,1450,hub_milagro_01
2025-11-12T13:50:28.897Z,75.7997557997558,43.98046398046398,21.157509157509153,0,40.4,12.7,156.5,1450,hub_milagro_01
2025-11-12T13:52:33.144Z,75.7020757020757,44.05372405372405,21.128205128205124,0,60.8,13.5,157.2,1450,hub_milagro_01
2025-11-12T13:54:36.688Z,75.55555555555556,44.05372405372405,21.27472527472527,0,40.6,12.6,149.2,1450,hub_milagro_01
2025-11-12T13:56:35.843Z,75.31135531135531,44.05372405372405,21.391941391941387,0,39.0,12.7,155.6,1450,hub_milagro_01
2025-11-12T13:58:36.686Z,75.21367521367522,44.004884004884005,21.479853479853475,0,39.5,13.3,154.3,1450,hub_milagro_01
2025-11-12T14:00:40.222Z,75.11599511599512,43.98046398046398,21.421245421245416,0,37.9,13.2,150.2,1450,hub_milagro_01
2025-11-12T14:02:44.465Z,74.94505494505495,44.05372405372405,21.509157509157504,0,39.4,12.6,151.9,1450,hub_milagro_01
2025-11-12T14:04:44.221Z,74.72527472527473,44.07814407814408,21.59706959706959,0,38.0,13.4,143.4,1450,hub_milagro_01
2025-11-12T14:06:47.026Z,74.67643467643468,44.07814407814408,21.68498168498168,0,38.2,12.8,144.4,1450,hub_milagro_01
2025-11-12T14:08:50.525Z,74.48107448107449,43.956043956043956,21.802197802197796,0,40.3,12.5,149.8,1450,hub_milagro_01
2025-11-12T14:10:52.411Z,74.31013431013432,44.05372405372405,21.772893772893767,0,40.1,12.6,142.1,1450,hub_milagro_01
2025-11-12T14:12:53.611Z,74.21245421245422,44.02930402930403,21.948717948717956,0,38.6,13.3,141.7,1450,hub_milagro_01
2025-11-12T14:14:57.423Z,74.04151404151405,44.004884004884005,22.036630036630044,0,39.4,12.8,143.0,1450,hub_milagro_01
2025-11-12T14:16:56.442Z,73.87057387057388,44.1025641025641,22.15384615384616,0,37.6,12.5,148.7,1450,hub_milagro_01
2025-11-12T14:18:57.937Z,73.77289377289378,43.98046398046398,22.15384615384616,0,38.2,13.0,140.6,1450,hub_milagro_01
2025-11-12T14:21:01.587Z,73.69963369963371,44.05372405372405,22.271062271062277,0,40.0,13.2,143.9,1450,hub_milagro_01
2025-11-12T14:23:01.719Z,73.47985347985349,43.93162393162393,22.329670329670336,0,37.6,12.6,143.6,1450,hub_milagro_01
2025-11-12T14:25:02.464Z,73.38217338217338,44.07814407814408,22.388278388278394,0,38.0,13.3,142.3,1450,hub_milagro_01
2025-11-12T14:27:03.434Z,73.3089133089133,44.004884004884005,22.50549450549451,0,37.6,12.9,139.1,1450,hub_milagro_01
2025-11-12T14:29:03.613Z,73.18681318681318,43.98046398046398,22.53479853479854,0,39.2,13.1,137.9,1450,hub_milagro_01
2025-11-12T14:31:03.572Z,73.08913308913309,43.956043956043956,22.739926739926744,0,38.0,13.1,138.6,1450,hub_milagro_01
2025-11-12T14:33:06.296Z,72.96703296703296,43.98046398046398,22.652014652014657,0,39.2,13.0,141.9,1450,hub_milagro_01
2025-11-12T14:35:08.405Z,72.86935286935287,43.98046398046398,22.85714285714286,0,37.7,12.5,138.0,1450,hub_milagro_01
2025-11-12T14:37:12.834Z,72.74725274725274,44.004884004884005,22.798534798534803,0,37.2,12.9,139.8,1450,hub_milagro_01
2025-11-12T14:39:16.459Z,72.74725274725274,44.07814407814408,23.003663003663007,0,39.6,12.6,141.2,1450,hub_milagro_01
2025-11-12T14:41:18.360Z,72.6007326007326,44.02930402930403,23.003663003663007,0,36.7,12.7,134.5,1450,hub_milagro_01
2025-11-12T14:43:21.977Z,72.5030525030525,44.07814407814408,23.032967032967036,0,38.2,12.5,137.8,1450,hub_milagro_01
2025-11-12T14:45:26.086Z,72.33211233211233,43.956043956043956,23.120879120879124,0,38.6,13.3,137.1,1450,hub_milagro_01
2025-11-12T14:47:29.053Z,72.28327228327228,43.93162393162393,23.32600732600733,0,37.4,12.8,135.9,1450,hub_milagro_01
2025-11-12T14:49:28.679Z,72.18559218559218,44.05372405372405,23.2967032967033,0,38.4,12.6,138.1,1450,hub_milagro_01
2025-11-12T14:51:31.848Z,72.13675213675214,43.93162393162393,23.472527472527474,0,38.2,12.7,135.9,1450,hub_milagro_01
2025-11-12T14:53:31.140Z,72.08791208791209,44.07814407814408,23.472527472527474,0,36.5,13.0,140.8,1450,hub_milagro_01
2025-11-12T14:55:32.166Z,71.99023199023199,44.05372405372405,23.61904761904762,0,38.6,12.4,137.0,1450,hub_milagro_01
2025-11-12T14:57:35.459Z,71.7948717948718,44.1025641025641,23.58974358974359,0,38.5,13.1,134.7,1450,hub_milagro_01
2025-11-12T14:59:37.428Z,71.67277167277167,44.07814407814408,23.794871794871796,0,37.9,13.1,133.4,1450,hub_milagro_01
2025-11-12T15:01:36.085Z,71.62393162393163,44.02930402930403,23.765567765567766,0,36.4,12.6,142.4,1450,hub_milagro_01
2025-11-12T15:03:38.241Z,71.5018315018315,43.956043956043956,23.765567765567766,0,36.0,13.1,141.5,1450,hub_milagro_01
2025-11-12T15:05:41.142Z,71.42857142857143,44.004884004884005,23.94139194139194,0,35.9,12.2,135.8,1450,hub_milagro_01
2025-11-12T15:07:42.308Z,71.35531135531136,44.05372405372405,23.94139194139194,0,38.2,12.6,134.5,1450,hub_milagro_01
2025-11-12T15:09:41.439Z,71.20879120879121,44.05372405372405,24.05860805860806,0,37.0,12.8,134.4,1450,hub_milagro_01
2025-11-12T15:11:44.399Z,71.20879120879121,44.004884004884005,24.087912087912088,0,38.6,12.4,133.8,1450,hub_milagro_01
2025-11-12T15:13:47.340Z,71.08669108669109,44.004884004884005,24.205128205128204,0,38.1,12.3,141.6,1450,hub_milagro_01
2025-11-12T15:15:51.468Z,70.91575091575092,44.1025641025641,24.263736263736263,0,36.2,12.1,143.3,1450,hub_milagro_01
2025-11-12T15:17:50.365Z,70.96459096459097,44.07814407814408,24.293040293040292,0,36.5,12.2,137.8,1450,hub_milagro_01
2025-11-12T15:19:52.509Z,70.81807081807082,44.004884004884005,24.556776556776555,0,37.9,12.8,135.0,1450,hub_milagro_01
2025-11-12T15:21:55.313Z,70.72039072039072,43.98046398046398,24.498168498168496,0,37.7,12.4,134.8,1450,hub_milagro_01
2025-11-12T15:24:00.076Z,70.5982905982906,44.05372405372405,24.439560439560438,0,38.1,12.7,144.0,1450,hub_milagro_01
2025-11-12T15:26:04.375Z,70.47619047619048,44.05372405372405,24.439560439560438,0,36.3,12.5,138.4,1450,hub_milagro_01
2025-11-12T15:28:04.983Z,70.42735042735043,44.02930402930403,24.439560439560438,0,37.5,12.9,136.0,1450,hub_milagro_01
2025-11-12T15:30:09.204Z,70.32967032967034,44.05372405372405,24.439560439560438,0,36.6,12.7,144.9,1450,hub_milagro_01
2025-11-12T15:32:12.297Z,70.28083028083027,44.07814407814408,24.41025641025641,0,38.3,12.7,136.8,1450,hub_milagro_01
2025-11-12T15:34:13.369Z,70.25641025641025,44.1025641025641,24.263736263736263,0,39.3,12.1,144.1,1450,hub_milagro_01
2025-11-12T15:36:15.588Z,70.23199023199022,43.98046398046398,24.234432234432234,0,37.8,12.6,138.8,1450,hub_milagro_01
2025-11-12T15:38:16.932Z,70.03663003663003,44.05372405372405,24.35164835164835,0,37.0,12.1,138.7,1450,hub_milagro_01
2025-11-12T15:40:16.650Z,69.98778998778998,44.05372405372405,24.205128205128204,0,37.6,12.5,140.7,1450,hub_milagro_01
2025-11-12T15:42:19.862Z,70.03663003663003,44.07814407814408,24.117216117216117,0,36.8,12.0,142.2,1450,hub_milagro_01
2025-11-12T15:44:21.642Z,69.86568986568986,44.004884004884005,24.234432234432234,0,37.6,12.7,139.9,1450,hub_milagro_01
2025-11-12T15:46:21.147Z,69.79242979242979,44.05372405372405,24.205128205128204,0,40.0,12.2,140.0,1450,hub_milagro_01
2025-11-12T15:48:23.144Z,69.74358974358974,44.1025641025641,24.087912087912088,0,39.0,12.1,144.8,1450,hub_milagro_01
2025-11-12T15:50:25.527Z,69.67032967032966,43.956043956043956,24.05860805860806,0,37.5,12.3,140.9,1450,hub_milagro_01
2025-11-12T15:52:29.688Z,69.54822954822954,44.1025641025641,24.087912087912088,0,37.7,12.0,139.1,1450,hub_milagro_01
2025-11-12T15:54:30.295Z,69.54822954822954,44.1025641025641,24.05860805860806,0,39.1,12.7,142.8,1450,hub_milagro_01
2025-11-12T15:56:32.374Z,69.4993894993895,44.05372405372405,23.94139194139194,0,38.8,11.9,137.1,1450,hub_milagro_01
2025-11-12T15:58:31.953Z,69.4017094017094,44.05372405372405,23.912087912087912,0,39.9,12.1,140.2,1450,hub_milagro_01
2025-11-12T16:00:32.689Z,69.37728937728937,44.004884004884005,23.94139194139194,0,40.2,12.5,143.9,1450,hub_milagro_01
2025-11-12T16:02:35.738Z,69.23076923076923,44.07814407814408,23.912087912087912,0,39.8,12.4,145.6,1450,hub_milagro_01
2025-11-12T16:04:33.321Z,69.25518925518925,44.004884004884005,23.882783882783883,0,39.3,12.6,146.5,1450,hub_milagro_01
2025-11-12T16:06:34.678Z,69.13308913308913,44.004884004884005,23.853479853479854,0,39.5,12.3,142.9,1450,hub_milagro_01
2025-11-12T16:08:36.980Z,69.05982905982906,44.004884004884005,23.853479853479854,0,41.1,12.7,145.3,1450,hub_milagro_01
2025-11-12T16:10:41.738Z,69.05982905982906,44.12698412698413,23.706959706959708,0,40.0,12.6,141.7,1450,hub_milagro_01
2025-11-12T16:12:40.946Z,69.01098901098901,44.07814407814408,23.736263736263737,0,39.2,12.6,140.6,1450,hub_milagro_01
2025-11-12T16:14:38.926Z,68.84004884004884,44.004884004884005,23.794871794871796,0,38.9,12.1,142.7,1450,hub_milagro_01
2025-11-12T16:16:41.901Z,68.88888888888889,44.004884004884005,23.706959706959708,0,41.0,12.0,141.0,1450,hub_milagro_01
2025-11-12T16:18:46.038Z,68.76678876678876,44.1025641025641,23.61904761904762,0,39.4,12.6,148.2,1450,hub_milagro_01
2025-11-12T16:20:50.009Z,68.64468864468864,44.02930402930403,23.67765567765568,0,39.8,12.7,143.8,1450,hub_milagro_01
2025-11-12T16:22:49.166Z,68.4981684981685,44.07814407814408,23.67765567765568,0,39.7,12.4,146.7,1450,hub_milagro_01
2025-11-12T16:24:53.527Z,68.37606837606837,43.956043956043956,23.58974358974359,0,39.8,11.8,142.3,1450,hub_milagro_01
2025-11-12T16:26:54.740Z,68.2051282051282,44.004884004884005,23.531135531135533,0,41.4,11.7,140.6,1450,hub_milagro_01
2025-11-12T16:28:54.120Z,67.93650793650794,44.05372405372405,23.501831501831504,0,40.1,12.6,144.5,1450,hub_milagro_01
2025-11-12T16:30:58.821Z,67.83882783882784,43.98046398046398,23.443223443223445,0,41.6,12.2,148.0,1450,hub_milagro_01
2025-11-12T16:33:02.924Z,67.5946275946276,43.98046398046398,23.531135531135533,0,40.2,12.5,144.9,1450,hub_milagro_01
2025-11-12T16:35:01.135Z,67.3992673992674,43.956043956043956,23.472527472527474,0,41.5,12.3,0.0,1450,hub_milagro_01
2025-11-12T16:37:02.717Z,67.1062271062271,44.02930402930403,23.355311355311358,0,40.0,12.0,148.8,1450,hub_milagro_01
2025-11-12T16:39:03.890Z,67.008547008547,43.93162393162393,23.384615384615387,0,42.1,12.2,146.9,1450,hub_milagro_01
2025-11-12T16:41:07.228Z,66.73992673992673,43.98046398046398,23.443223443223445,0,41.5,12.3,146.0,1450,hub_milagro_01
2025-11-12T16:43:11.783Z,66.69108669108668,44.004884004884005,23.472527472527474,0,42.1,12.5,151.0,1450,hub_milagro_01
2025-11-12T16:45:15.250Z,66.44688644688644,43.956043956043956,23.443223443223445,0,42.0,12.2,150.2,1450,hub_milagro_01
2025-11-12T16:47:18.791Z,66.22710622710622,43.98046398046398,23.443223443223445,0,43.1,12.4,148.0,1450,hub_milagro_01
2025-11-12T16:49:17.695Z,66.007326007326,43.98046398046398,23.501831501831504,0,43.4,12.1,151.0,1450,hub_milagro_01
2025-11-12T16:51:19.869Z,65.95848595848595,43.956043956043956,23.61904761904762,0,43.1,12.3,149.1,1450,hub_milagro_01
2025-11-12T16:53:22.944Z,65.64102564102564,44.02930402930403,23.531135531135533,0,43.0,11.5,146.5,1450,hub_milagro_01
2025-11-12T16:55:25.572Z,65.61660561660561,44.004884004884005,23.531135531135533,0,41.9,12.2,146.3,1450,hub_milagro_01
2025-11-12T16:57:28.720Z,65.37240537240537,44.004884004884005,23.560439560439562,0,43.4,11.6,149.9,1450,hub_milagro_01
2025-11-12T16:59:33.480Z,65.12820512820512,44.004884004884005,23.61904761904762,0,42.1,11.2,153.5,1450,hub_milagro_01
2025-11-12T17:01:34.200Z,65.03052503052503,44.1025641025641,23.67765567765568,0,42.0,11.7,154.6,1450,hub_milagro_01
2025-11-12T17:03:36.750Z,64.76190476190476,44.05372405372405,23.64835164835165,0,43.1,11.3,154.4,1450,hub_milagro_01
2025-11-12T17:05:39.049Z,64.59096459096459,44.07814407814408,23.736263736263737,0,43.4,11.1,147.4,1450,hub_milagro_01
2025-11-12T17:07:44.675Z,64.49328449328449,44.02930402930403,23.67765567765568,0,42.9,11.0,153.4,1450,hub_milagro_01
2025-11-12T17:09:49.183Z,64.32234432234432,43.98046398046398,23.706959706959708,0,42.5,11.6,149.1,1450,hub_milagro_01
2025-11-12T17:11:49.713Z,64.17582417582418,44.1025641025641,23.882783882783883,0,42.1,11.9,153.4,1450,hub_milagro_01
2025-11-12T17:13:52.084Z,63.98046398046397,44.1025641025641,23.853479853479854,0,43.0,11.9,157.0,1450,hub_milagro_01
2025-11-12T17:15:55.277Z,63.8095238095238,44.02930402930403,23.794871794871796,0,44.8,11.4,147.9,1450,hub_milagro_01
2025-11-12T17:17:58.407Z,63.540903540903535,44.05372405372405,23.882783882783883,0,42.9,11.6,151.8,1450,hub_milagro_01
2025-11-12T17:20:01.512Z,63.34554334554334,43.93162393162393,23.94139194139194,0,43.7,11.6,151.7,1450,hub_milagro_01
2025-11-12T17:22:02.461Z,63.24786324786324,44.004884004884005,23.97069597069597,0,43.8,11.4,155.2,1450,hub_milagro_01
2025-11-12T17:24:01.728Z,63.369963369963365,44.004884004884005,23.97069597069597,0,43.2,10.8,149.0,1450,hub_milagro_01
2025-11-12T17:26:03.568Z,63.34554334554334,43.93162393162393,23.97069597069597,0,43.1,10.7,155.3,1450,hub_milagro_01
2025-11-12T17:28:07.926Z,63.51648351648351,44.004884004884005,24.02930402930403,0,42.3,11.0,151.0,1450,hub_milagro_01
2025-11-12T17:30:09.078Z,63.63858363858363,44.02930402930403,24.02930402930403,0,43.0,11.2,154.5,1450,hub_milagro_01
2025-11-12T17:32:13.450Z,63.73626373626373,44.05372405372405,24.205128205128204,0,43.3,11.1,153.3,1450,hub_milagro_01
2025-11-12T17:34:14.752Z,63.78510378510378,44.05372405372405,24.146520146520146,0,41.8,10.8,158.8,1450,hub_milagro_01
2025-11-12T17:36:17.563Z,63.85836385836385,44.05372405372405,24.234432234432234,0,41.5,11.2,159.3,1450,hub_milagro_01
2025-11-12T17:38:17.258Z,63.95604395604395,44.07814407814408,24.263736263736263,0,41.8,10.8,157.3,1450,hub_milagro_01
2025-11-12T17:40:16.991Z,64.05372405372405,44.02930402930403,24.32234432234432,0,42.4,10.4,159.4,1450,hub_milagro_01
2025-11-12T17:42:19.409Z,64.2002442002442,43.98046398046398,24.234432234432234,0,40.5,10.4,154.2,1450,hub_milagro_01
2025-11-12T17:44:21.695Z,64.17582417582418,43.956043956043956,24.32234432234432,0,43.0,10.7,155.3,1450,hub_milagro_01
2025-11-12T17:46:22.803Z,64.2979242979243,43.98046398046398,24.293040293040292,0,40.1,10.9,157.2,1450,hub_milagro_01
2025-11-12T17:48:21.819Z,64.37118437118437,44.02930402930403,24.38095238095238,0,40.1,10.3,158.6,1450,hub_milagro_01
2025-11-12T17:50:22.029Z,64.51770451770452,44.004884004884005,24.293040293040292,0,40.6,10.1,155.5,1450,hub_milagro_01
2025-11-12T17:52:24.374Z,64.54212454212454,43.98046398046398,24.38095238095238,0,41.1,10.6,163.4,1450,hub_milagro_01
2025-11-12T17:54:26.176Z,64.78632478632478,43.956043956043956,24.468864468864467,0,41.6,10.6,160.8,1450,hub_milagro_01
2025-11-12T17:56:27.610Z,64.81074481074481,43.956043956043956,24.41025641025641,0,40.1,10.5,163.6,1450,hub_milagro_01
2025-11-12T17:58:31.634Z,64.83516483516483,44.004884004884005,24.41025641025641,0,38.9,10.8,164.4,1450,hub_milagro_01
2025-11-12T18:00:33.084Z,65.07936507936508,43.956043956043956,24.556776556776555,0,39.1,10.2,160.5,1450,hub_milagro_01
2025-11-12T18:02:32.116Z,65.17704517704517,43.98046398046398,24.527472527472526,0,39.6,10.6,163.0,1450,hub_milagro_01
2025-11-12T18:04:32.895Z,65.17704517704517,43.98046398046398,24.586080586080584,0,40.4,9.9,163.4,1450,hub_milagro_01
2025-11-12T18:06:37.624Z,65.32356532356532,43.93162393162393,24.615384615384613,0,39.9,10.6,162.2,1450,hub_milagro_01
2025-11-12T18:08:37.586Z,65.42124542124542,44.05372405372405,24.849816849816847,0,39.8,9.9,161.1,1450,hub_milagro_01
2025-11-12T18:10:36.149Z,65.44566544566544,44.05372405372405,24.937728937728934,0,39.6,10.1,154.4,1450,hub_milagro_01
2025-11-12T18:12:40.412Z,65.66544566544566,43.956043956043956,24.908424908424905,0,38.2,10.1,158.2,1450,hub_milagro_01
2025-11-12T18:14:43.870Z,65.71428571428571,43.956043956043956,25.05494505494505,0,39.6,10.4,156.7,1450,hub_milagro_01
2025-11-12T18:16:47.915Z,65.73870573870573,43.93162393162393,25.025641025641022,0,38.3,10.4,151.3,1450,hub_milagro_01
2025-11-12T18:18:52.931Z,65.88522588522588,43.956043956043956,25.260073260073256,0,38.8,10.4,151.4,1450,hub_milagro_01
2025-11-12T18:20:55.743Z,66.03174603174602,44.05372405372405,25.230769230769226,0,36.3,9.6,121.7,1450,hub_milagro_01
2025-11-12T18:22:54.880Z,66.12942612942612,43.93162393162393,25.318681318681314,0,36.5,9.5,157.3,1450,hub_milagro_01
2025-11-12T18:24:59.656Z,66.1050061050061,44.004884004884005,25.377289377289372,0,37.2,10.0,150.3,1450,hub_milagro_01
2025-11-12T18:27:00.222Z,66.17826617826617,44.07814407814408,25.46520146520146,0,35.7,10.1,151.6,1450,hub_milagro_01
2025-11-12T18:29:02.738Z,66.30036630036629,43.90720390720391,25.728937728937737,0,37.6,10.0,150.4,1450,hub_milagro_01
2025-11-12T18:31:07.977Z,66.22710622710622,43.956043956043956,25.699633699633708,0,36.4,9.9,152.1,1450,hub_milagro_01
2025-11-12T18:33:09.374Z,66.42246642246641,44.004884004884005,25.728937728937737,0,37.5,10.0,146.4,1450,hub_milagro_01
2025-11-12T18:35:11.643Z,66.39804639804639,43.98046398046398,25.96336996336997,0,36.5,9.3,151.0,1450,hub_milagro_01
2025-11-12T18:37:15.549Z,66.49572649572649,44.07814407814408,25.992673992674,0,36.7,9.8,145.6,1450,hub_milagro_01
2025-11-12T18:39:17.464Z,66.44688644688644,44.02930402930403,25.96336996336997,0,36.2,9.8,145.6,1450,hub_milagro_01
2025-11-12T18:41:20.738Z,66.47130647130646,44.05372405372405,26.109890109890117,0,36.1,9.3,152.6,1450,hub_milagro_01
2025-11-12T18:43:24.590Z,66.56898656898656,44.004884004884005,26.227106227106233,0,34.6,9.5,148.8,1450,hub_milagro_01
2025-11-12T18:45:24.521Z,66.69108669108668,43.93162393162393,26.37362637362638,0,34.1,9.4,146.4,1450,hub_milagro_01
2025-11-12T18:47:27.429Z,66.66666666666666,44.07814407814408,26.31501831501832,0,34.1,9.7,147.7,1450,hub_milagro_01
2025-11-12T18:49:26.410Z,66.78876678876678,44.004884004884005,26.461538461538467,0,35.2,9.2,142.2,1450,hub_milagro_01
2025-11-12T18:51:26.377Z,66.83760683760683,44.1025641025641,26.549450549450555,0,33.2,9.7,148.3,1450,hub_milagro_01
2025-11-12T18:53:30.898Z,66.73992673992673,44.12698412698413,26.578754578754584,0,34.4,9.6,147.4,1450,hub_milagro_01
2025-11-12T18:55:35.728Z,66.8131868131868,44.12698412698413,26.608058608058613,0,33.8,9.5,143.2,1450,hub_milagro_01
2025-11-12T18:57:34.581Z,66.86202686202685,44.02930402930403,26.842490842490847,0,32.9,9.6,148.2,1450,hub_milagro_01
2025-11-12T18:59:39.139Z,66.9108669108669,44.004884004884005,26.901098901098905,0,32.1,9.1,141.4,1450,hub_milagro_01
2025-11-12T19:01:43.092Z,67.008547008547,44.15140415140415,26.989010989010993,0,33.7,9.2,139.8,1450,hub_milagro_01
2025-11-12T19:03:42.306Z,67.008547008547,44.07814407814408,26.959706959706963,0,33.9,9.1,142.6,1450,hub_milagro_01
2025-11-12T19:05:46.227Z,67.13064713064712,44.07814407814408,27.194139194139197,0,33.2,9.5,137.3,1450,hub_milagro_01
2025-11-12T19:07:49.828Z,67.27716727716728,44.175824175824175,27.252747252747255,0,31.9,8.5,140.5,1450,hub_milagro_01
2025-11-12T19:09:52.176Z,67.22832722832723,44.1025641025641,27.194139194139197,0,32.0,8.6,141.4,1450,hub_milagro_01
2025-11-12T19:11:51.392Z,67.35042735042735,44.2002442002442,27.282051282051285,0,32.0,9.0,142.7,1450,hub_milagro_01
2025-11-12T19:13:53.934Z,67.35042735042735,44.1025641025641,27.369963369963372,0,30.8,8.7,136.2,1450,hub_milagro_01
2025-11-12T19:15:56.238Z,67.37484737484738,44.15140415140415,27.3992673992674,0,30.7,8.9,141.3,1450,hub_milagro_01
2025-11-12T19:17:57.957Z,67.42368742368743,44.05372405372405,27.663003663003664,0,30.5,8.6,140.2,1450,hub_milagro_01
2025-11-12T19:19:57.971Z,67.54578754578755,44.12698412698413,27.721611721611723,0,58.8,8.7,133.1,1450,hub_milagro_01
2025-11-12T19:21:56.734Z,67.66788766788767,44.2002442002442,27.80952380952381,0,30.3,8.2,137.5,1450,hub_milagro_01
2025-11-12T19:23:57.964Z,67.5946275946276,44.07814407814408,27.80952380952381,0,30.0,8.3,132.5,1450,hub_milagro_01
2025-11-12T19:26:02.710Z,67.96092796092796,44.07814407814408,27.80952380952381,0,29.8,8.8,132.1,1450,hub_milagro_01
2025-11-12T19:28:07.400Z,68.15628815628816,44.004884004884005,27.83882783882784,0,29.8,8.6,137.8,1450,hub_milagro_01
2025-11-12T19:30:06.355Z,68.4004884004884,43.98046398046398,27.663003663003664,0,31.7,9.1,136.4,1450,hub_milagro_01
2025-11-12T19:32:10.737Z,68.5958485958486,44.12698412698413,27.692307692307693,0,30.6,8.7,132.6,1450,hub_milagro_01
2025-11-12T19:34:12.776Z,68.81562881562881,44.004884004884005,27.604395604395606,0,31.8,8.6,128.1,1450,hub_milagro_01
2025-11-12T19:36:11.964Z,69.03540903540903,44.07814407814408,27.545787545787547,0,32.4,9.6,134.3,1450,hub_milagro_01
2025-11-12T19:38:12.997Z,69.3040293040293,44.1025641025641,27.663003663003664,0,32.2,9.3,133.2,1450,hub_milagro_01
2025-11-12T19:40:11.003Z,69.59706959706959,44.1025641025641,27.575091575091577,0,31.4,9.3,127.0,1450,hub_milagro_01
2025-11-12T19:42:15.482Z,69.71916971916971,43.98046398046398,27.633699633699635,0,31.5,9.3,129.1,1450,hub_milagro_01
2025-11-12T19:44:19.577Z,70.03663003663003,44.12698412698413,27.633699633699635,0,29.9,9.7,132.9,1450,hub_milagro_01
2025-11-12T19:46:21.988Z,70.23199023199022,44.1025641025641,27.604395604395606,0,32.3,9.6,126.0,1450,hub_milagro_01
2025-11-12T19:48:24.635Z,70.45177045177046,44.05372405372405,27.575091575091577,0,32.6,9.4,127.8,1450,hub_milagro_01
2025-11-12T19:50:28.151Z,70.67155067155068,44.12698412698413,27.42857142857143,0,32.5,9.4,130.0,1450,hub_milagro_01
2025-11-12T19:52:31.638Z,70.94017094017094,44.004884004884005,27.516483516483518,0,31.1,9.5,132.4,1450,hub_milagro_01
2025-11-12T19:54:32.548Z,71.15995115995116,44.05372405372405,27.3992673992674,0,31.8,10.0,131.7,1450,hub_milagro_01
2025-11-12T19:56:33.900Z,71.33089133089133,44.1025641025641,27.311355311355314,0,31.3,9.8,131.1,1450,hub_milagro_01
2025-11-12T19:58:36.995Z,71.62393162393163,44.1025641025641,27.282051282051285,0,31.3,10.5,130.5,1450,hub_milagro_01
2025-11-12T20:00:40.777Z,71.96581196581197,43.98046398046398,27.282051282051285,0,31.5,9.9,131.4,1450,hub_milagro_01
2025-11-12T20:02:39.852Z,72.08791208791209,43.98046398046398,27.194139194139197,0,31.4,10.7,135.8,1450,hub_milagro_01
2025-11-12T20:04:38.381Z,72.33211233211233,44.12698412698413,27.252747252747255,0,31.5,10.4,132.6,1450,hub_milagro_01
2025-11-12T20:06:37.874Z,72.67399267399267,44.004884004884005,27.164835164835168,0,32.1,10.7,84.9,1450,hub_milagro_01
2025-11-12T20:08:40.615Z,72.82051282051282,44.05372405372405,27.13553113553114,0,32.6,10.4,139.7,1450,hub_milagro_01
2025-11-12T20:10:41.693Z,73.08913308913309,44.05372405372405,27.164835164835168,0,30.6,10.7,137.1,1450,hub_milagro_01
2025-11-12T20:12:41.065Z,73.38217338217338,44.02930402930403,27.07692307692308,0,32.9,10.5,138.0,1450,hub_milagro_01
2025-11-12T20:14:45.821Z,73.62637362637363,44.004884004884005,27.07692307692308,0,32.4,11.0,137.9,1450,hub_milagro_01
2025-11-12T20:16:48.585Z,73.87057387057388,44.05372405372405,27.018315018315022,0,31.1,10.9,139.6,1450,hub_milagro_01
2025-11-12T20:18:52.185Z,74.01709401709402,44.07814407814408,27.018315018315022,0,31.2,11.3,139.8,1450,hub_milagro_01
2025-11-12T20:20:56.314Z,74.28571428571429,44.004884004884005,26.959706959706963,0,32.2,11.0,133.8,1450,hub_milagro_01
2025-11-12T20:22:55.122Z,74.57875457875458,43.98046398046398,26.959706959706963,0,31.8,11.5,134.6,1450,hub_milagro_01
2025-11-12T20:24:55.883Z,74.74969474969475,44.004884004884005,26.989010989010993,0,31.6,11.7,136.6,1450,hub_milagro_01
2025-11-12T20:26:54.804Z,74.72527472527473,44.004884004884005,26.783882783882788,0,31.9,0.0,138.2,1450,hub_milagro_01
2025-11-12T20:28:59.775Z,74.62759462759463,44.02930402930403,26.783882783882788,0,30.7,11.7,136.6,1450,hub_milagro_01
2025-11-12T20:30:58.046Z,74.65201465201466,44.02930402930403,26.783882783882788,0,32.3,11.5,139.1,1450,hub_milagro_01
2025-11-12T20:32:57.928Z,74.52991452991454,43.90720390720391,26.783882783882788,0,31.4,12.1,137.3,1450,hub_milagro_01
2025-11-12T20:34:58.655Z,74.60317460317461,43.90720390720391,26.75457875457876,0,32.6,11.2,136.7,1450,hub_milagro_01
2025-11-12T20:36:59.718Z,74.57875457875458,44.02930402930403,26.75457875457876,0,30.9,11.7,137.1,1450,hub_milagro_01
2025-11-12T20:39:01.632Z,74.57875457875458,43.93162393162393,26.578754578754584,0,32.4,12.0,144.3,1450,hub_milagro_01
2025-11-12T20:41:03.932Z,74.43223443223444,43.956043956043956,26.608058608058613,0,31.0,12.1,146.1,1450,hub_milagro_01
2025-11-12T20:43:06.103Z,74.35897435897436,44.004884004884005,26.637362637362642,0,34.0,11.8,142.1,1450,hub_milagro_01
2025-11-12T20:45:07.756Z,74.43223443223444,43.93162393162393,26.637362637362642,0,31.1,11.8,144.4,1450,hub_milagro_01
2025-11-12T20:47:08.350Z,74.31013431013432,44.02930402930403,26.490842490842496,0,32.0,12.1,146.8,1450,hub_milagro_01
2025-11-12T20:49:07.965Z,74.26129426129427,44.02930402930403,26.34432234432235,0,32.6,12.4,143.1,1450,hub_milagro_01
2025-11-12T20:51:10.913Z,74.16361416361417,44.02930402930403,26.37362637362638,0,32.6,11.9,145.7,1450,hub_milagro_01
2025-11-12T20:53:10.978Z,74.21245421245422,44.02930402930403,26.285714285714292,0,33.4,12.6,144.0,1450,hub_milagro_01
2025-11-12T20:55:14.913Z,74.06593406593407,44.02930402930403,26.168498168498175,0,34.1,12.6,144.7,1450,hub_milagro_01
2025-11-12T20:57:14.519Z,74.0903540903541,44.004884004884005,26.256410256410263,0,33.8,12.2,144.9,1450,hub_milagro_01
2025-11-12T20:59:18.018Z,73.992673992674,44.02930402930403,26.139194139194146,0,33.1,13.1,148.9,1450,hub_milagro_01
2025-11-12T21:01:19.349Z,74.0903540903541,43.98046398046398,25.992673992674,0,34.0,12.6,149.1,1450,hub_milagro_01
2025-11-12T21:03:22.002Z,74.01709401709402,44.1025641025641,26.109890109890117,0,32.4,12.9,148.9,1450,hub_milagro_01
2025-11-12T21:05:22.625Z,74.01709401709402,44.02930402930403,25.875457875457883,0,32.2,13.3,144.2,1450,hub_milagro_01
2025-11-12T21:07:21.913Z,73.91941391941393,44.05372405372405,25.96336996336997,0,32.0,13.1,148.0,1450,hub_milagro_01
2025-11-12T21:09:26.181Z,73.91941391941393,44.1025641025641,25.787545787545795,0,32.1,13.1,149.2,1450,hub_milagro_01
2025-11-12T21:11:29.280Z,73.7973137973138,44.02930402930403,25.758241758241766,0,34.2,12.9,149.6,1450,hub_milagro_01
2025-11-12T21:13:33.566Z,73.72405372405373,44.05372405372405,25.67032967032968,0,33.9,13.5,153.2,1450,hub_milagro_01
2025-11-12T21:15:35.727Z,73.77289377289378,44.05372405372405,25.64102564102565,0,33.6,13.9,151.6,1450,hub_milagro_01
2025-11-12T21:17:34.109Z,73.62637362637363,44.1025641025641,25.553113553113548,0,32.1,13.3,152.8,1450,hub_milagro_01
2025-11-12T21:19:34.554Z,73.67521367521368,44.004884004884005,25.64102564102565,0,33.8,13.8,151.0,1450,hub_milagro_01
2025-11-12T21:21:37.709Z,73.62637362637363,44.07814407814408,25.49450549450549,0,34.9,14.2,148.9,1450,hub_milagro_01
2025-11-12T21:23:41.849Z,73.65079365079366,44.12698412698413,25.49450549450549,0,34.0,14.0,151.7,1450,hub_milagro_01
2025-11-12T21:25:44.191Z,73.57753357753359,43.98046398046398,25.43589743589743,0,33.2,13.8,152.2,1450,hub_milagro_01
2025-11-12T21:27:44.157Z,73.26007326007326,44.12698412698413,25.347985347985343,0,34.9,14.1,153.6,1450,hub_milagro_01
2025-11-12T21:29:44.188Z,73.13797313797313,43.98046398046398,25.318681318681314,0,33.3,14.1,148.2,1450,hub_milagro_01
2025-11-12T21:31:47.543Z,72.96703296703296,44.1025641025641,25.201465201465197,0,35.0,13.6,154.3,1450,hub_milagro_01
2025-11-12T21:33:51.328Z,72.6007326007326,44.05372405372405,25.201465201465197,0,32.8,14.4,148.2,1450,hub_milagro_01
2025-11-12T21:35:51.667Z,72.38095238095238,43.98046398046398,25.08424908424908,0,0.0,14.7,153.7,1450,hub_milagro_01
2025-11-12T21:37:52.106Z,72.3076923076923,44.12698412698413,25.08424908424908,0,34.4,14.5,158.0,1450,hub_milagro_01
2025-11-12T21:39:51.813Z,72.06349206349206,44.15140415140415,24.849816849816847,0,32.7,14.2,152.8,1450,hub_milagro_01
2025-11-12T21:41:54.633Z,71.84371184371184,44.02930402930403,24.908424908424905,0,34.1,14.1,158.6,1450,hub_milagro_01
2025-11-12T21:43:55.404Z,71.5995115995116,44.02930402930403,24.7032967032967,0,33.6,14.3,153.5,1450,hub_milagro_01
2025-11-12T21:46:00.814Z,71.37973137973138,43.98046398046398,24.79120879120879,0,0.0,14.8,151.1,1450,hub_milagro_01
2025-11-12T21:48:04.925Z,71.18437118437119,44.1025641025641,24.586080586080584,0,34.6,14.5,152.1,1450,hub_milagro_01
2025-11-12T21:50:02.769Z,70.98901098901099,44.07814407814408,24.615384615384613,0,33.6,14.7,151.2,1450,hub_milagro_01
2025-11-12T21:52:05.102Z,70.72039072039072,44.02930402930403,24.439560439560438,0,33.4,14.8,157.5,1450,hub_milagro_01
2025-11-12T21:54:05.320Z,70.5982905982906,44.1025641025641,24.38095238095238,0,33.9,14.8,154.8,1450,hub_milagro_01
2025-11-12T21:56:07.111Z,70.25641025641025,44.12698412698413,24.41025641025641,0,32.8,15.5,160.4,1450,hub_milagro_01
2025-11-12T21:58:11.646Z,70.13431013431013,44.07814407814408,24.35164835164835,0,34.3,15.0,152.2,1450,hub_milagro_01
2025-11-12T22:00:12.912Z,69.98778998778998,44.05372405372405,24.32234432234432,0,32.4,15.3,153.1,1450,hub_milagro_01
2025-11-12T22:02:15.775Z,69.64590964590964,44.02930402930403,24.175824175824175,0,33.6,15.5,161.2,1450,hub_milagro_01
2025-11-12T22:04:15.270Z,69.52380952380952,44.02930402930403,24.02930402930403,0,33.5,15.8,156.7,1450,hub_milagro_01
2025-11-12T22:06:20.648Z,69.3040293040293,44.02930402930403,24.146520146520146,0,33.7,15.7,156.9,1450,hub_milagro_01
2025-11-12T22:08:25.228Z,69.13308913308913,44.12698412698413,24.02930402930403,0,0.0,15.9,162.3,1450,hub_milagro_01
2025-11-12T22:10:26.153Z,68.86446886446886,44.12698412698413,24.05860805860806,0,34.4,15.7,157.9,1450,hub_milagro_01
2025-11-12T22:12:28.420Z,68.57142857142857,44.1025641025641,24.0,0,33.7,15.2,159.3,1450,hub_milagro_01
2025-11-12T22:14:30.992Z,68.47374847374847,44.12698412698413,24.0,0,33.9,15.3,155.3,1450,hub_milagro_01
2025-11-12T22:16:32.813Z,68.15628815628816,44.1025641025641,24.205128205128204,0,33.9,15.3,162.0,1450,hub_milagro_01
2025-11-12T22:18:31.207Z,68.03418803418803,44.07814407814408,24.146520146520146,0,34.4,15.6,156.9,1450,hub_milagro_01
2025-11-12T22:20:31.675Z,67.81440781440782,44.175824175824175,24.175824175824175,0,31.9,15.9,162.2,1450,hub_milagro_01
2025-11-12T22:22:35.493Z,67.54578754578755,44.1025641025641,24.146520146520146,0,34.3,15.9,164.1,1450,hub_milagro_01
2025-11-12T22:24:34.612Z,67.35042735042735,44.004884004884005,24.175824175824175,0,31.9,15.7,156.1,1450,hub_milagro_01
2025-11-12T22:26:36.109Z,67.17948717948717,44.05372405372405,24.234432234432234,0,32.6,15.5,162.0,1450,hub_milagro_01
2025-11-12T22:28:38.183Z,67.4969474969475,44.05372405372405,24.234432234432234,0,34.8,15.5,164.5,1450,hub_milagro_01
2025-11-12T22:30:42.972Z,67.88766788766789,44.1025641025641,24.146520146520146,0,34.2,15.7,163.2,1450,hub_milagro_01
2025-11-12T22:32:46.482Z,68.13186813186813,44.004884004884005,24.205128205128204,0,32.6,15.3,163.5,1450,hub_milagro_01
2025-11-12T22:34:51.058Z,68.4981684981685,44.1025641025641,24.32234432234432,0,33.3,14.9,166.2,1450,hub_milagro_01
2025-11-12T22:36:54.629Z,68.88888888888889,44.02930402930403,24.146520146520146,0,33.8,15.8,158.9,1450,hub_milagro_01
2025-11-12T22:38:52.720Z,69.27960927960928,44.05372405372405,24.146520146520146,0,34.0,15.4,164.2,1450,hub_milagro_01
2025-11-12T22:40:54.004Z,69.62148962148962,44.02930402930403,24.263736263736263,0,33.5,15.3,162.1,1450,hub_milagro_01
2025-11-12T22:42:54.453Z,69.96336996336996,44.15140415140415,24.293040293040292,0,32.5,15.2,166.7,1450,hub_milagro_01
2025-11-12T22:44:55.807Z,70.35409035409036,44.004884004884005,24.32234432234432,0,34.2,15.2,162.8,1450,hub_milagro_01
2025-11-12T22:46:58.350Z,70.67155067155068,44.05372405372405,24.234432234432234,0,32.8,15.7,162.3,1450,hub_milagro_01
2025-11-12T22:49:02.893Z,71.01343101343102,44.15140415140415,24.234432234432234,0,32.5,15.4,161.5,1450,hub_milagro_01
2025-11-12T22:51:05.554Z,71.4041514041514,44.02930402930403,24.38095238095238,0,33.6,15.3,170.1,1450,hub_milagro_01
2025-11-12T22:53:06.227Z,71.67277167277167,44.07814407814408,24.234432234432234,0,34.1,15.2,166.0,1450,hub_milagro_01
2025-11-12T22:55:09.471Z,72.03907203907204,44.1025641025641,24.205128205128204,0,32.4,15.3,164.2,1450,hub_milagro_01
2025-11-12T22:57:11.374Z,72.4053724053724,44.05372405372405,24.32234432234432,0,33.8,15.1,169.8,1450,hub_milagro_01
2025-11-12T22:59:11.276Z,72.82051282051282,44.12698412698413,24.35164835164835,0,32.8,14.9,171.2,1450,hub_milagro_01
2025-11-12T23:01:15.529Z,73.23565323565323,44.05372405372405,24.293040293040292,0,32.6,15.3,167.6,1450,hub_milagro_01
2025-11-12T23:03:18.460Z,73.50427350427351,44.004884004884005,24.293040293040292,0,33.4,15.6,164.8,1450,hub_milagro_01
2025-11-12T23:05:20.664Z,73.84615384615385,44.004884004884005,24.439560439560438,0,32.6,15.2,170.3,1450,hub_milagro_01
2025-11-12T23:07:24.655Z,74.23687423687424,44.07814407814408,24.32234432234432,0,33.5,15.1,171.9,1450,hub_milagro_01
2025-11-12T23:09:27.404Z,74.65201465201466,44.1025641025641,24.35164835164835,0,34.5,15.4,167.2,1450,hub_milagro_01
2025-11-12T23:11:27.761Z,74.8962148962149,43.98046398046398,24.263736263736263,0,32.8,14.7,170.5,1450,hub_milagro_01
2025-11-12T23:13:26.632Z,75.28693528693529,44.004884004884005,24.41025641025641,0,32.3,15.3,164.7,1450,hub_milagro_01
2025-11-12T23:15:31.884Z,75.67765567765568,44.004884004884005,24.468864468864467,0,33.3,14.7,168.8,1450,hub_milagro_01
2025-11-12T23:17:32.655Z,75.97069597069597,44.02930402930403,24.35164835164835,0,59.5,15.4,162.9,1450,hub_milagro_01
2025-11-12T23:19:33.480Z,76.36141636141636,44.1025641025641,24.439560439560438,0,33.0,14.6,0.0,1450,hub_milagro_01
2025-11-12T23:21:35.404Z,76.77655677655679,44.07814407814408,24.439560439560438,0,32.8,14.9,159.4,1450,hub_milagro_01
2025-11-12T23:23:38.291Z,77.14285714285715,44.004884004884005,24.41025641025641,0,32.8,15.4,157.7,1450,hub_milagro_01
2025-11-12T23:25:38.019Z,77.36263736263737,44.004884004884005,24.41025641025641,0,48.8,14.8,156.2,1450,hub_milagro_01
2025-11-12T23:27:42.510Z,77.82661782661783,44.1025641025641,24.38095238095238,0,31.7,14.6,161.6,1450,hub_milagro_01
2025-11-12T23:29:46.256Z,77.70451770451771,43.93162393162393,24.41025641025641,0,34.4,15.2,157.1,1450,hub_milagro_01
2025-11-12T23:31:46.681Z,77.75335775335776,44.02930402930403,24.263736263736263,0,34.2,15.4,153.9,1450,hub_milagro_01
2025-11-12T23:33:46.369Z,77.77777777777779,43.93162393162393,24.263736263736263,0,34.0,14.7,155.8,1450,hub_milagro_01
2025-11-12T23:35:51.595Z,77.75335775335776,43.98046398046398,24.117216117216117,0,31.4,15.2,153.0,1450,hub_milagro_01
2025-11-12T23:37:50.364Z,77.72893772893774,44.02930402930403,24.087912087912088,0,31.2,14.9,152.8,1450,hub_milagro_01
2025-11-12T23:39:49.386Z,77.65567765567766,43.88278388278388,23.912087912087912,0,32.2,14.9,151.7,1450,hub_milagro_01
2025-11-12T23:41:49.851Z,77.68009768009769,43.90720390720391,23.97069597069597,0,30.8,14.6,0.0,1450,hub_milagro_01
2025-11-12T23:43:49.019Z,77.72893772893774,43.98046398046398,23.794871794871796,0,31.1,15.1,153.6,1450,hub_milagro_01
2025-11-12T23:45:51.330Z,77.55799755799757,43.88278388278388,23.706959706959708,0,31.8,14.4,154.5,1450,hub_milagro_01
2025-11-12T23:47:54.856Z,77.63125763125764,43.98046398046398,23.67765567765568,0,32.2,14.6,149.0,1450,hub_milagro_01
2025-11-12T23:49:58.081Z,77.53357753357754,43.93162393162393,23.64835164835165,0,31.7,15.3,148.6,1450,hub_milagro_01
2025-11-12T23:51:57.311Z,77.60683760683762,43.90720390720391,23.443223443223445,0,30.1,14.6,147.4,1450,hub_milagro_01
2025-11-12T23:53:59.764Z,77.58241758241759,43.956043956043956,23.501831501831504,0,31.7,15.0,147.0,1450,hub_milagro_01
2025-11-12T23:56:01.614Z,77.55799755799757,44.004884004884005,23.32600732600733,0,32.5,14.6,145.5,1450,hub_milagro_01
2025-11-12T23:58:01.784Z,77.55799755799757,43.956043956043956,23.32600732600733,0,32.3,14.7,144.9,1450,hub_milagro_01
2025-11-13T00:00:02.307Z,77.63125763125764,43.93162393162393,23.150183150183153,0,29.3,15.1,146.9,1450,hub_milagro_01
2025-11-13T00:02:01.364Z,77.50915750915752,44.004884004884005,23.091575091575095,0,29.9,14.5,142.2,1450,hub_milagro_01
2025-11-13T00:04:02.499Z,77.58241758241759,43.98046398046398,23.091575091575095,0,31.4,14.3,144.7,1450,hub_milagro_01
2025-11-13T00:06:03.900Z,77.58241758241759,43.88278388278388,22.974358974358978,0,31.4,14.4,143.9,1450,hub_milagro_01
2025-11-13T00:08:02.552Z,77.50915750915752,44.004884004884005,22.85714285714286,0,29.4,14.3,143.9,1450,hub_milagro_01
2025-11-13T00:10:02.403Z,77.41147741147742,43.956043956043956,22.798534798534803,0,30.3,14.2,139.7,1450,hub_milagro_01
2025-11-13T00:12:04.499Z,77.41147741147742,43.98046398046398,22.769230769230774,0,30.3,14.9,137.3,1450,hub_milagro_01
2025-11-13T00:14:07.433Z,77.41147741147742,43.93162393162393,22.5934065934066,0,30.1,14.2,137.0,1450,hub_milagro_01
2025-11-13T00:16:06.837Z,77.41147741147742,43.93162393162393,22.652014652014657,0,30.4,15.0,134.2,1450,hub_milagro_01
2025-11-13T00:18:05.710Z,77.41147741147742,43.956043956043956,22.47619047619048,0,28.1,14.3,137.6,1450,hub_milagro_01
2025-11-13T00:20:04.715Z,77.41147741147742,44.004884004884005,22.417582417582423,0,29.4,14.4,131.9,1450,hub_milagro_01
2025-11-13T00:22:03.676Z,77.43589743589745,43.93162393162393,22.446886446886452,0,30.3,14.1,139.1,1450,hub_milagro_01
2025-11-13T00:24:04.887Z,77.31379731379732,43.90720390720391,22.18315018315019,0,29.1,14.5,138.8,1450,hub_milagro_01
2025-11-13T00:26:03.355Z,77.3870573870574,43.93162393162393,22.18315018315019,0,28.1,15.1,133.7,1450,hub_milagro_01
2025-11-13T00:28:02.568Z,77.2893772893773,43.90720390720391,22.065934065934073,0,30.0,14.7,128.7,1450,hub_milagro_01
2025-11-13T00:30:02.156Z,77.3870573870574,43.90720390720391,22.007326007326014,0,28.5,14.2,133.4,1450,hub_milagro_01
2025-11-13T00:32:07.931Z,77.36263736263737,44.004884004884005,22.065934065934073,0,29.8,14.9,129.2,1450,hub_milagro_01
2025-11-13T00:34:10.783Z,77.46031746031747,43.93162393162393,21.890109890109898,0,28.2,15.0,134.1,1450,hub_milagro_01
2025-11-13T00:36:14.626Z,77.50915750915752,43.98046398046398,21.831501831501825,0,27.4,14.2,131.2,1450,hub_milagro_01
2025-11-13T00:38:17.382Z,77.53357753357754,43.956043956043956,21.743589743589737,0,27.0,14.2,123.8,1450,hub_milagro_01
2025-11-13T00:40:22.775Z,77.55799755799757,44.05372405372405,21.59706959706959,0,28.3,14.7,131.2,1450,hub_milagro_01
2025-11-13T00:42:25.403Z,77.63125763125764,43.98046398046398,21.62637362637362,0,27.9,14.6,128.7,1450,hub_milagro_01
2025-11-13T00:44:26.550Z,77.58241758241759,43.98046398046398,21.538461538461533,0,27.3,14.7,130.4,1450,hub_milagro_01
2025-11-13T00:46:25.301Z,77.72893772893774,43.98046398046398,21.33333333333333,0,28.7,14.4,126.4,1450,hub_milagro_01
2025-11-13T00:48:27.402Z,77.65567765567766,43.90720390720391,21.33333333333333,0,27.2,14.8,128.0,1450,hub_milagro_01
2025-11-13T00:50:27.750Z,77.80219780219781,43.98046398046398,21.216117216117212,0,27.6,14.0,126.7,1450,hub_milagro_01
2025-11-13T00:52:26.174Z,77.87545787545788,44.004884004884005,21.27472527472527,0,28.1,14.1,121.6,1450,hub_milagro_01
2025-11-13T00:54:26.185Z,77.77777777777779,43.90720390720391,21.157509157509153,0,27.3,14.2,0.0,1450,hub_milagro_01
2025-11-13T00:56:29.487Z,77.80219780219781,44.004884004884005,21.157509157509153,0,27.1,14.2,126.7,1450,hub_milagro_01
2025-11-13T00:58:32.037Z,77.94871794871796,44.004884004884005,21.040293040293037,0,27.6,14.2,131.0,1450,hub_milagro_01
2025-11-13T01:00:35.609Z,77.89987789987791,43.98046398046398,21.098901098901095,0,27.2,14.3,122.7,1450,hub_milagro_01
2025-11-13T01:02:39.066Z,77.92429792429793,44.05372405372405,20.981684981684978,0,27.4,14.3,127.0,1450,hub_milagro_01
2025-11-13T01:04:41.089Z,78.04639804639805,44.07814407814408,21.069597069597066,0,27.7,14.2,129.5,1450,hub_milagro_01
2025-11-13T01:06:43.532Z,78.07081807081808,44.05372405372405,20.95238095238095,0,25.1,0.0,131.0,1450,hub_milagro_01
2025-11-13T01:08:47.818Z,78.0952380952381,43.90720390720391,20.92307692307692,0,25.4,14.5,130.8,1450,hub_milagro_01
2025-11-13T01:10:49.331Z,78.1929181929182,43.93162393162393,20.776556776556774,0,25.3,14.7,131.1,1450,hub_milagro_01
2025-11-13T01:12:54.816Z,78.16849816849818,43.93162393162393,20.776556776556774,0,26.0,14.8,130.9,1450,hub_milagro_01
2025-11-13T01:14:54.742Z,78.24175824175825,43.90720390720391,20.805860805860803,0,24.6,14.6,134.1,1450,hub_milagro_01
2025-11-13T01:16:59.641Z,78.26617826617827,44.004884004884005,20.688644688644686,0,25.0,14.5,135.2,1450,hub_milagro_01
2025-11-13T01:19:01.243Z,78.2905982905983,43.93162393162393,20.776556776556774,0,25.3,14.1,130.9,1450,hub_milagro_01
2025-11-13T01:21:06.157Z,78.3882783882784,44.05372405372405,20.630036630036628,0,25.1,14.7,129.1,1450,hub_milagro_01
2025-11-13T01:23:09.470Z,78.41269841269842,43.93162393162393,20.688644688644686,0,23.4,14.9,135.1,1450,hub_milagro_01
2025-11-13T01:25:12.319Z,78.3882783882784,44.05372405372405,20.630036630036628,0,26.0,14.3,130.7,1450,hub_milagro_01
2025-11-13T01:27:12.015Z,78.48595848595849,43.90720390720391,20.54212454212454,0,23.8,14.3,132.5,1450,hub_milagro_01
2025-11-13T01:29:15.346Z,78.43711843711844,43.90720390720391,20.366300366300365,0,24.4,14.6,130.9,1450,hub_milagro_01
2025-11-13T01:31:19.716Z,78.70573870573871,43.956043956043956,20.395604395604394,0,25.7,14.7,137.1,1450,hub_milagro_01
2025-11-13T01:33:23.941Z,78.97435897435898,43.956043956043956,20.278388278388277,0,25.5,14.7,135.6,1450,hub_milagro_01
2025-11-13T01:35:24.716Z,79.2918192918193,44.02930402930403,20.307692307692307,0,26.3,14.4,131.7,1450,hub_milagro_01
2025-11-13T01:37:27.130Z,79.53601953601954,44.004884004884005,20.278388278388277,0,26.3,14.3,138.5,1450,hub_milagro_01
2025-11-13T01:39:29.997Z,79.68253968253968,43.90720390720391,20.16117216117216,0,26.6,14.5,140.4,1450,hub_milagro_01
2025-11-13T01:41:28.953Z,79.95115995115995,43.88278388278388,20.278388278388277,0,26.2,14.4,138.6,1450,hub_milagro_01
2025-11-13T01:43:32.789Z,80.1953601953602,43.98046398046398,20.13186813186813,0,39.5,14.0,141.7,1450,hub_milagro_01
2025-11-13T01:45:34.399Z,80.39072039072039,43.88278388278388,20.102564102564102,0,26.9,14.3,139.8,1450,hub_milagro_01
2025-11-13T01:47:35.091Z,80.7081807081807,43.93162393162393,20.102564102564102,0,27.6,14.8,0.0,1450,hub_milagro_01
2025-11-13T01:49:34.288Z,80.92796092796092,43.956043956043956,19.956043956043956,0,27.1,14.6,142.3,1450,hub_milagro_01
2025-11-13T01:51:36.863Z,81.17216117216117,43.85836385836386,20.073260073260073,0,26.4,14.8,136.9,1450,hub_milagro_01
2025-11-13T01:53:41.139Z,81.48962148962148,43.90720390720391,19.985347985347985,0,28.4,14.9,143.2,1450,hub_milagro_01
2025-11-13T01:55:42.231Z,81.58730158730158,43.956043956043956,19.926739926739927,0,27.5,14.7,143.9,1450,hub_milagro_01
2025-11-13T01:57:44.377Z,81.95360195360195,43.85836385836386,19.83882783882784,0,26.7,14.7,147.2,1450,hub_milagro_01
2025-11-13T01:59:43.483Z,82.19780219780219,43.85836385836386,19.86813186813187,0,47.6,14.5,143.7,1450,hub_milagro_01
2025-11-13T02:01:46.339Z,82.34432234432234,43.90720390720391,19.83882783882784,0,27.2,14.7,144.4,1450,hub_milagro_01
2025-11-13T02:03:48.672Z,82.66178266178265,43.93162393162393,19.80952380952381,0,27.0,14.5,140.2,1450,hub_milagro_01
2025-11-13T02:05:48.759Z,82.88156288156289,43.98046398046398,19.633699633699635,0,27.7,14.4,147.5,1450,hub_milagro_01
2025-11-13T02:07:49.086Z,83.17460317460318,43.85836385836386,19.663003663003664,0,29.9,14.7,144.1,1450,hub_milagro_01
2025-11-13T02:09:53.055Z,83.41880341880342,43.833943833943835,19.692307692307693,0,27.8,14.4,145.3,1450,hub_milagro_01
2025-11-13T02:11:54.268Z,83.56532356532357,43.833943833943835,19.663003663003664,0,28.8,14.8,144.9,1450,hub_milagro_01
2025-11-13T02:13:55.864Z,83.88278388278388,43.88278388278388,19.604395604395606,0,29.1,14.2,142.6,1450,hub_milagro_01
2025-11-13T02:15:57.199Z,84.1025641025641,43.85836385836386,19.604395604395606,0,29.3,14.0,142.2,1450,hub_milagro_01
2025-11-13T02:18:01.257Z,84.34676434676435,43.85836385836386,19.3992673992674,0,28.8,14.6,151.6,1450,hub_milagro_01
2025-11-13T02:20:03.384Z,84.59096459096459,44.004884004884005,19.545787545787547,0,31.7,14.9,150.2,1450,hub_milagro_01
2025-11-13T02:22:04.437Z,84.88400488400488,43.98046398046398,19.516483516483518,0,30.0,14.1,144.5,1450,hub_milagro_01
2025-11-13T02:24:04.451Z,85.05494505494505,43.93162393162393,19.3992673992674,0,29.8,14.5,145.7,1450,hub_milagro_01
2025-11-13T02:26:03.074Z,85.25030525030525,44.02930402930403,19.48717948717949,0,30.9,14.9,146.3,1450,hub_milagro_01
2025-11-13T02:28:08.588Z,85.59218559218559,43.956043956043956,19.48717948717949,0,31.2,14.4,152.7,1450,hub_milagro_01
2025-11-13T02:30:11.124Z,85.71428571428571,44.004884004884005,19.369963369963372,0,30.9,14.0,155.9,1450,hub_milagro_01
2025-11-13T02:32:15.296Z,85.88522588522588,43.88278388278388,19.311355311355314,0,33.2,14.6,149.0,1450,hub_milagro_01
2025-11-13T02:34:17.194Z,85.9096459096459,44.004884004884005,19.311355311355314,0,33.5,14.2,149.9,1450,hub_milagro_01
2025-11-13T02:36:21.016Z,86.08058608058609,44.05372405372405,19.252747252747255,0,32.9,14.4,148.2,1450,hub_milagro_01
2025-11-13T02:38:25.238Z,86.27594627594628,43.90720390720391,19.252747252747255,0,55.1,14.0,155.1,1450,hub_milagro_01
2025-11-13T02:40:29.099Z,86.3980463980464,43.98046398046398,19.252747252747255,0,31.4,14.8,147.2,1450,hub_milagro_01
2025-11-13T02:42:33.755Z,86.37362637362638,44.004884004884005,19.282051282051285,0,33.2,14.1,154.4,1450,hub_milagro_01
2025-11-13T02:44:32.425Z,86.5934065934066,43.93162393162393,19.252747252747255,0,33.0,14.9,146.5,1450,hub_milagro_01
2025-11-13T02:46:34.006Z,86.73992673992674,44.02930402930403,19.194139194139197,0,33.7,14.3,153.1,1450,hub_milagro_01
2025-11-13T02:48:36.244Z,86.83760683760684,43.90720390720391,19.282051282051285,0,33.9,14.7,152.3,1450,hub_milagro_01
2025-11-13T02:50:36.542Z,86.88644688644689,44.02930402930403,19.252747252747255,0,34.6,14.5,148.4,1450,hub_milagro_01
2025-11-13T02:52:39.991Z,86.98412698412699,43.88278388278388,19.223443223443226,0,34.6,14.0,152.6,1450,hub_milagro_01
2025-11-13T02:54:37.758Z,87.10622710622711,43.90720390720391,19.223443223443226,0,35.2,14.5,147.4,1450,hub_milagro_01
2025-11-13T02:56:40.333Z,87.22832722832723,43.90720390720391,19.10622710622711,0,33.4,14.7,154.9,1450,hub_milagro_01
2025-11-13T02:58:40.950Z,87.37484737484738,43.93162393162393,19.10622710622711,0,33.7,14.7,152.6,1450,hub_milagro_01
2025-11-13T03:00:39.872Z,87.44810744810745,44.02930402930403,19.164835164835168,0,34.6,14.9,152.3,1450,hub_milagro_01
2025-11-13T03:02:44.088Z,87.5946275946276,44.02930402930403,19.164835164835168,0,36.8,14.6,154.7,1450,hub_milagro_01
2025-11-13T03:04:46.913Z,87.74114774114774,43.85836385836386,19.07692307692308,0,35.3,14.1,156.2,1450,hub_milagro_01
2025-11-13T03:06:49.100Z,87.74114774114774,43.956043956043956,19.047619047619044,0,36.5,14.7,150.4,1450,hub_milagro_01
2025-11-13T03:08:52.165Z,87.96092796092796,43.98046398046398,19.194139194139197,0,36.2,15.0,151.0,1450,hub_milagro_01
2025-11-13T03:10:55.001Z,88.03418803418803,43.956043956043956,18.989010989010985,0,35.7,14.0,150.6,1450,hub_milagro_01
2025-11-13T03:12:54.901Z,88.18070818070818,43.98046398046398,18.989010989010985,0,36.0,14.1,150.2,1450,hub_milagro_01
2025-11-13T03:14:57.792Z,88.2051282051282,43.956043956043956,19.018315018315015,0,35.5,14.5,155.8,1450,hub_milagro_01
2025-11-13T03:16:58.273Z,88.35164835164835,43.85836385836386,19.047619047619044,0,35.6,14.4,151.3,1450,hub_milagro_01
2025-11-13T03:18:58.635Z,88.52258852258852,44.004884004884005,19.07692307692308,0,38.6,14.9,148.4,1450,hub_milagro_01
2025-11-13T03:20:57.168Z,88.54700854700855,43.956043956043956,19.07692307692308,0,36.3,14.2,156.0,1450,hub_milagro_01
2025-11-13T03:22:58.755Z,88.64468864468864,43.85836385836386,18.959706959706956,0,36.2,14.8,154.9,1450,hub_milagro_01
2025-11-13T03:25:00.681Z,88.86446886446886,43.93162393162393,19.047619047619044,0,37.7,14.6,155.5,1450,hub_milagro_01
2025-11-13T03:27:04.151Z,88.88888888888889,43.956043956043956,18.930402930402927,0,39.4,14.7,149.4,1450,hub_milagro_01
2025-11-13T03:29:04.042Z,88.98656898656898,43.90720390720391,18.959706959706956,0,37.6,14.2,152.2,1450,hub_milagro_01
2025-11-13T03:31:04.308Z,89.13308913308914,43.93162393162393,18.81318681318681,0,39.4,15.0,155.9,1450,hub_milagro_01
2025-11-13T03:33:04.917Z,89.20634920634922,43.98046398046398,18.87179487179487,0,37.5,14.5,155.7,1450,hub_milagro_01
2025-11-13T03:35:07.315Z,89.27960927960929,43.90720390720391,18.695970695970693,0,38.4,14.0,147.2,1450,hub_milagro_01
2025-11-13T03:37:05.551Z,89.30402930402931,43.85836385836386,18.608058608058606,0,40.0,14.2,151.6,1450,hub_milagro_01
2025-11-13T03:39:09.437Z,89.20634920634922,43.93162393162393,18.4029304029304,0,38.1,14.1,151.2,1450,hub_milagro_01
2025-11-13T03:41:10.167Z,89.37728937728939,43.93162393162393,18.315018315018314,0,37.4,14.3,147.6,1450,hub_milagro_01
2025-11-13T03:43:15.774Z,89.35286935286936,43.98046398046398,18.10989010989011,0,39.8,14.1,152.3,1450,hub_milagro_01
2025-11-13T03:45:17.043Z,89.45054945054946,43.956043956043956,18.05128205128205,0,37.9,0.0,151.4,1450,hub_milagro_01
2025-11-13T03:47:19.669Z,89.40170940170941,43.85836385836386,17.934065934065934,0,38.5,14.2,149.2,1450,hub_milagro_01
2025-11-13T03:49:21.579Z,89.49938949938951,43.956043956043956,17.816849816849818,0,38.4,14.2,148.0,1450,hub_milagro_01
2025-11-13T03:51:22.899Z,89.42612942612944,43.833943833943835,17.67032967032967,0,37.8,13.8,155.9,1450,hub_milagro_01
2025-11-13T03:53:25.187Z,89.57264957264958,43.85836385836386,17.611721611721613,0,38.6,14.2,155.1,1450,hub_milagro_01
2025-11-13T03:55:28.843Z,89.54822954822956,43.88278388278388,17.40659340659341,0,38.1,13.7,150.3,1450,hub_milagro_01
2025-11-13T03:57:32.628Z,89.64590964590965,43.93162393162393,17.37728937728938,0,39.1,13.9,154.9,1450,hub_milagro_01
2025-11-13T03:59:33.707Z,89.5970695970696,43.93162393162393,17.31868131868132,0,38.5,14.1,148.6,1450,hub_milagro_01
2025-11-13T04:01:36.314Z,89.54822954822956,43.93162393162393,17.05494505494505,0,39.1,13.9,147.7,1450,hub_milagro_01
2025-11-13T04:03:38.060Z,89.57264957264958,43.85836385836386,16.967032967032964,0,37.9,13.0,147.9,1450,hub_milagro_01
2025-11-13T04:05:37.149Z,89.6947496947497,43.88278388278388,16.849816849816847,0,38.0,13.8,154.8,1450,hub_milagro_01
2025-11-13T04:07:39.732Z,89.64590964590965,43.98046398046398,16.73260073260073,0,38.6,13.9,148.0,1450,hub_milagro_01
2025-11-13T04:09:40.980Z,89.6947496947497,43.93162393162393,16.73260073260073,0,38.2,13.3,151.1,1450,hub_milagro_01
2025-11-13T04:11:41.295Z,89.67032967032968,43.90720390720391,16.439560439560438,0,38.4,13.1,151.6,1450,hub_milagro_01
2025-11-13T04:13:46.438Z,89.84126984126985,44.004884004884005,16.32234432234432,0,38.4,13.4,149.0,1450,hub_milagro_01
2025-11-13T04:15:46.146Z,89.81684981684982,43.85836385836386,16.35164835164835,0,39.2,13.5,149.1,1450,hub_milagro_01
2025-11-13T04:17:46.434Z,89.8901098901099,43.98046398046398,16.146520146520146,0,39.2,13.2,155.1,1450,hub_milagro_01
2025-11-13T04:19:51.523Z,89.84126984126985,43.85836385836386,16.146520146520146,0,37.3,13.0,150.0,1450,hub_milagro_01
2025-11-13T04:21:49.183Z,89.84126984126985,43.90720390720391,16.0,0,37.8,13.1,155.4,1450,hub_milagro_01
2025-11-13T04:23:51.516Z,89.96336996336997,44.02930402930403,15.794871794871796,0,38.6,12.4,155.7,1450,hub_milagro_01
2025-11-13T04:25:53.036Z,89.96336996336997,44.05372405372405,15.736263736263737,0,39.3,13.2,149.8,1450,hub_milagro_01
2025-11-13T04:27:54.567Z,89.91452991452992,43.956043956043956,15.61904761904762,0,38.6,12.4,148.9,1450,hub_milagro_01
2025-11-13T04:29:55.062Z,89.8901098901099,44.05372405372405,15.384615384615387,0,38.0,13.0,154.3,1450,hub_milagro_01
2025-11-13T04:31:56.057Z,89.91452991452992,44.02930402930403,15.296703296703292,0,37.9,12.2,155.5,1450,hub_milagro_01
2025-11-13T04:33:59.432Z,89.71916971916973,43.90720390720391,15.238095238095234,0,39.0,12.6,158.7,1450,hub_milagro_01
2025-11-13T04:36:02.344Z,89.64590964590965,44.02930402930403,15.208791208791204,0,37.9,12.6,152.6,1450,hub_milagro_01
2025-11-13T04:38:04.294Z,89.37728937728939,43.98046398046398,14.974358974358971,0,39.3,12.6,158.7,1450,hub_milagro_01
2025-11-13T04:40:06.437Z,89.0842490842491,44.02930402930403,14.974358974358971,0,39.4,12.4,152.3,1450,hub_milagro_01
2025-11-13T04:42:09.560Z,88.98656898656898,44.05372405372405,14.681318681318679,0,38.5,12.0,154.4,1450,hub_milagro_01
2025-11-13T04:44:13.873Z,88.76678876678876,44.02930402930403,14.65201465201465,0,38.8,12.3,153.2,1450,hub_milagro_01
2025-11-13T04:46:14.850Z,88.47374847374847,44.05372405372405,14.593406593406591,0,38.1,12.5,156.2,1450,hub_milagro_01
2025-11-13T04:48:14.847Z,88.35164835164835,43.98046398046398,14.417582417582416,0,38.2,12.5,151.9,1450,hub_milagro_01
2025-11-13T04:50:17.043Z,88.18070818070818,43.88278388278388,14.329670329670328,0,37.0,12.4,153.2,1450,hub_milagro_01
2025-11-13T04:52:21.406Z,87.96092796092796,43.88278388278388,14.27106227106227,0,37.6,12.1,155.2,1450,hub_milagro_01
2025-11-13T04:54:23.092Z,87.76556776556777,44.02930402930403,14.095238095238095,0,37.8,12.2,157.7,1450,hub_milagro_01
2025-11-13T04:56:23.281Z,87.54578754578755,43.98046398046398,14.124542124542124,0,37.0,11.9,157.5,1450,hub_milagro_01
2025-11-13T04:58:27.148Z,87.22832722832723,44.02930402930403,14.183150183150182,0,37.8,11.9,159.7,1450,hub_milagro_01
2025-11-13T05:00:30.259Z,87.08180708180709,44.004884004884005,14.065934065934066,0,37.9,12.0,152.0,1450,hub_milagro_01
2025-11-13T05:02:35.261Z,86.91086691086691,43.90720390720391,14.183150183150182,0,37.7,12.0,152.6,1450,hub_milagro_01
2025-11-13T05:04:35.082Z,86.61782661782662,44.004884004884005,14.065934065934066,0,38.1,11.9,158.3,1450,hub_milagro_01
2025-11-13T05:06:36.616Z,86.44688644688645,43.90720390720391,14.065934065934066,0,38.2,11.1,151.8,1450,hub_milagro_01
2025-11-13T05:08:39.321Z,86.12942612942614,43.88278388278388,13.91941391941392,0,38.4,11.9,159.7,1450,hub_milagro_01
2025-11-13T05:10:40.752Z,86.00732600732601,43.98046398046398,13.91941391941392,0,39.3,11.7,153.6,1450,hub_milagro_01
2025-11-13T05:12:40.970Z,85.78754578754578,43.98046398046398,14.007326007326007,0,38.7,11.8,161.5,1450,hub_milagro_01
2025-11-13T05:14:41.091Z,85.54334554334554,43.88278388278388,13.89010989010989,0,36.9,11.3,159.7,1450,hub_milagro_01
2025-11-13T05:16:45.832Z,85.34798534798534,43.93162393162393,13.89010989010989,0,38.0,11.1,154.1,1450,hub_milagro_01
2025-11-13T05:18:49.029Z,85.03052503052503,43.956043956043956,13.89010989010989,0,38.2,10.9,158.1,1450,hub_milagro_01
2025-11-13T05:20:50.217Z,84.85958485958486,43.98046398046398,13.948717948717949,0,38.6,10.7,157.9,1450,hub_milagro_01
2025-11-13T05:22:53.821Z,84.71306471306471,43.85836385836386,13.91941391941392,0,36.8,11.0,156.3,1450,hub_milagro_01
2025-11-13T05:24:53.173Z,84.42002442002442,43.88278388278388,13.802197802197803,0,37.1,11.2,157.0,1450,hub_milagro_01
2025-11-13T05:26:53.369Z,84.17582417582418,43.93162393162393,13.802197802197803,0,39.3,11.3,158.0,1450,hub_milagro_01
2025-11-13T05:28:56.945Z,83.98046398046398,43.833943833943835,13.89010989010989,0,37.3,10.4,154.8,1450,hub_milagro_01
2025-11-13T05:30:58.452Z,83.78510378510379,43.90720390720391,13.831501831501832,0,38.1,10.4,160.3,1450,hub_milagro_01
2025-11-13T05:33:01.842Z,83.56532356532357,43.85836385836386,13.802197802197803,0,38.5,11.2,158.6,1450,hub_milagro_01
2025-11-13T05:35:05.026Z,83.54090354090354,43.93162393162393,13.802197802197803,0,37.9,11.1,154.5,1450,hub_milagro_01
2025-11-13T05:37:08.275Z,83.68742368742369,43.833943833943835,13.626373626373628,0,38.7,11.0,156.9,1450,hub_milagro_01
2025-11-13T05:39:07.659Z,83.71184371184371,43.98046398046398,13.772893772893774,0,36.9,11.0,157.6,1450,hub_milagro_01
2025-11-13T05:41:11.166Z,83.83394383394383,43.98046398046398,13.684981684981686,0,38.9,10.6,155.1,1450,hub_milagro_01
2025-11-13T05:43:11.681Z,83.95604395604396,43.88278388278388,13.626373626373628,0,38.1,10.8,158.9,1450,hub_milagro_01
2025-11-13T05:45:12.436Z,84.004884004884,43.956043956043956,13.684981684981686,0,38.6,10.5,161.4,1450,hub_milagro_01
2025-11-13T05:47:11.820Z,84.05372405372405,44.004884004884005,13.56776556776557,0,39.2,10.6,159.7,1450,hub_milagro_01
2025-11-13T05:49:12.096Z,84.2002442002442,44.02930402930403,13.655677655677657,0,37.3,10.0,155.4,1450,hub_milagro_01
2025-11-13T05:51:14.085Z,84.22466422466422,43.93162393162393,13.655677655677657,0,38.2,10.1,161.5,1450,hub_milagro_01
2025-11-13T05:53:13.764Z,84.3956043956044,43.98046398046398,13.53846153846154,0,36.8,10.1,154.9,1450,hub_milagro_01
2025-11-13T05:55:18.616Z,84.42002442002442,44.004884004884005,13.53846153846154,0,39.3,9.9,161.0,1450,hub_milagro_01
2025-11-13T05:57:17.016Z,84.54212454212454,43.85836385836386,13.479853479853482,0,37.0,10.1,160.2,1450,hub_milagro_01
2025-11-13T05:59:19.485Z,84.49328449328449,43.88278388278388,13.450549450549453,0,38.5,9.8,157.9,1450,hub_milagro_01
2025-11-13T06:01:20.341Z,84.68864468864469,43.98046398046398,13.56776556776557,0,37.6,9.7,157.4,1450,hub_milagro_01
2025-11-13T06:03:22.742Z,84.76190476190476,44.004884004884005,13.56776556776557,0,37.7,10.0,157.1,1450,hub_milagro_01
2025-11-13T06:05:24.506Z,84.73748473748473,43.93162393162393,13.53846153846154,0,38.3,9.2,154.1,1450,hub_milagro_01
2025-11-13T06:07:25.616Z,84.88400488400488,43.90720390720391,13.53846153846154,0,36.6,9.4,157.7,1450,hub_milagro_01
2025-11-13T06:09:28.864Z,84.88400488400488,43.98046398046398,13.391941391941387,0,38.4,9.7,151.3,1450,hub_milagro_01
2025-11-13T06:11:29.214Z,84.95726495726495,43.90720390720391,13.362637362637358,0,37.2,9.2,157.7,1450,hub_milagro_01
2025-11-13T06:13:28.229Z,85.1037851037851,43.90720390720391,13.391941391941387,0,38.4,9.7,154.4,1450,hub_milagro_01
2025-11-13T06:15:27.968Z,85.17704517704517,44.004884004884005,13.450549450549453,0,36.4,9.1,154.3,1450,hub_milagro_01
2025-11-13T06:17:30.891Z,85.12820512820512,43.98046398046398,13.450549450549453,0,36.9,9.5,152.7,1450,hub_milagro_01
2025-11-13T06:19:34.449Z,85.32356532356532,43.85836385836386,13.597069597069599,0,36.7,10.0,150.4,1450,hub_milagro_01
2025-11-13T06:21:37.155Z,85.2991452991453,43.98046398046398,13.56776556776557,0,36.6,10.1,150.5,1450,hub_milagro_01
2025-11-13T06:23:36.149Z,85.44566544566544,43.93162393162393,13.626373626373628,0,38.7,9.4,148.9,1450,hub_milagro_01
2025-11-13T06:25:38.924Z,85.49450549450549,43.956043956043956,13.655677655677657,0,37.9,10.0,148.1,1450,hub_milagro_01
2025-11-13T06:27:43.008Z,85.51892551892551,43.833943833943835,13.626373626373628,0,37.9,10.0,146.6,1450,hub_milagro_01
2025-11-13T06:29:47.414Z,85.49450549450549,43.785103785103786,13.597069597069599,0,37.4,10.0,151.1,1450,hub_milagro_01
2025-11-13T06:31:47.348Z,85.54334554334554,43.785103785103786,13.597069597069599,0,38.4,10.2,145.9,1450,hub_milagro_01
2025-11-13T06:33:52.265Z,85.61660561660561,43.785103785103786,13.655677655677657,0,38.0,10.7,147.2,1450,hub_milagro_01
2025-11-13T06:35:54.731Z,85.8119658119658,43.85836385836386,13.772893772893774,0,38.2,10.1,145.1,1450,hub_milagro_01
2025-11-13T06:37:57.107Z,85.78754578754578,43.90720390720391,13.772893772893774,0,38.0,10.4,143.0,1450,hub_milagro_01
2025-11-13T06:39:57.079Z,85.9096459096459,43.85836385836386,13.802197802197803,0,37.3,10.8,149.6,1450,hub_milagro_01
2025-11-13T06:42:01.426Z,86.00732600732601,43.785103785103786,13.743589743589745,0,37.0,10.6,149.9,1450,hub_milagro_01
2025-11-13T06:44:00.572Z,86.08058608058609,43.90720390720391,13.743589743589745,0,36.8,10.3,145.4,1450,hub_milagro_01
2025-11-13T06:46:02.810Z,86.15384615384616,43.85836385836386,13.948717948717949,0,35.7,11.2,148.0,1450,hub_milagro_01
2025-11-13T06:48:06.427Z,86.22710622710623,43.85836385836386,13.860805860805861,0,38.2,11.2,143.2,1450,hub_milagro_01
2025-11-13T06:50:08.459Z,86.25152625152626,43.785103785103786,13.978021978021978,0,37.9,11.2,142.0,1450,hub_milagro_01
2025-11-13T06:52:11.661Z,86.37362637362638,43.80952380952381,13.89010989010989,0,37.1,11.4,144.3,1450,hub_milagro_01
2025-11-13T06:54:14.054Z,86.34920634920636,43.93162393162393,14.007326007326007,0,36.8,11.6,137.9,1450,hub_milagro_01
2025-11-13T06:56:17.908Z,86.54456654456655,43.88278388278388,13.91941391941392,0,37.2,11.1,136.5,1450,hub_milagro_01
2025-11-13T06:58:18.263Z,86.56898656898657,43.80952380952381,13.948717948717949,0,36.2,11.0,143.1,1450,hub_milagro_01
2025-11-13T07:00:17.730Z,86.54456654456655,43.85836385836386,14.065934065934066,0,35.7,11.8,137.4,1450,hub_milagro_01
2025-11-13T07:02:17.520Z,86.5934065934066,43.85836385836386,14.095238095238095,0,35.4,11.5,138.3,1450,hub_milagro_01
2025-11-13T07:04:22.691Z,86.76434676434677,43.93162393162393,14.212454212454212,0,37.6,11.4,137.7,1450,hub_milagro_01
2025-11-13T07:06:27.800Z,86.83760683760684,43.90720390720391,14.183150183150182,0,35.3,12.0,142.7,1450,hub_milagro_01
2025-11-13T07:08:28.256Z,86.83760683760684,43.956043956043956,14.212454212454212,0,37.1,11.9,137.5,1450,hub_milagro_01
2025-11-13T07:10:27.143Z,86.93528693528694,43.833943833943835,14.212454212454212,0,36.9,12.3,135.0,1450,hub_milagro_01
2025-11-13T07:12:27.329Z,87.00854700854701,43.85836385836386,14.27106227106227,0,0.0,12.1,137.7,1450,hub_milagro_01
2025-11-13T07:14:32.720Z,87.08180708180709,43.80952380952381,14.3003663003663,0,37.4,12.2,131.4,1450,hub_milagro_01
2025-11-13T07:16:36.847Z,87.08180708180709,43.956043956043956,14.329670329670328,0,37.3,12.3,130.1,1450,hub_milagro_01
2025-11-13T07:18:36.943Z,87.10622710622711,43.93162393162393,14.329670329670328,0,36.8,12.0,136.6,1450,hub_milagro_01
2025-11-13T07:20:39.214Z,87.3015873015873,43.88278388278388,14.505494505494504,0,35.3,12.1,133.8,1450,hub_milagro_01
2025-11-13T07:22:39.602Z,87.25274725274726,43.88278388278388,14.358974358974358,0,37.7,12.7,137.0,1450,hub_milagro_01
2025-11-13T07:24:42.629Z,87.35042735042735,43.833943833943835,14.505494505494504,0,37.7,12.6,137.0,1450,hub_milagro_01
2025-11-13T07:26:45.477Z,87.4969474969475,43.833943833943835,14.564102564102562,0,37.5,12.3,0.0,1450,hub_milagro_01
2025-11-13T07:28:47.025Z,87.52136752136752,43.88278388278388,14.505494505494504,0,37.7,13.1,128.4,1450,hub_milagro_01
2025-11-13T07:30:46.816Z,87.61904761904762,43.85836385836386,14.564102564102562,0,35.5,12.7,135.4,1450,hub_milagro_01
2025-11-13T07:32:49.449Z,87.5946275946276,43.88278388278388,14.681318681318679,0,35.1,13.3,134.3,1450,hub_milagro_01
2025-11-13T07:34:52.056Z,87.64346764346764,43.80952380952381,14.739926739926737,0,35.0,12.5,125.1,1450,hub_milagro_01
2025-11-13T07:36:56.638Z,87.71672771672772,43.956043956043956,14.65201465201465,0,36.0,13.1,125.6,1450,hub_milagro_01
2025-11-13T07:38:55.012Z,87.78998778998779,43.956043956043956,14.534798534798533,0,37.2,13.5,125.8,1450,hub_milagro_01
2025-11-13T07:40:55.045Z,87.83882783882784,43.90720390720391,14.593406593406591,0,36.2,13.3,128.1,1450,hub_milagro_01
2025-11-13T07:42:55.993Z,87.91208791208791,43.98046398046398,14.62271062271062,0,35.0,13.0,132.7,1450,hub_milagro_01
2025-11-13T07:44:55.070Z,87.91208791208791,43.98046398046398,14.62271062271062,0,36.6,13.3,131.4,1450,hub_milagro_01
2025-11-13T07:46:54.897Z,87.98534798534799,43.85836385836386,14.476190476190474,0,37.3,13.6,131.4,1450,hub_milagro_01
2025-11-13T07:48:58.384Z,88.1074481074481,43.85836385836386,14.476190476190474,0,35.6,13.1,124.7,1450,hub_milagro_01
2025-11-13T07:50:57.030Z,88.03418803418803,43.88278388278388,14.476190476190474,0,37.1,13.8,127.8,1450,hub_milagro_01
2025-11-13T07:52:56.693Z,88.2051282051282,43.88278388278388,14.564102564102562,0,35.5,13.4,129.0,1450,hub_milagro_01
2025-11-13T07:54:58.444Z,88.1074481074481,43.88278388278388,14.388278388278387,0,37.1,13.4,126.3,1450,hub_milagro_01
2025-11-13T07:57:03.781Z,88.27838827838828,43.956043956043956,14.388278388278387,0,35.3,13.5,126.8,1450,hub_milagro_01
2025-11-13T07:59:05.744Z,88.32722832722833,44.004884004884005,14.446886446886445,0,36.2,13.6,128.2,1450,hub_milagro_01
2025-11-13T08:01:08.538Z,88.3028083028083,43.93162393162393,14.476190476190474,0,35.1,13.9,133.5,1450,hub_milagro_01
2025-11-13T08:03:09.313Z,88.37606837606837,43.88278388278388,14.417582417582416,0,37.1,14.0,129.8,1450,hub_milagro_01
2025-11-13T08:05:11.636Z,88.4004884004884,43.956043956043956,14.388278388278387,0,35.5,14.5,127.4,1450,hub_milagro_01
2025-11-13T08:07:10.862Z,88.4981684981685,43.88278388278388,14.417582417582416,0,36.6,14.7,125.2,1450,hub_milagro_01
2025-11-13T08:09:10.835Z,88.47374847374847,43.88278388278388,14.446886446886445,0,52.3,14.9,134.2,1450,hub_milagro_01
2025-11-13T08:11:14.413Z,88.57142857142857,43.98046398046398,14.417582417582416,0,36.1,14.4,129.3,1450,hub_milagro_01
2025-11-13T08:13:16.528Z,88.66910866910867,43.90720390720391,14.358974358974358,0,36.3,14.5,132.0,1450,hub_milagro_01
2025-11-13T08:15:17.571Z,88.64468864468864,44.004884004884005,14.241758241758241,0,34.5,15.1,124.2,1450,hub_milagro_01
2025-11-13T08:17:19.797Z,88.64468864468864,43.956043956043956,14.27106227106227,0,34.1,15.0,133.3,1450,hub_milagro_01
2025-11-13T08:19:21.887Z,88.66910866910867,43.93162393162393,14.3003663003663,0,34.2,14.7,128.8,1450,hub_milagro_01
2025-11-13T08:21:24.181Z,88.79120879120879,43.93162393162393,14.329670329670328,0,34.1,14.6,133.1,1450,hub_milagro_01
2025-11-13T08:23:25.011Z,88.79120879120879,43.956043956043956,14.358974358974358,0,34.4,14.6,129.4,1450,hub_milagro_01
2025-11-13T08:25:25.442Z,88.84004884004884,43.88278388278388,14.3003663003663,0,48.6,15.5,129.9,1450,hub_milagro_01
2025-11-13T08:27:26.826Z,88.91330891330891,43.956043956043956,14.212454212454212,0,35.3,15.2,131.3,1450,hub_milagro_01
2025-11-13T08:29:27.627Z,88.86446886446886,43.93162393162393,14.3003663003663,0,34.6,15.6,131.3,1450,hub_milagro_01
2025-11-13T08:31:32.245Z,88.93772893772893,43.98046398046398,14.153846153846153,0,35.4,15.5,124.6,1450,hub_milagro_01
2025-11-13T08:33:31.377Z,89.03540903540903,44.004884004884005,14.124542124542124,0,36.1,15.3,125.5,1450,hub_milagro_01
2025-11-13T08:35:32.351Z,88.98656898656898,43.93162393162393,14.27106227106227,0,33.9,15.2,130.9,1450,hub_milagro_01
2025-11-13T08:37:35.730Z,88.79120879120879,43.98046398046398,14.124542124542124,0,34.6,15.2,132.2,1450,hub_milagro_01
2025-11-13T08:39:38.011Z,88.54700854700855,43.88278388278388,14.124542124542124,0,34.2,15.9,132.7,1450,hub_milagro_01
2025-11-13T08:41:41.675Z,88.35164835164835,43.85836385836386,14.153846153846153,0,35.0,15.9,124.2,1450,hub_milagro_01
2025-11-13T08:43:40.028Z,88.13186813186813,43.80952380952381,14.124542124542124,0,35.7,15.4,133.3,1450,hub_milagro_01
2025-11-13T08:45:42.835Z,87.86324786324786,43.80952380952381,14.183150183150182,0,35.5,16.4,127.6,1450,hub_milagro_01
2025-11-13T08:47:45.012Z,87.52136752136752,43.80952380952381,14.124542124542124,0,35.5,15.8,129.9,1450,hub_milagro_01
2025-11-13T08:49:50.729Z,87.35042735042735,43.80952380952381,14.212454212454212,0,34.3,15.7,126.9,1450,hub_milagro_01
2025-11-13T08:51:50.779Z,87.15506715506716,43.90720390720391,14.095238095238095,0,34.9,16.0,129.7,1450,hub_milagro_01
2025-11-13T08:53:55.238Z,86.76434676434677,43.85836385836386,14.212454212454212,0,34.2,16.2,126.0,1450,hub_milagro_01
2025-11-13T08:55:57.243Z,86.5934065934066,43.90720390720391,14.124542124542124,0,36.1,16.0,126.7,1450,hub_milagro_01
2025-11-13T08:58:01.234Z,86.3003663003663,43.785103785103786,14.153846153846153,0,34.0,15.8,132.7,1450,hub_milagro_01
2025-11-13T09:00:03.187Z,86.00732600732601,43.90720390720391,14.153846153846153,0,34.8,16.6,124.0,1450,hub_milagro_01
2025-11-13T09:02:07.209Z,85.83638583638583,43.90720390720391,14.212454212454212,0,34.7,15.7,125.4,1450,hub_milagro_01
2025-11-13T09:04:07.883Z,85.54334554334554,43.833943833943835,14.27106227106227,0,34.4,15.9,127.7,1450,hub_milagro_01
2025-11-13T09:06:10.437Z,85.2991452991453,43.85836385836386,14.505494505494504,0,34.9,15.9,125.1,1450,hub_milagro_01
2025-11-13T09:08:11.732Z,85.03052503052503,43.76068376068376,14.417582417582416,0,33.3,15.7,130.6,1450,hub_milagro_01
2025-11-13T09:10:13.656Z,84.83516483516483,43.73626373626374,14.446886446886445,0,36.2,15.2,132.6,1450,hub_milagro_01
2025-11-13T09:12:14.726Z,84.54212454212454,43.85836385836386,14.681318681318679,0,33.3,15.4,127.5,1450,hub_milagro_01
2025-11-13T09:14:12.681Z,84.34676434676435,43.785103785103786,14.65201465201465,0,36.0,15.1,125.7,1450,hub_milagro_01
2025-11-13T09:16:16.393Z,84.004884004884,43.833943833943835,14.769230769230766,0,35.8,15.7,124.9,1450,hub_milagro_01
2025-11-13T09:18:18.751Z,83.88278388278388,43.73626373626374,14.857142857142854,0,33.4,15.3,131.8,1450,hub_milagro_01
2025-11-13T09:20:17.172Z,83.4920634920635,43.71184371184371,14.769230769230766,0,35.3,15.0,128.5,1450,hub_milagro_01
2025-11-13T09:22:18.514Z,83.34554334554335,43.833943833943835,14.915750915750912,0,33.6,14.7,132.4,1450,hub_milagro_01
2025-11-13T09:24:23.111Z,82.97924297924298,43.73626373626374,14.945054945054942,0,33.2,14.5,98.1,1450,hub_milagro_01
2025-11-13T09:26:28.681Z,82.73504273504273,43.71184371184371,14.974358974358971,0,34.5,14.3,132.0,1450,hub_milagro_01
2025-11-13T09:28:29.379Z,82.53968253968253,43.80952380952381,15.091575091575088,0,33.6,14.5,84.4,1450,hub_milagro_01
2025-11-13T09:30:30.855Z,82.22222222222221,43.76068376068376,15.120879120879117,0,33.2,14.6,136.6,1450,hub_milagro_01
2025-11-13T09:32:32.676Z,82.12454212454212,43.71184371184371,15.326007326007328,0,32.9,14.3,128.1,1450,hub_milagro_01
2025-11-13T09:34:35.083Z,81.83150183150182,43.80952380952381,15.326007326007328,0,34.9,14.0,132.0,1450,hub_milagro_01
2025-11-13T09:36:38.032Z,81.46520146520146,43.73626373626374,15.472527472527474,0,35.3,14.8,138.6,1450,hub_milagro_01
2025-11-13T09:38:38.174Z,81.56288156288156,43.663003663003664,15.531135531135533,0,32.9,14.6,129.6,1450,hub_milagro_01
2025-11-13T09:40:41.974Z,81.53846153846153,43.68742368742369,15.443223443223445,0,35.2,14.2,134.7,1450,hub_milagro_01
2025-11-13T09:42:40.351Z,81.51404151404151,43.785103785103786,15.64835164835165,0,34.4,14.1,138.2,1450,hub_milagro_01
2025-11-13T09:44:39.348Z,81.48962148962148,43.63858363858364,15.61904761904762,0,33.8,13.5,134.1,1450,hub_milagro_01
2025-11-13T09:46:41.433Z,81.48962148962148,43.785103785103786,15.706959706959708,0,34.8,13.4,0.0,1450,hub_milagro_01
2025-11-13T09:48:45.303Z,81.44078144078144,43.71184371184371,15.794871794871796,0,32.2,13.4,139.5,1450,hub_milagro_01
2025-11-13T09:50:48.280Z,81.39194139194139,43.68742368742369,15.941391941391942,0,33.5,13.2,135.5,1450,hub_milagro_01
2025-11-13T09:52:52.956Z,81.39194139194139,43.614163614163616,16.0,0,34.2,13.7,141.7,1450,hub_milagro_01
2025-11-13T09:54:50.401Z,81.29426129426129,43.663003663003664,16.087912087912088,0,33.6,13.2,138.9,1450,hub_milagro_01
2025-11-13T09:56:50.770Z,81.34310134310134,43.58974358974359,16.175824175824175,0,33.7,13.4,138.8,1450,hub_milagro_01
2025-11-13T09:58:50.766Z,81.17216117216117,43.663003663003664,16.205128205128204,0,33.2,13.2,141.5,1450,hub_milagro_01
2025-11-13T10:00:55.098Z,81.17216117216117,43.614163614163616,16.234432234432234,0,31.2,13.0,138.7,1450,hub_milagro_01
2025-11-13T10:02:56.309Z,81.24542124542124,43.73626373626374,16.234432234432234,0,31.8,13.1,143.8,1450,hub_milagro_01
2025-11-13T10:04:59.376Z,81.0989010989011,43.63858363858364,16.293040293040292,0,32.0,12.9,141.5,1450,hub_milagro_01
2025-11-13T10:07:02.185Z,81.14774114774114,43.71184371184371,16.527472527472526,0,31.3,12.3,140.2,1450,hub_milagro_01
2025-11-13T10:09:04.837Z,81.0989010989011,43.71184371184371,16.615384615384613,0,30.4,12.9,142.9,1450,hub_milagro_01
2025-11-13T10:11:03.882Z,80.97680097680097,43.71184371184371,16.556776556776555,0,31.4,12.3,138.5,1450,hub_milagro_01
2025-11-13T10:13:02.127Z,81.05006105006105,43.63858363858364,16.644688644688642,0,31.2,12.8,138.6,1450,hub_milagro_01
2025-11-13T10:15:03.590Z,81.001221001221,43.663003663003664,16.73260073260073,0,31.6,12.3,146.1,1450,hub_milagro_01
2025-11-13T10:17:03.137Z,80.97680097680097,43.663003663003664,16.76190476190476,0,30.4,12.4,144.0,1450,hub_milagro_01
2025-11-13T10:19:08.692Z,80.87912087912088,43.71184371184371,16.849816849816847,0,30.0,12.2,143.0,1450,hub_milagro_01
2025-11-13T10:21:10.167Z,80.87912087912088,43.76068376068376,16.73260073260073,0,30.6,11.5,146.9,1450,hub_milagro_01
2025-11-13T10:23:13.371Z,80.83028083028083,43.63858363858364,16.849816849816847,0,31.7,11.6,141.5,1450,hub_milagro_01
2025-11-13T10:25:13.745Z,80.9035409035409,43.73626373626374,16.76190476190476,0,30.4,11.8,148.9,1450,hub_milagro_01
2025-11-13T10:27:17.398Z,80.85470085470085,43.71184371184371,16.820512820512818,0,52.0,11.7,148.4,1450,hub_milagro_01
2025-11-13T10:29:17.387Z,80.68376068376068,43.71184371184371,16.67399267399267,0,30.6,11.4,150.8,1450,hub_milagro_01
2025-11-13T10:31:18.293Z,80.75702075702075,43.73626373626374,16.67399267399267,0,31.1,11.7,146.6,1450,hub_milagro_01
2025-11-13T10:33:17.747Z,80.65934065934066,43.71184371184371,16.586080586080584,0,28.5,11.6,149.7,1450,hub_milagro_01
2025-11-13T10:35:21.491Z,80.7081807081807,43.71184371184371,16.7032967032967,0,30.3,11.1,150.9,1450,hub_milagro_01
2025-11-13T10:37:21.756Z,80.65934065934066,43.73626373626374,16.7032967032967,0,29.8,11.2,154.9,1450,hub_milagro_01
2025-11-13T10:39:25.526Z,80.43956043956044,43.68742368742369,16.527472527472526,0,29.0,10.9,146.9,1450,hub_milagro_01
2025-11-13T10:41:26.300Z,80.29304029304029,43.73626373626374,16.498168498168496,0,29.4,10.6,149.4,1450,hub_milagro_01
2025-11-13T10:43:28.499Z,80.07326007326007,43.71184371184371,16.498168498168496,0,28.5,10.6,147.0,1450,hub_milagro_01
2025-11-13T10:45:27.526Z,79.78021978021978,43.68742368742369,16.556776556776555,0,27.4,10.9,150.0,1450,hub_milagro_01
2025-11-13T10:47:28.449Z,79.60927960927961,43.63858363858364,16.527472527472526,0,28.3,10.5,151.6,1450,hub_milagro_01
2025-11-13T10:49:31.922Z,79.41391941391942,43.71184371184371,16.586080586080584,0,29.9,11.0,149.8,1450,hub_milagro_01
2025-11-13T10:51:35.409Z,79.34065934065934,43.785103785103786,16.556776556776555,0,28.1,10.0,150.2,1450,hub_milagro_01
2025-11-13T10:53:38.350Z,79.0964590964591,43.63858363858364,16.527472527472526,0,28.1,10.0,154.6,1450,hub_milagro_01
2025-11-13T10:55:41.884Z,78.80341880341881,43.76068376068376,16.527472527472526,0,29.1,9.9,157.3,1450,hub_milagro_01
2025-11-13T10:57:44.649Z,78.60805860805861,43.73626373626374,16.38095238095238,0,26.6,10.5,160.1,1450,hub_milagro_01
2025-11-13T10:59:44.648Z,78.43711843711844,43.71184371184371,16.38095238095238,0,27.7,10.0,157.2,1450,hub_milagro_01
2025-11-13T11:01:45.048Z,78.1929181929182,43.76068376068376,16.35164835164835,0,28.4,9.5,155.4,1450,hub_milagro_01
2025-11-13T11:03:46.099Z,78.0952380952381,43.785103785103786,16.468864468864467,0,28.6,9.6,158.0,1450,hub_milagro_01
2025-11-13T11:05:46.393Z,77.82661782661783,43.785103785103786,16.32234432234432,0,28.0,9.2,156.4,1450,hub_milagro_01
2025-11-13T11:07:45.559Z,77.72893772893774,43.71184371184371,16.35164835164835,0,28.6,9.2,157.7,1450,hub_milagro_01
2025-11-13T11:09:49.928Z,77.46031746031747,43.71184371184371,16.35164835164835,0,27.4,9.0,154.8,1450,hub_milagro_01
2025-11-13T11:11:49.990Z,77.2893772893773,43.663003663003664,16.263736263736263,0,27.7,9.5,157.8,1450,hub_milagro_01
2025-11-13T11:13:53.393Z,77.06959706959708,43.76068376068376,16.35164835164835,0,26.0,8.9,151.9,1450,hub_milagro_01
2025-11-13T11:15:56.537Z,76.82539682539684,43.71184371184371,16.41025641025641,0,27.2,9.2,151.9,1450,hub_milagro_01
2025-11-13T11:18:01.276Z,76.67887667887669,43.663003663003664,16.234432234432234,0,27.8,8.7,151.3,1450,hub_milagro_01
2025-11-13T11:20:05.270Z,76.45909645909646,43.68742368742369,16.32234432234432,0,25.7,8.4,158.2,1450,hub_milagro_01
2025-11-13T11:22:07.888Z,76.26373626373626,43.63858363858364,16.41025641025641,0,26.7,9.0,159.4,1450,hub_milagro_01
2025-11-13T11:24:08.208Z,76.11721611721612,43.76068376068376,16.38095238095238,0,25.6,8.6,157.2,1450,hub_milagro_01
2025-11-13T11:26:12.180Z,75.8974358974359,43.663003663003664,16.293040293040292,0,26.2,8.1,151.5,1450,hub_milagro_01
2025-11-13T11:28:12.930Z,75.55555555555556,43.76068376068376,16.263736263736263,0,25.7,8.7,157.9,1450,hub_milagro_01
2025-11-13T11:30:15.044Z,75.36019536019536,43.68742368742369,16.35164835164835,0,24.4,8.5,149.9,1450,hub_milagro_01
2025-11-13T11:32:18.207Z,75.26251526251527,43.73626373626374,16.35164835164835,0,26.2,8.1,154.5,1450,hub_milagro_01
2025-11-13T11:34:17.557Z,75.11599511599512,43.73626373626374,16.263736263736263,0,24.0,8.6,149.9,1450,hub_milagro_01
2025-11-13T11:36:18.905Z,74.84737484737485,43.68742368742369,16.146520146520146,0,26.4,7.8,159.1,1450,hub_milagro_01
2025-11-13T11:38:17.044Z,74.62759462759463,43.73626373626374,16.175824175824175,0,24.3,7.6,153.7,1450,hub_milagro_01
2025-11-13T11:40:17.511Z,74.62759462759463,43.76068376068376,16.205128205128204,0,25.8,8.3,158.0,1450,hub_milagro_01
2025-11-13T11:42:21.999Z,74.38339438339439,43.73626373626374,16.175824175824175,0,24.8,8.3,150.8,1450,hub_milagro_01
2025-11-13T11:44:23.996Z,74.40781440781441,43.68742368742369,16.35164835164835,0,24.1,8.6,158.5,1450,hub_milagro_01
2025-11-13T11:46:23.085Z,74.31013431013432,43.73626373626374,16.293040293040292,0,26.2,8.6,151.4,1450,hub_milagro_01
2025-11-13T11:48:25.136Z,74.16361416361417,43.663003663003664,16.205128205128204,0,26.5,8.7,157.3,1450,hub_milagro_01
2025-11-13T11:50:25.847Z,74.04151404151405,43.63858363858364,16.38095238095238,0,27.0,8.6,152.8,1450,hub_milagro_01
2025-11-13T11:52:24.857Z,73.91941391941393,43.663003663003664,16.293040293040292,0,25.3,8.0,149.7,1450,hub_milagro_01
2025-11-13T11:54:27.715Z,73.91941391941393,43.73626373626374,16.35164835164835,0,25.4,8.8,155.8,1450,hub_milagro_01
2025-11-13T11:56:29.011Z,73.87057387057388,43.68742368742369,16.38095238095238,0,26.1,8.9,158.0,1450,hub_milagro_01
2025-11-13T11:58:31.973Z,73.72405372405373,43.73626373626374,16.35164835164835,0,24.8,8.6,157.0,1450,hub_milagro_01
2025-11-13T12:00:34.414Z,73.57753357753359,43.76068376068376,16.35164835164835,0,25.9,8.7,151.4,1450,hub_milagro_01
2025-11-13T12:02:33.109Z,73.47985347985349,43.785103785103786,16.468864468864467,0,27.6,8.5,150.7,1450,hub_milagro_01
2025-11-13T12:04:39.495Z,73.38217338217338,43.68742368742369,16.41025641025641,0,25.0,8.8,151.4,1450,hub_milagro_01
2025-11-13T12:06:42.099Z,73.4065934065934,43.663003663003664,16.527472527472526,0,26.7,9.3,148.8,1450,hub_milagro_01
2025-11-13T12:08:45.080Z,73.33333333333333,43.663003663003664,16.41025641025641,0,27.9,9.4,155.0,1450,hub_milagro_01
2025-11-13T12:10:48.952Z,73.26007326007326,43.63858363858364,16.498168498168496,0,26.4,9.0,156.9,1450,hub_milagro_01
2025-11-13T12:12:50.076Z,73.13797313797313,43.68742368742369,16.556776556776555,0,25.8,8.7,155.9,1450,hub_milagro_01
2025-11-13T12:14:52.173Z,72.94261294261294,43.63858363858364,16.498168498168496,0,27.4,9.1,148.9,1450,hub_milagro_01
2025-11-13T12:16:53.946Z,72.94261294261294,43.663003663003664,16.498168498168496,0,25.9,9.7,152.2,1450,hub_milagro_01
2025-11-13T12:18:58.382Z,72.84493284493284,43.68742368742369,16.586080586080584,0,26.7,9.8,154.9,1450,hub_milagro_01
2025-11-13T12:20:57.873Z,72.6984126984127,43.73626373626374,16.615384615384613,0,27.3,9.1,151.9,1450,hub_milagro_01
2025-11-13T12:22:58.087Z,72.64957264957265,43.785103785103786,16.556776556776555,0,27.5,9.5,148.6,1450,hub_milagro_01
2025-11-13T12:25:00.558Z,72.47863247863248,43.785103785103786,16.67399267399267,0,27.0,9.7,157.8,1450,hub_milagro_01
2025-11-13T12:27:00.216Z,72.47863247863248,43.71184371184371,16.79120879120879,0,27.3,9.9,148.7,1450,hub_milagro_01
2025-11-13T12:29:02.685Z,72.4053724053724,43.614163614163616,16.644688644688642,0,26.9,10.2,151.2,1450,hub_milagro_01
2025-11-13T12:31:05.164Z,72.23443223443223,43.73626373626374,16.73260073260073,0,28.4,10.2,153.3,1450,hub_milagro_01
2025-11-13T12:33:08.843Z,72.23443223443223,43.71184371184371,16.820512820512818,0,29.1,9.5,156.6,1450,hub_milagro_01
2025-11-13T12:35:08.739Z,72.13675213675214,43.76068376068376,16.79120879120879,0,27.4,10.0,157.2,1450,hub_milagro_01
2025-11-13T12:37:08.386Z,71.94139194139194,43.73626373626374,16.73260073260073,0,28.9,9.6,155.6,1450,hub_milagro_01
2025-11-13T12:39:11.466Z,71.86813186813187,43.76068376068376,16.79120879120879,0,28.9,10.2,155.1,1450,hub_milagro_01
2025-11-13T12:41:13.390Z,72.13675213675214,43.76068376068376,16.908424908424905,0,28.7,10.0,153.6,1450,hub_milagro_01
2025-11-13T12:43:16.631Z,72.25885225885226,43.73626373626374,16.79120879120879,0,29.8,10.8,148.4,1450,hub_milagro_01
2025-11-13T12:45:16.465Z,72.4053724053724,43.76068376068376,16.79120879120879,0,29.1,10.0,157.0,1450,hub_milagro_01
2025-11-13T12:47:14.383Z,72.62515262515262,43.63858363858364,16.937728937728934,0,30.4,10.2,155.7,1450,hub_milagro_01
2025-11-13T12:49:13.157Z,72.91819291819291,43.68742368742369,17.025641025641022,0,30.4,10.7,150.7,1450,hub_milagro_01
2025-11-13T12:51:16.848Z,73.04029304029304,43.614163614163616,16.996336996336993,0,30.9,10.5,154.6,1450,hub_milagro_01
2025-11-13T12:53:15.121Z,73.2112332112332,43.73626373626374,17.08424908424908,0,30.5,11.1,155.7,1450,hub_milagro_01
2025-11-13T12:55:19.156Z,73.43101343101343,43.614163614163616,17.05494505494505,0,30.0,10.3,154.6,1450,hub_milagro_01
2025-11-13T12:57:19.198Z,73.65079365079366,43.76068376068376,16.967032967032964,0,30.9,10.7,149.9,1450,hub_milagro_01
2025-11-13T12:59:23.113Z,73.72405372405373,43.614163614163616,17.08424908424908,0,29.0,10.7,149.1,1450,hub_milagro_01
2025-11-13T13:01:27.423Z,73.91941391941393,43.63858363858364,17.260073260073263,0,44.4,10.9,150.4,1450,hub_milagro_01
2025-11-13T13:03:29.032Z,74.16361416361417,43.71184371184371,17.31868131868132,0,31.9,11.2,147.3,1450,hub_milagro_01
2025-11-13T13:05:31.779Z,74.33455433455434,43.663003663003664,17.582417582417584,0,31.7,10.7,148.7,1450,hub_milagro_01
2025-11-13T13:07:30.725Z,74.55433455433456,43.785103785103786,17.611721611721613,0,31.6,11.2,156.7,1450,hub_milagro_01
2025-11-13T13:09:35.105Z,74.77411477411478,43.68742368742369,17.904761904761905,0,29.8,11.0,154.5,1450,hub_milagro_01
2025-11-13T13:11:35.392Z,74.92063492063492,43.68742368742369,17.992673992673993,0,32.1,11.7,151.7,1450,hub_milagro_01
2025-11-13T13:13:39.973Z,75.14041514041514,43.63858363858364,18.08058608058608,0,29.9,11.8,151.5,1450,hub_milagro_01
2025-11-13T13:15:40.009Z,75.38461538461539,43.68742368742369,18.168498168498168,0,30.3,11.6,150.4,1450,hub_milagro_01
2025-11-13T13:17:42.733Z,75.6043956043956,43.76068376068376,18.49084249084249,0,30.0,12.0,151.4,1450,hub_milagro_01
2025-11-13T13:19:44.281Z,75.72649572649573,43.663003663003664,18.46153846153846,0,31.7,11.8,115.7,1450,hub_milagro_01
2025-11-13T13:21:43.990Z,75.94627594627595,43.63858363858364,18.725274725274723,0,31.1,11.3,151.8,1450,hub_milagro_01
2025-11-13T13:23:42.793Z,76.04395604395604,43.71184371184371,18.901098901098898,0,31.1,12.3,152.1,1450,hub_milagro_01
2025-11-13T13:25:42.845Z,76.26373626373626,43.80952380952381,18.930402930402927,0,32.4,11.8,148.8,1450,hub_milagro_01
2025-11-13T13:27:47.888Z,76.41025641025641,43.68742368742369,19.252747252747255,0,30.6,11.8,149.8,1450,hub_milagro_01
2025-11-13T13:29:49.122Z,76.63003663003664,43.833943833943835,19.3992673992674,0,32.4,12.4,156.1,1450,hub_milagro_01
2025-11-13T13:31:51.287Z,76.87423687423689,43.71184371184371,19.516483516483518,0,31.0,12.4,154.2,1450,hub_milagro_01
2025-11-13T13:33:54.076Z,77.02075702075703,43.68742368742369,19.516483516483518,0,32.9,12.2,150.9,1450,hub_milagro_01
2025-11-13T13:35:55.967Z,77.31379731379732,43.71184371184371,19.750915750915752,0,33.5,11.9,148.4,1450,hub_milagro_01
2025-11-13T13:37:56.070Z,77.50915750915752,43.73626373626374,19.86813186813187,0,53.2,12.4,148.1,1450,hub_milagro_01
2025-11-13T13:39:58.543Z,77.58241758241759,43.785103785103786,20.043956043956044,0,31.5,12.4,148.6,1450,hub_milagro_01
2025-11-13T13:42:00.749Z,77.60683760683762,43.71184371184371,20.19047619047619,0,32.5,12.6,152.3,1450,hub_milagro_01
2025-11-13T13:44:00.054Z,77.60683760683762,43.68742368742369,20.424908424908423,0,31.5,12.2,149.3,1450,hub_milagro_01
2025-11-13T13:46:05.274Z,77.70451770451771,43.68742368742369,20.483516483516482,0,32.3,12.4,153.0,1450,hub_milagro_01
2025-11-13T13:48:05.928Z,77.60683760683762,43.785103785103786,20.630036630036628,0,31.5,12.4,156.0,1450,hub_milagro_01
2025-11-13T13:50:06.078Z,77.70451770451771,43.663003663003664,20.92307692307692,0,33.1,13.3,152.8,1450,hub_milagro_01
2025-11-13T13:52:11.855Z,77.58241758241759,43.80952380952381,21.040293040293037,0,31.8,12.5,150.0,1450,hub_milagro_01
2025-11-13T13:54:13.373Z,77.60683760683762,43.71184371184371,21.24542124542124,0,33.5,13.3,154.7,1450,hub_milagro_01
2025-11-13T13:56:16.021Z,77.70451770451771,43.71184371184371,21.3040293040293,0,33.3,12.7,151.9,1450,hub_milagro_01
2025-11-13T13:58:16.977Z,77.63125763125764,43.80952380952381,21.362637362637358,0,33.4,13.5,151.4,1450,hub_milagro_01
2025-11-13T14:00:17.427Z,77.63125763125764,43.68742368742369,21.567765567765562,0,31.5,13.2,150.3,1450,hub_milagro_01
2025-11-13T14:02:17.992Z,77.60683760683762,43.76068376068376,21.802197802197796,0,33.4,13.3,149.8,1450,hub_milagro_01
2025-11-13T14:04:19.222Z,77.58241758241759,43.71184371184371,21.948717948717956,0,32.9,12.8,150.4,1450,hub_milagro_01
2025-11-13T14:06:21.981Z,77.58241758241759,43.80952380952381,22.007326007326014,0,32.2,13.9,148.8,1450,hub_milagro_01
2025-11-13T14:08:25.652Z,77.58241758241759,43.73626373626374,22.21245421245422,0,34.2,13.6,148.6,1450,hub_milagro_01
2025-11-13T14:10:25.426Z,77.65567765567766,43.68742368742369,22.329670329670336,0,32.3,14.0,151.5,1450,hub_milagro_01
2025-11-13T14:12:28.515Z,77.65567765567766,43.73626373626374,22.56410256410257,0,32.5,13.6,156.4,1450,hub_milagro_01
2025-11-13T14:14:27.928Z,77.70451770451771,43.785103785103786,22.5934065934066,0,32.6,13.8,155.8,1450,hub_milagro_01
2025-11-13T14:16:29.781Z,77.75335775335776,43.663003663003664,22.827838827838832,0,31.7,13.5,156.6,1450,hub_milagro_01
2025-11-13T14:18:33.124Z,77.72893772893774,43.785103785103786,23.032967032967036,0,33.6,14.0,151.9,1450,hub_milagro_01
2025-11-13T14:20:33.643Z,77.77777777777779,43.73626373626374,23.032967032967036,0,33.3,13.6,147.4,1450,hub_milagro_01
2025-11-13T14:22:31.517Z,77.63125763125764,43.71184371184371,23.003663003663007,0,32.7,14.5,155.0,1450,hub_milagro_01
2025-11-13T14:24:34.442Z,77.65567765567766,43.68742368742369,23.003663003663007,0,33.9,14.2,148.5,1450,hub_milagro_01
2025-11-13T14:26:39.504Z,77.72893772893774,43.76068376068376,23.032967032967036,0,33.6,13.7,151.0,1450,hub_milagro_01
2025-11-13T14:28:40.660Z,77.75335775335776,43.73626373626374,23.091575091575095,0,31.6,14.6,156.5,1450,hub_milagro_01
2025-11-13T14:30:44.515Z,89.76800976800978,45.030525030525034,20.57142857142857,1,33.4,13.9,149.5,1450,hub_milagro_01
2025-11-13T14:32:48.674Z,89.67032967032968,46.37362637362637,20.51282051282051,1,34.2,14.3,153.7,1450,hub_milagro_01
2025-11-13T14:34:47.331Z,89.74358974358975,47.64346764346764,20.51282051282051,1,34.6,14.4,150.5,1450,hub_milagro_01
2025-11-13T14:36:49.778Z,89.84126984126985,48.79120879120879,20.54212454212454,1,35.4,14.2,159.8,1450,hub_milagro_01
2025-11-13T14:38:49.038Z,89.7924297924298,50.10989010989011,20.336996336996336,1,34.6,14.8,152.4,1450,hub_milagro_01
2025-11-13T14:40:51.200Z,89.84126984126985,51.01343101343101,20.424908424908423,1,34.4,15.0,157.2,1450,hub_milagro_01
2025-11-13T14:42:50.034Z,89.52380952380953,52.28327228327229,20.307692307692307,1,35.3,15.0,154.6,1450,hub_milagro_01
2025-11-13T14:44:54.584Z,89.25518925518926,53.30891330891331,20.395604395604394,1,36.3,15.1,156.2,1450,hub_milagro_01
2025-11-13T14:46:58.305Z,88.98656898656898,54.04151404151404,20.366300366300365,1,36.5,14.9,157.7,1450,hub_milagro_01
2025-11-13T14:49:02.991Z,88.79120879120879,54.871794871794876,20.395604395604394,1,37.5,15.6,161.1,1450,hub_milagro_01
2025-11-13T14:51:07.269Z,88.47374847374847,55.824175824175825,20.249084249084248,1,36.0,15.1,164.5,1450,hub_milagro_01
2025-11-13T14:53:11.241Z,88.27838827838828,56.65445665445665,20.395604395604394,1,37.6,15.7,157.9,1450,hub_milagro_01
2025-11-13T14:55:14.969Z,87.93650793650794,57.19169719169719,20.366300366300365,1,35.8,15.5,164.6,1450,hub_milagro_01
2025-11-13T14:57:12.792Z,87.78998778998779,58.119658119658126,20.21978021978022,1,38.5,15.7,166.1,1450,hub_milagro_01
2025-11-13T14:59:14.141Z,87.54578754578755,58.60805860805861,20.16117216117216,1,37.2,15.5,0.0,1450,hub_milagro_01
2025-11-13T15:01:18.549Z,87.2039072039072,59.413919413919416,20.307692307692307,1,38.5,16.0,160.6,1450,hub_milagro_01
2025-11-13T15:03:18.299Z,87.03296703296704,59.87789987789988,20.21978021978022,1,36.9,15.4,162.7,1450,hub_milagro_01
2025-11-13T15:05:18.730Z,86.83760683760684,60.366300366300365,20.16117216117216,1,37.6,16.1,165.9,1450,hub_milagro_01
2025-11-13T15:07:21.636Z,86.47130647130648,60.879120879120876,20.073260073260073,1,39.4,16.0,164.2,1450,hub_milagro_01
2025-11-13T15:09:21.450Z,86.20268620268621,61.46520146520147,20.13186813186813,1,38.6,15.6,164.5,1450,hub_milagro_01
2025-11-13T15:11:23.883Z,85.95848595848597,61.97802197802198,20.13186813186813,1,37.8,15.8,166.4,1450,hub_milagro_01
2025-11-13T15:13:26.914Z,85.76312576312576,62.51526251526251,20.19047619047619,1,39.6,15.9,162.7,1450,hub_milagro_01
2025-11-13T15:15:29.826Z,85.59218559218559,62.808302808302805,20.073260073260073,1,38.3,16.8,168.1,1450,hub_milagro_01
2025-11-13T15:17:31.946Z,85.27472527472527,63.199023199023195,19.956043956043956,1,39.6,16.1,173.1,1450,hub_milagro_01
2025-11-13T15:19:31.256Z,85.12820512820512,63.711843711843706,20.13186813186813,1,48.0,16.3,170.2,1450,hub_milagro_01
2025-11-13T15:21:32.653Z,84.81074481074481,64.15140415140415,19.956043956043956,1,39.7,16.1,173.0,1450,hub_milagro_01
2025-11-13T15:23:32.506Z,84.54212454212454,64.42002442002442,20.043956043956044,1,40.6,16.8,166.6,1450,hub_milagro_01
2025-11-13T15:25:34.233Z,84.32234432234432,64.63980463980464,20.014652014652015,1,38.1,17.0,172.9,1450,hub_milagro_01
2025-11-13T15:27:34.079Z,84.12698412698413,64.9084249084249,19.926739926739927,1,40.7,16.9,165.4,1450,hub_milagro_01
2025-11-13T15:29:39.918Z,83.83394383394383,65.37240537240537,19.926739926739927,1,38.4,16.7,167.9,1450,hub_milagro_01
2025-11-13T15:31:42.759Z,83.66300366300366,65.66544566544566,19.926739926739927,1,41.2,16.8,171.1,1450,hub_milagro_01
2025-11-13T15:33:47.229Z,83.41880341880342,66.05616605616605,19.897435897435898,1,40.7,17.0,166.8,1450,hub_milagro_01
2025-11-13T15:35:47.199Z,83.1013431013431,66.42246642246641,19.80952380952381,1,39.4,17.3,169.6,1450,hub_milagro_01
2025-11-13T15:37:52.370Z,82.93040293040293,66.49572649572649,19.86813186813187,1,41.5,17.3,172.2,1450,hub_milagro_01
2025-11-13T15:39:54.795Z,82.68620268620268,67.05738705738705,19.86813186813187,1,39.3,16.9,169.4,1450,hub_milagro_01
2025-11-13T15:41:57.791Z,82.41758241758241,67.05738705738705,19.721611721611723,1,39.4,17.2,174.3,1450,hub_milagro_01
2025-11-13T15:43:55.170Z,82.53968253968253,67.64346764346764,19.78021978021978,1,40.6,17.2,171.2,1450,hub_milagro_01
2025-11-13T15:45:59.344Z,82.53968253968253,67.86324786324786,19.897435897435898,1,39.1,17.6,170.8,1450,hub_milagro_01
2025-11-13T15:48:01.137Z,82.78388278388277,68.15628815628816,20.014652014652015,1,41.8,17.9,168.3,1450,hub_milagro_01
2025-11-13T15:50:03.520Z,82.88156288156289,68.32722832722833,19.956043956043956,1,39.7,17.5,168.2,1450,hub_milagro_01
2025-11-13T15:52:04.775Z,82.83272283272284,68.52258852258852,19.985347985347985,1,41.8,18.0,175.1,1450,hub_milagro_01
2025-11-13T15:54:03.294Z,82.95482295482296,68.4981684981685,20.102564102564102,1,39.8,18.1,177.8,1450,hub_milagro_01
2025-11-13T15:56:07.772Z,83.02808302808303,68.62026862026862,20.19047619047619,1,40.5,17.4,172.9,1450,hub_milagro_01
2025-11-13T15:58:09.129Z,83.12576312576313,68.93772893772893,20.16117216117216,1,41.1,18.1,172.7,1450,hub_milagro_01
2025-11-13T16:00:08.362Z,83.36996336996337,69.1086691086691,20.307692307692307,1,41.1,17.7,173.6,1450,hub_milagro_01
2025-11-13T16:02:09.946Z,83.46764346764347,69.18192918192918,20.21978021978022,1,40.4,17.6,174.1,1450,hub_milagro_01
2025-11-13T16:04:11.893Z,83.46764346764347,69.42612942612942,20.395604395604394,1,40.3,18.0,170.3,1450,hub_milagro_01
2025-11-13T16:06:14.219Z,83.61416361416362,69.4017094017094,20.307692307692307,1,40.7,18.3,168.5,1450,hub_milagro_01
2025-11-13T16:08:17.977Z,83.78510378510379,69.32844932844932,20.395604395604394,1,41.4,18.3,172.7,1450,hub_milagro_01
2025-11-13T16:10:21.918Z,83.83394383394383,69.59706959706959,20.454212454212453,1,39.8,18.4,168.8,1450,hub_milagro_01
2025-11-13T16:12:25.495Z,83.93162393162393,69.89010989010988,20.630036630036628,1,40.0,18.0,170.5,1450,hub_milagro_01
2025-11-13T16:14:25.325Z,84.02930402930403,69.93894993894993,20.659340659340657,1,40.0,18.7,170.0,1450,hub_milagro_01
2025-11-13T16:16:28.170Z,84.2002442002442,69.96336996336996,20.717948717948715,1,41.6,18.5,170.4,1450,hub_milagro_01
2025-11-13T16:18:31.934Z,84.27350427350427,70.01221001221,20.776556776556774,1,40.6,18.5,170.4,1450,hub_milagro_01
2025-11-13T16:20:35.932Z,84.32234432234432,70.15873015873015,20.717948717948715,1,40.8,19.0,166.9,1450,hub_milagro_01
2025-11-13T16:22:34.308Z,84.54212454212454,70.08547008547008,20.835164835164832,1,39.3,18.3,167.4,1450,hub_milagro_01
2025-11-13T16:24:33.075Z,84.63980463980464,70.18315018315018,20.86446886446886,1,39.8,18.1,174.2,1450,hub_milagro_01
2025-11-13T16:26:36.319Z,84.71306471306471,70.37851037851038,20.86446886446886,1,38.6,18.5,167.8,1450,hub_milagro_01
2025-11-13T16:28:41.574Z,84.85958485958486,70.35409035409036,20.89377289377289,1,40.0,18.6,175.4,1450,hub_milagro_01
2025-11-13T16:30:43.025Z,84.9084249084249,70.35409035409036,20.89377289377289,1,39.8,18.4,168.3,1450,hub_milagro_01
2025-11-13T16:32:48.607Z,85.03052503052503,70.37851037851038,20.95238095238095,1,40.9,18.9,173.3,1450,hub_milagro_01
2025-11-13T16:34:52.037Z,85.15262515262515,70.35409035409036,21.069597069597066,1,40.9,18.7,166.7,1450,hub_milagro_01
2025-11-13T16:36:54.494Z,85.2991452991453,70.5006105006105,21.186813186813183,1,38.5,18.6,171.3,1450,hub_milagro_01
2025-11-13T16:38:55.995Z,85.37240537240537,70.32967032967034,21.128205128205124,1,40.0,19.1,0.0,1450,hub_milagro_01
2025-11-13T16:40:59.901Z,85.44566544566544,70.54945054945055,21.216117216117212,1,40.8,19.2,165.4,1450,hub_milagro_01
2025-11-13T16:43:01.483Z,85.61660561660561,70.62271062271063,21.216117216117212,1,41.1,19.6,165.2,1450,hub_milagro_01
2025-11-13T16:45:06.005Z,85.42124542124542,70.62271062271063,21.216117216117212,1,38.3,19.2,164.2,1450,hub_milagro_01
2025-11-13T16:47:07.014Z,85.32356532356532,70.8913308913309,21.3040293040293,1,40.8,19.2,170.4,1450,hub_milagro_01
2025-11-13T16:49:07.606Z,73.18681318681318,70.76923076923077,23.94139194139194,0,38.5,19.4,164.0,1450,hub_milagro_01
2025-11-13T16:51:10.989Z,73.16239316239316,70.81807081807082,24.0,0,40.6,19.2,162.5,1450,hub_milagro_01
2025-11-13T16:53:11.000Z,72.96703296703296,70.76923076923077,23.882783882783883,0,40.3,19.4,166.8,1450,hub_milagro_01
2025-11-13T16:55:14.363Z,72.89377289377289,70.74481074481075,24.02930402930403,0,38.0,19.7,163.9,1450,hub_milagro_01
2025-11-13T16:57:16.711Z,72.72283272283272,70.6959706959707,24.087912087912088,0,40.4,19.8,163.2,1450,hub_milagro_01
2025-11-13T16:59:19.897Z,72.6984126984127,70.5982905982906,24.02930402930403,0,38.2,19.9,0.0,1450,hub_milagro_01
2025-11-13T17:01:20.259Z,72.6007326007326,70.57387057387058,24.02930402930403,0,37.7,19.5,165.5,1450,hub_milagro_01
2025-11-13T17:03:24.883Z,72.5030525030525,70.5982905982906,24.175824175824175,0,38.8,19.5,167.9,1450,hub_milagro_01
2025-11-13T17:05:27.722Z,72.45421245421245,70.47619047619048,24.234432234432234,0,37.7,20.0,161.3,1450,hub_milagro_01
2025-11-13T17:07:31.670Z,72.23443223443223,70.54945054945055,24.02930402930403,0,39.4,20.0,168.7,1450,hub_milagro_01
2025-11-13T17:09:34.426Z,72.08791208791209,70.37851037851038,24.146520146520146,0,37.8,19.7,160.9,1450,hub_milagro_01
2025-11-13T17:11:35.650Z,71.99023199023199,70.37851037851038,24.146520146520146,0,38.0,19.2,162.5,1450,hub_milagro_01
2025-11-13T17:13:34.747Z,71.96581196581197,70.45177045177046,24.0,0,40.0,19.5,166.6,1450,hub_milagro_01
2025-11-13T17:15:38.657Z,71.7948717948718,70.40293040293041,24.087912087912088,0,39.3,18.7,158.9,1450,hub_milagro_01
2025-11-13T17:17:38.904Z,71.72161172161172,70.37851037851038,23.94139194139194,0,38.3,18.5,161.6,1450,hub_milagro_01
2025-11-13T17:19:38.972Z,71.5995115995116,70.3052503052503,23.94139194139194,0,38.6,19.3,162.1,1450,hub_milagro_01
2025-11-13T17:21:40.760Z,71.57509157509158,70.3052503052503,23.853479853479854,0,37.5,18.4,160.0,1450,hub_milagro_01
2025-11-13T17:23:41.577Z,71.37973137973138,70.18315018315018,23.94139194139194,0,0.0,18.7,165.8,1450,hub_milagro_01
2025-11-13T17:25:45.313Z,71.30647130647131,70.28083028083027,23.912087912087912,0,36.8,18.8,161.3,1450,hub_milagro_01
2025-11-13T17:27:46.345Z,71.20879120879121,70.1098901098901,23.853479853479854,0,39.5,18.7,164.0,1450,hub_milagro_01
2025-11-13T17:29:48.029Z,71.11111111111111,70.18315018315018,23.765567765567766,0,39.5,18.7,158.1,1450,hub_milagro_01
2025-11-13T17:31:53.316Z,71.11111111111111,70.08547008547008,23.736263736263737,0,37.9,17.8,155.8,1450,hub_milagro_01
2025-11-13T17:33:52.092Z,70.98901098901099,70.1098901098901,23.706959706959708,0,39.0,17.9,160.2,1450,hub_milagro_01
2025-11-13T17:35:55.851Z,70.94017094017094,69.98778998778998,23.67765567765568,0,37.5,17.7,164.4,1450,hub_milagro_01
2025-11-13T17:37:58.546Z,70.81807081807082,70.08547008547008,23.706959706959708,0,39.2,17.3,125.6,1450,hub_milagro_01
2025-11-13T17:39:59.079Z,70.67155067155068,69.96336996336996,23.58974358974359,0,36.3,17.4,155.4,1450,hub_milagro_01
2025-11-13T17:42:01.267Z,70.52503052503053,69.91452991452991,23.64835164835165,0,37.3,17.5,155.1,1450,hub_milagro_01
2025-11-13T17:44:05.164Z,70.5006105006105,69.93894993894993,23.64835164835165,0,38.1,16.9,160.3,1450,hub_milagro_01
2025-11-13T17:46:04.826Z,70.35409035409036,69.86568986568986,23.58974358974359,0,38.5,17.5,162.4,1450,hub_milagro_01
2025-11-13T17:48:08.081Z,70.23199023199022,69.91452991452991,23.531135531135533,0,37.0,17.2,160.4,1450,hub_milagro_01
2025-11-13T17:50:10.051Z,70.03663003663003,69.81684981684981,23.58974358974359,0,37.6,17.2,162.2,1450,hub_milagro_01
2025-11-13T17:52:10.036Z,69.96336996336996,69.71916971916971,23.443223443223445,0,38.0,16.8,156.5,1450,hub_milagro_01
2025-11-13T17:54:11.469Z,69.84126984126983,69.84126984126983,23.384615384615387,0,39.2,17.1,160.7,1450,hub_milagro_01
2025-11-13T17:56:15.103Z,69.57264957264957,69.71916971916971,23.472527472527474,0,39.3,16.9,159.5,1450,hub_milagro_01
2025-11-13T17:58:19.443Z,69.45054945054945,69.71916971916971,23.472527472527474,0,37.4,16.3,160.6,1450,hub_milagro_01
2025-11-13T18:00:23.447Z,69.42612942612942,69.62148962148962,23.413919413919416,0,37.5,16.6,161.8,1450,hub_milagro_01
2025-11-13T18:02:24.132Z,69.25518925518925,69.71916971916971,23.32600732600733,0,39.7,16.1,158.2,1450,hub_milagro_01
2025-11-13T18:04:28.602Z,69.05982905982906,69.64590964590964,23.2967032967033,0,38.0,16.6,156.4,1450,hub_milagro_01
2025-11-13T18:06:28.714Z,68.93772893772893,69.62148962148962,23.23809523809524,0,37.0,16.4,166.2,1450,hub_milagro_01
2025-11-13T18:08:29.298Z,68.86446886446886,69.57264957264957,23.20879120879121,0,37.1,16.1,158.4,1450,hub_milagro_01
2025-11-13T18:10:31.502Z,68.71794871794872,69.47496947496947,23.179487179487182,0,38.2,16.3,158.2,1450,hub_milagro_01
2025-11-13T18:12:35.752Z,68.54700854700855,69.45054945054945,23.179487179487182,0,39.4,15.6,163.2,1450,hub_milagro_01
2025-11-13T18:14:38.325Z,68.42490842490842,69.4017094017094,23.120879120879124,0,39.8,15.6,162.1,1450,hub_milagro_01
2025-11-13T18:16:41.342Z,68.25396825396825,69.45054945054945,23.120879120879124,0,40.0,15.3,164.2,1450,hub_milagro_01
2025-11-13T18:18:43.082Z,68.15628815628816,69.3040293040293,23.091575091575095,0,38.3,15.1,163.7,1450,hub_milagro_01
2025-11-13T18:20:46.565Z,68.1074481074481,69.3040293040293,22.94505494505495,0,38.8,15.4,160.6,1450,hub_milagro_01
2025-11-13T18:22:45.591Z,67.96092796092796,69.35286935286935,22.88644688644689,0,38.8,14.8,160.2,1450,hub_milagro_01
2025-11-13T18:24:49.250Z,67.71672771672772,69.35286935286935,22.827838827838832,0,37.7,15.1,167.4,1450,hub_milagro_01
2025-11-13T18:26:53.123Z,67.6923076923077,69.27960927960928,23.003663003663007,0,39.8,14.8,167.2,1450,hub_milagro_01
2025-11-13T18:28:54.949Z,67.52136752136752,69.23076923076923,23.062271062271066,0,40.1,14.3,167.7,1450,hub_milagro_01
2025-11-13T18:30:57.145Z,67.3992673992674,69.13308913308913,23.150183150183153,0,38.6,14.4,166.4,1450,hub_milagro_01
2025-11-13T18:33:00.338Z,67.25274725274726,69.18192918192918,23.179487179487182,0,38.7,14.0,161.1,1450,hub_milagro_01
2025-11-13T18:35:00.733Z,67.13064713064712,69.13308913308913,23.23809523809524,0,40.1,14.5,161.5,1450,hub_milagro_01
2025-11-13T18:37:00.871Z,66.98412698412697,69.13308913308913,23.179487179487182,0,38.1,14.1,165.3,1450,hub_milagro_01
2025-11-13T18:39:03.601Z,66.93528693528692,69.05982905982906,23.23809523809524,0,39.2,14.6,166.9,1450,hub_milagro_01
2025-11-13T18:41:02.230Z,66.73992673992673,69.03540903540903,23.26739926739927,0,40.0,14.2,161.9,1450,hub_milagro_01
2025-11-13T18:43:06.838Z,66.61782661782661,69.05982905982906,23.384615384615387,0,38.9,14.1,164.9,1450,hub_milagro_01
2025-11-13T18:45:09.893Z,66.47130647130646,69.01098901098901,23.501831501831504,0,40.1,13.5,163.8,1450,hub_milagro_01
2025-11-13T18:47:11.041Z,66.7155067155067,68.93772893772893,23.443223443223445,0,38.7,13.3,169.8,1450,hub_milagro_01
2025-11-13T18:49:13.595Z,66.86202686202685,69.01098901098901,23.413919413919416,0,38.7,13.8,162.4,1450,hub_milagro_01
2025-11-13T18:51:16.307Z,66.98412698412697,68.96214896214896,23.58974358974359,0,41.3,13.6,166.4,1450,hub_milagro_01
2025-11-13T18:53:16.416Z,67.17948717948717,68.81562881562881,23.58974358974359,0,39.6,13.3,165.0,1450,hub_milagro_01
2025-11-13T18:55:18.640Z,67.22832722832723,68.84004884004884,23.736263736263737,0,38.7,13.6,167.6,1450,hub_milagro_01
2025-11-13T18:57:22.350Z,67.52136752136752,68.76678876678876,23.706959706959708,0,39.4,12.7,165.0,1450,hub_milagro_01
2025-11-13T18:59:27.215Z,67.57020757020757,68.71794871794872,23.67765567765568,0,39.5,12.8,164.7,1450,hub_milagro_01
2025-11-13T19:01:29.426Z,67.6923076923077,68.71794871794872,23.736263736263737,0,40.4,13.2,166.2,1450,hub_milagro_01
2025-11-13T19:03:31.402Z,67.96092796092796,68.69352869352869,23.736263736263737,0,39.2,12.6,169.9,1450,hub_milagro_01
2025-11-13T19:05:33.262Z,67.98534798534799,68.64468864468864,23.824175824175825,0,40.4,12.4,169.3,1450,hub_milagro_01
2025-11-13T19:07:32.164Z,68.25396825396825,68.69352869352869,23.912087912087912,0,40.6,12.9,164.4,1450,hub_milagro_01
2025-11-13T19:09:35.384Z,68.4004884004884,68.62026862026862,23.853479853479854,0,40.1,12.2,173.5,1450,hub_milagro_01
2025-11-13T19:11:36.155Z,68.4981684981685,68.62026862026862,24.02930402930403,0,39.9,11.8,166.9,1450,hub_milagro_01
2025-11-13T19:13:35.790Z,68.74236874236874,68.62026862026862,24.117216117216117,0,41.6,11.9,173.2,1450,hub_milagro_01
2025-11-13T19:15:37.341Z,68.81562881562881,68.52258852258852,24.146520146520146,0,41.3,12.4,166.4,1450,hub_milagro_01
2025-11-13T19:17:35.524Z,68.98656898656898,68.44932844932845,24.146520146520146,0,42.5,12.2,168.5,1450,hub_milagro_01
2025-11-13T19:19:35.571Z,69.1086691086691,68.57142857142857,24.175824175824175,0,41.2,12.1,171.2,1450,hub_milagro_01
2025-11-13T19:21:39.476Z,69.25518925518925,68.52258852258852,24.263736263736263,0,40.7,11.3,171.5,1450,hub_milagro_01
2025-11-13T19:23:40.300Z,69.47496947496947,68.37606837606837,24.32234432234432,0,39.8,11.3,167.5,1450,hub_milagro_01
2025-11-13T19:25:40.841Z,69.67032967032966,68.4981684981685,24.263736263736263,0,41.6,11.0,167.7,1450,hub_milagro_01
2025-11-13T19:27:39.356Z,69.86568986568986,68.35164835164835,24.293040293040292,0,42.7,11.4,168.2,1450,hub_milagro_01
2025-11-13T19:29:38.898Z,69.89010989010988,68.4004884004884,24.35164835164835,0,42.9,10.6,174.9,1450,hub_milagro_01
2025-11-13T19:31:41.604Z,70.06105006105005,68.32722832722833,24.32234432234432,0,42.8,11.2,167.4,1450,hub_milagro_01
2025-11-13T19:33:42.195Z,70.35409035409036,68.3028083028083,24.35164835164835,0,41.3,10.6,167.3,1450,hub_milagro_01
2025-11-13T19:35:43.968Z,70.45177045177046,68.32722832722833,24.38095238095238,0,71.5,10.5,173.2,1450,hub_milagro_01
2025-11-13T19:37:47.046Z,70.54945054945055,68.27838827838828,24.439560439560438,0,40.4,10.7,167.6,1450,hub_milagro_01
2025-11-13T19:39:48.632Z,70.76923076923077,68.18070818070818,24.498168498168496,0,40.9,10.5,167.7,1450,hub_milagro_01
2025-11-13T19:41:46.208Z,70.91575091575092,68.27838827838828,24.644688644688642,0,41.3,10.2,174.0,1450,hub_milagro_01
2025-11-13T19:43:45.386Z,71.13553113553114,68.13186813186813,24.67399267399267,0,41.1,9.8,175.2,1450,hub_milagro_01
2025-11-13T19:45:49.549Z,71.28205128205128,68.22954822954823,24.73260073260073,0,42.6,10.0,170.9,1450,hub_milagro_01
2025-11-13T19:47:53.489Z,71.52625152625153,68.13186813186813,24.76190476190476,0,41.3,9.9,167.5,1450,hub_milagro_01
2025-11-13T19:49:57.107Z,71.5995115995116,68.15628815628816,24.67399267399267,0,42.8,10.0,175.9,1450,hub_milagro_01
2025-11-13T19:51:57.432Z,71.86813186813187,68.13186813186813,24.67399267399267,0,43.7,9.7,175.3,1450,hub_milagro_01
2025-11-13T19:53:55.813Z,72.01465201465201,67.98534798534799,24.76190476190476,0,42.6,10.2,169.6,1450,hub_milagro_01
2025-11-13T19:55:58.558Z,72.21001221001221,68.08302808302808,24.849816849816847,0,43.3,10.7,169.6,1450,hub_milagro_01
2025-11-13T19:58:01.684Z,72.45421245421245,67.96092796092796,24.908424908424905,0,41.3,10.1,172.6,1450,hub_milagro_01
2025-11-13T20:00:03.302Z,72.6007326007326,67.98534798534799,24.820512820512818,0,42.4,10.7,167.0,1450,hub_milagro_01
2025-11-13T20:02:03.860Z,72.74725274725274,67.91208791208791,24.967032967032964,0,43.4,10.1,172.2,1450,hub_milagro_01
2025-11-13T20:04:03.969Z,72.99145299145299,67.86324786324786,24.820512820512818,0,41.6,10.0,172.5,1450,hub_milagro_01
2025-11-13T20:06:06.878Z,73.2112332112332,67.86324786324786,24.820512820512818,0,42.5,10.3,170.4,1450,hub_milagro_01
2025-11-13T20:08:09.684Z,73.43101343101343,67.88766788766789,24.996336996336993,0,44.3,9.9,170.3,1450,hub_milagro_01
2025-11-13T20:10:09.805Z,73.60195360195361,67.88766788766789,24.967032967032964,0,42.1,10.7,166.9,1450,hub_milagro_01
2025-11-13T20:12:14.155Z,73.87057387057388,67.81440781440782,24.908424908424905,0,43.8,9.9,167.4,1450,hub_milagro_01
2025-11-13T20:14:14.127Z,74.01709401709402,67.76556776556777,25.025641025641022,0,41.8,10.8,175.3,1450,hub_milagro_01
2025-11-13T20:16:14.477Z,74.26129426129427,67.83882783882784,24.967032967032964,0,44.3,10.4,169.1,1450,hub_milagro_01
2025-11-13T20:18:14.870Z,74.45665445665446,67.76556776556777,25.14285714285714,0,43.0,10.5,174.8,1450,hub_milagro_01
2025-11-13T20:20:15.856Z,74.52991452991454,67.66788766788767,25.025641025641022,0,42.1,10.7,168.6,1450,hub_milagro_01
2025-11-13T20:22:18.574Z,74.7985347985348,67.74114774114774,25.11355311355311,0,43.4,10.8,170.0,1450,hub_milagro_01
2025-11-13T20:24:17.782Z,75.06715506715507,67.74114774114774,25.14285714285714,0,44.7,10.4,170.1,1450,hub_milagro_01
2025-11-13T20:26:19.962Z,75.26251526251527,67.71672771672772,25.201465201465197,0,44.4,10.6,166.4,1450,hub_milagro_01
2025-11-13T20:28:23.746Z,75.38461538461539,67.71672771672772,25.11355311355311,0,44.1,10.3,175.8,1450,hub_milagro_01
2025-11-13T20:30:27.164Z,75.7020757020757,67.64346764346764,25.260073260073256,0,44.1,10.7,173.7,1450,hub_milagro_01
2025-11-13T20:32:29.824Z,75.7997557997558,67.66788766788767,25.11355311355311,0,43.1,10.9,167.1,1450,hub_milagro_01
2025-11-13T20:34:33.497Z,76.01953601953602,67.54578754578755,25.289377289377285,0,44.6,11.0,169.4,1450,hub_milagro_01
2025-11-13T20:36:37.551Z,76.28815628815629,67.47252747252747,25.260073260073256,0,43.0,10.1,172.2,1450,hub_milagro_01
2025-11-13T20:38:38.943Z,76.48351648351648,67.5946275946276,25.318681318681314,0,45.1,10.8,172.3,1450,hub_milagro_01
2025-11-13T20:40:38.280Z,76.70329670329672,67.57020757020757,25.201465201465197,0,45.5,10.3,168.4,1450,hub_milagro_01
2025-11-13T20:42:40.858Z,76.87423687423689,67.52136752136752,25.289377289377285,0,43.2,10.3,171.4,1450,hub_milagro_01
2025-11-13T20:44:44.372Z,77.04517704517706,67.44810744810745,25.260073260073256,0,43.7,11.0,168.5,1450,hub_milagro_01
2025-11-13T20:46:47.814Z,77.1916971916972,67.4969474969475,25.260073260073256,0,45.7,10.8,171.5,1450,hub_milagro_01
2025-11-13T20:48:52.840Z,77.06959706959708,67.3992673992674,25.318681318681314,0,45.3,10.6,170.5,1450,hub_milagro_01
2025-11-13T20:50:55.917Z,76.996336996337,67.32600732600733,25.43589743589743,0,43.0,10.5,175.7,1450,hub_milagro_01
2025-11-13T20:52:57.782Z,76.72771672771674,67.37484737484738,25.347985347985343,0,44.3,10.7,172.9,1450,hub_milagro_01
2025-11-13T20:54:59.697Z,76.55677655677655,67.32600732600733,25.46520146520146,0,43.1,10.9,172.0,1450,hub_milagro_01
2025-11-13T20:56:58.615Z,76.53235653235653,67.2039072039072,25.318681318681314,0,43.1,11.1,173.4,1450,hub_milagro_01
2025-11-13T20:59:02.390Z,76.41025641025641,67.2039072039072,25.318681318681314,0,43.6,10.5,167.9,1450,hub_milagro_01
2025-11-13T21:01:03.662Z,76.19047619047619,67.25274725274726,25.377289377289372,0,43.4,10.5,125.3,1450,hub_milagro_01
2025-11-13T21:03:02.334Z,76.09279609279609,67.2039072039072,25.318681318681314,0,44.9,11.1,175.7,1450,hub_milagro_01
2025-11-13T21:05:06.934Z,75.8974358974359,67.1062271062271,25.4065934065934,0,46.0,10.9,174.9,1450,hub_milagro_01
2025-11-13T21:07:08.981Z,75.7997557997558,67.08180708180707,25.347985347985343,0,46.2,10.4,172.9,1450,hub_milagro_01
2025-11-13T21:09:11.345Z,75.6043956043956,67.15506715506714,25.43589743589743,0,44.6,10.7,166.9,1450,hub_milagro_01
2025-11-13T21:11:11.413Z,75.40903540903541,67.13064713064712,25.230769230769226,0,46.0,10.9,173.0,1450,hub_milagro_01
2025-11-13T21:13:13.719Z,75.33577533577534,67.05738705738705,25.260073260073256,0,45.5,10.6,166.5,1450,hub_milagro_01
2025-11-13T21:15:15.503Z,75.11599511599512,67.05738705738705,25.230769230769226,0,44.8,10.8,172.7,1450,hub_milagro_01
2025-11-13T21:17:14.913Z,74.993894993895,66.95970695970695,25.172161172161168,0,45.6,11.1,169.8,1450,hub_milagro_01
2025-11-13T21:19:18.894Z,74.82295482295483,67.05738705738705,25.11355311355311,0,44.3,10.7,171.2,1450,hub_milagro_01
2025-11-13T21:21:17.208Z,74.7008547008547,66.98412698412697,25.05494505494505,0,43.9,11.3,0.0,1450,hub_milagro_01
2025-11-13T21:23:21.181Z,74.45665445665446,66.88644688644688,25.025641025641022,0,46.7,10.8,165.1,1450,hub_milagro_01
2025-11-13T21:25:24.923Z,74.40781440781441,66.9108669108669,24.820512820512818,0,46.7,10.8,163.3,1450,hub_milagro_01
2025-11-13T21:27:24.010Z,74.13919413919415,66.88644688644688,24.820512820512818,0,46.3,10.5,169.8,1450,hub_milagro_01
2025-11-13T21:29:26.171Z,74.11477411477412,66.83760683760683,24.73260073260073,0,46.9,10.8,167.9,1450,hub_milagro_01
2025-11-13T21:31:31.973Z,73.91941391941393,66.73992673992673,24.79120879120879,0,44.6,11.4,166.9,1450,hub_milagro_01
2025-11-13T21:33:35.247Z,73.74847374847376,66.8131868131868,24.615384615384613,0,44.7,11.0,162.3,1450,hub_milagro_01
2025-11-13T21:35:37.971Z,73.57753357753359,66.7155067155067,24.644688644688642,0,45.4,10.7,168.0,1450,hub_milagro_01
2025-11-13T21:37:37.673Z,73.52869352869354,66.7155067155067,24.41025641025641,0,44.6,10.7,166.5,1450,hub_milagro_01
2025-11-13T21:39:38.547Z,73.26007326007326,66.76434676434675,24.498168498168496,0,47.2,10.9,162.4,1450,hub_milagro_01
2025-11-13T21:41:42.122Z,73.2112332112332,66.59340659340658,24.468864468864467,0,46.2,10.6,167.1,1450,hub_milagro_01
2025-11-13T21:43:43.766Z,73.04029304029304,66.64224664224663,24.293040293040292,0,45.6,11.5,164.8,1450,hub_milagro_01
2025-11-13T21:45:46.178Z,72.84493284493284,66.56898656898656,24.234432234432234,0,45.7,10.6,168.0,1450,hub_milagro_01
2025-11-13T21:47:47.860Z,72.72283272283272,66.59340659340658,24.117216117216117,0,47.4,11.0,164.2,1450,hub_milagro_01
2025-11-13T21:49:49.251Z,73.04029304029304,66.52014652014651,24.05860805860806,0,47.7,11.3,167.2,1450,hub_milagro_01
2025-11-13T21:51:50.402Z,73.3089133089133,66.61782661782661,23.94139194139194,0,46.5,11.5,168.6,1450,hub_milagro_01
2025-11-13T21:53:53.959Z,73.57753357753359,66.44688644688644,23.912087912087912,0,47.4,11.0,165.4,1450,hub_milagro_01
2025-11-13T21:55:56.202Z,73.84615384615385,66.47130647130646,23.882783882783883,0,48.1,10.7,167.7,1450,hub_milagro_01
2025-11-13T21:58:00.805Z,74.0903540903541,66.59340659340658,23.736263736263737,0,48.3,11.0,159.0,1450,hub_milagro_01
2025-11-13T21:59:58.638Z,74.48107448107449,66.47130647130646,23.794871794871796,0,47.3,11.3,160.6,1450,hub_milagro_01
2025-11-13T22:02:01.633Z,74.74969474969475,66.49572649572649,23.706959706959708,0,47.5,11.6,164.3,1450,hub_milagro_01
2025-11-13T22:04:04.138Z,74.993894993895,66.39804639804639,23.61904761904762,0,46.8,10.7,164.0,1450,hub_milagro_01
2025-11-13T22:06:09.969Z,75.26251526251527,66.30036630036629,23.501831501831504,0,49.1,10.8,158.1,1450,hub_milagro_01
2025-11-13T22:08:12.984Z,75.6043956043956,66.42246642246641,23.443223443223445,0,49.5,10.8,162.4,1450,hub_milagro_01
2025-11-13T22:10:16.196Z,75.77533577533578,66.32478632478632,23.443223443223445,0,47.8,10.9,162.6,1450,hub_milagro_01
2025-11-13T22:12:21.672Z,76.11721611721612,66.32478632478632,23.23809523809524,0,47.1,11.6,165.0,1450,hub_milagro_01
2025-11-13T22:14:23.711Z,76.41025641025641,66.22710622710622,23.32600732600733,0,48.3,11.3,165.4,1450,hub_milagro_01
2025-11-13T22:16:22.288Z,76.75213675213676,66.17826617826617,23.179487179487182,0,49.8,11.7,163.7,1450,hub_milagro_01
2025-11-13T22:18:22.066Z,76.92307692307693,66.30036630036629,23.20879120879121,0,47.8,10.8,162.0,1450,hub_milagro_01
2025-11-13T22:20:27.992Z,77.24053724053725,66.27594627594627,23.120879120879124,0,49.8,11.4,155.1,1450,hub_milagro_01
2025-11-13T22:22:26.443Z,77.50915750915752,66.1050061050061,22.91575091575092,0,50.1,11.2,160.4,1450,hub_milagro_01
2025-11-13T22:24:28.749Z,77.89987789987791,66.08058608058607,22.974358974358978,0,49.5,11.3,154.6,1450,hub_milagro_01
2025-11-13T22:26:27.779Z,78.1929181929182,66.1050061050061,22.769230769230774,0,50.6,11.1,157.5,1450,hub_milagro_01
2025-11-13T22:28:27.353Z,78.33943833943835,66.15384615384615,22.769230769230774,0,51.2,11.5,156.0,1450,hub_milagro_01
2025-11-13T22:30:31.440Z,78.73015873015873,66.08058608058607,22.85714285714286,0,48.7,11.6,153.8,1450,hub_milagro_01
2025-11-13T22:32:30.268Z,78.97435897435898,66.03174603174602,22.798534798534803,0,51.1,11.4,157.6,1450,hub_milagro_01
2025-11-13T22:34:29.361Z,79.24297924297925,66.1050061050061,22.85714285714286,0,51.6,11.9,156.9,1450,hub_milagro_01
2025-11-13T22:36:27.142Z,79.60927960927961,66.05616605616605,22.88644688644689,0,49.7,11.3,156.3,1450,hub_milagro_01
2025-11-13T22:38:26.483Z,79.78021978021978,65.9096459096459,22.88644688644689,0,51.0,11.1,159.9,1450,hub_milagro_01
2025-11-13T22:40:27.872Z,80.04884004884005,65.95848595848595,23.003663003663007,0,52.6,11.1,154.5,1450,hub_milagro_01
2025-11-13T22:42:29.013Z,80.34188034188034,65.9096459096459,23.032967032967036,0,51.7,11.7,155.2,1450,hub_milagro_01
2025-11-13T22:44:33.378Z,80.61050061050061,65.83638583638583,23.003663003663007,0,51.4,11.5,152.7,1450,hub_milagro_01
2025-11-13T22:46:38.805Z,81.001221001221,65.95848595848595,23.003663003663007,0,51.2,11.3,151.6,1450,hub_milagro_01
2025-11-13T22:48:38.839Z,81.26984126984127,65.8119658119658,23.062271062271066,0,51.4,12.0,153.8,1450,hub_milagro_01
2025-11-13T22:50:43.745Z,80.78144078144078,65.93406593406593,23.062271062271066,0,51.2,11.9,127.2,1450,hub_milagro_01
2025-11-13T22:52:45.575Z,80.26862026862027,65.86080586080585,23.062271062271066,0,53.8,11.7,156.9,1450,hub_milagro_01
2025-11-13T22:54:49.753Z,79.87789987789988,65.83638583638583,23.150183150183153,0,51.8,11.9,156.5,1450,hub_milagro_01
2025-11-13T22:56:52.780Z,79.34065934065934,65.86080586080585,23.120879120879124,0,53.9,11.3,159.3,1450,hub_milagro_01
2025-11-13T22:58:52.723Z,78.80341880341881,65.78754578754578,23.150183150183153,0,51.8,12.2,155.0,1450,hub_milagro_01
2025-11-13T23:00:54.643Z,78.36385836385837,65.68986568986568,23.179487179487182,0,52.6,12.1,154.9,1450,hub_milagro_01
2025-11-13T23:02:58.135Z,77.82661782661783,65.66544566544566,23.150183150183153,0,52.1,11.4,162.4,1450,hub_milagro_01
2025-11-13T23:04:57.410Z,77.41147741147742,65.73870573870573,23.2967032967033,0,54.3,12.0,161.5,1450,hub_milagro_01
2025-11-13T23:06:57.057Z,76.84981684981686,65.59218559218559,23.32600732600733,0,54.1,12.0,161.6,1450,hub_milagro_01
2025-11-13T23:08:57.396Z,76.43467643467643,65.54334554334554,23.384615384615387,0,53.9,11.6,157.8,1450,hub_milagro_01
2025-11-13T23:10:57.503Z,75.87301587301587,65.64102564102564,23.384615384615387,0,55.2,11.9,0.0,1450,hub_milagro_01
2025-11-13T23:12:57.383Z,75.55555555555556,65.54334554334554,23.2967032967033,0,55.0,11.6,161.0,1450,hub_milagro_01
2025-11-13T23:15:02.687Z,74.96947496947497,65.51892551892551,23.384615384615387,0,53.2,11.8,160.9,1450,hub_milagro_01
2025-11-13T23:17:06.219Z,74.52991452991454,65.49450549450549,23.472527472527474,0,54.5,12.1,162.8,1450,hub_milagro_01
2025-11-13T23:19:10.881Z,74.11477411477412,65.49450549450549,23.413919413919416,0,55.4,11.9,165.2,1450,hub_milagro_01
2025-11-13T23:21:13.960Z,73.50427350427351,65.42124542124542,23.472527472527474,0,56.0,12.1,170.6,1450,hub_milagro_01
2025-11-13T23:23:12.054Z,73.06471306471306,65.47008547008546,23.531135531135533,0,55.9,11.9,165.6,1450,hub_milagro_01
2025-11-13T23:25:14.954Z,72.57631257631257,65.34798534798534,23.58974358974359,0,68.3,12.3,170.4,1450,hub_milagro_01
2025-11-13T23:27:18.593Z,72.11233211233211,65.32356532356532,23.472527472527474,0,56.1,12.0,171.6,1450,hub_milagro_01
2025-11-13T23:29:22.422Z,71.6971916971917,65.32356532356532,23.443223443223445,0,56.2,12.5,173.9,1450,hub_milagro_01
2025-11-13T23:31:27.192Z,71.25763125763126,65.2991452991453,23.560439560439562,0,57.4,11.6,171.5,1450,hub_milagro_01
2025-11-13T23:33:31.293Z,70.67155067155068,65.34798534798534,23.61904761904762,0,57.1,12.2,170.3,1450,hub_milagro_01
2025-11-13T23:35:32.594Z,70.2075702075702,65.42124542124542,23.61904761904762,0,55.7,12.5,174.9,1450,hub_milagro_01
2025-11-13T23:37:36.340Z,69.74358974358974,65.2991452991453,23.67765567765568,0,57.3,12.5,169.7,1450,hub_milagro_01
2025-11-13T23:39:38.851Z,69.32844932844932,65.27472527472527,23.736263736263737,0,55.6,12.5,170.9,1450,hub_milagro_01
2025-11-13T23:41:37.106Z,68.81562881562881,65.27472527472527,23.64835164835165,0,58.2,12.4,176.4,1450,hub_milagro_01
2025-11-13T23:43:42.535Z,68.25396825396825,65.22588522588522,23.67765567765568,0,56.6,12.1,177.9,1450,hub_milagro_01
2025-11-13T23:45:42.000Z,67.88766788766789,65.07936507936508,23.736263736263737,0,57.2,12.7,178.0,1450,hub_milagro_01
2025-11-13T23:47:47.195Z,67.32600732600733,65.07936507936508,23.64835164835165,0,56.6,12.6,178.7,1450,hub_milagro_01
2025-11-13T23:49:45.611Z,66.83760683760683,65.1037851037851,23.765567765567766,0,57.0,12.4,181.8,1450,hub_milagro_01
2025-11-13T23:51:46.261Z,67.47252747252747,65.1037851037851,23.765567765567766,0,58.2,12.6,177.6,1450,hub_milagro_01
2025-11-13T23:53:47.985Z,67.93650793650794,65.05494505494505,23.531135531135533,0,57.3,11.9,181.4,1450,hub_milagro_01
2025-11-13T23:55:52.035Z,68.54700854700855,65.12820512820512,23.560439560439562,0,58.0,12.1,179.0,1450,hub_milagro_01
2025-11-13T23:57:54.514Z,69.05982905982906,65.07936507936508,23.443223443223445,0,56.4,12.8,182.2,1450,hub_milagro_01
2025-11-13T23:59:54.166Z,69.52380952380952,65.05494505494505,23.413919413919416,0,55.3,12.1,0.0,1450,hub_milagro_01
2025-11-14T00:01:59.791Z,70.03663003663003,64.98168498168498,23.26739926739927,0,55.8,12.6,185.6,1450,hub_milagro_01
2025-11-14T00:03:58.758Z,70.64713064713065,64.9084249084249,23.26739926739927,0,55.8,12.3,184.9,1450,hub_milagro_01
2025-11-14T00:06:00.285Z,71.20879120879121,64.88400488400488,23.20879120879121,0,54.5,12.3,188.2,1450,hub_milagro_01
2025-11-14T00:07:59.165Z,71.74603174603175,64.9084249084249,23.032967032967036,0,55.4,13.0,183.2,1450,hub_milagro_01
2025-11-14T00:10:01.237Z,72.23443223443223,65.006105006105,22.974358974358978,0,55.9,12.1,134.4,1450,hub_milagro_01
2025-11-14T00:12:01.942Z,72.89377289377289,64.88400488400488,22.91575091575092,0,54.1,12.5,185.8,1450,hub_milagro_01
2025-11-14T00:14:00.130Z,73.43101343101343,64.98168498168498,22.769230769230774,0,53.5,12.6,191.6,1450,hub_milagro_01
2025-11-14T00:16:00.268Z,73.8949938949939,64.81074481074481,22.85714285714286,0,55.7,12.9,182.8,1450,hub_milagro_01
2025-11-14T00:18:04.130Z,74.45665445665446,64.85958485958486,22.769230769230774,0,54.8,12.9,184.8,1450,hub_milagro_01
2025-11-14T00:20:03.086Z,74.92063492063492,64.88400488400488,22.710622710622715,0,54.5,12.5,187.9,1450,hub_milagro_01
2025-11-14T00:22:03.315Z,75.53113553113553,64.78632478632478,22.53479853479854,0,53.5,13.1,191.6,1450,hub_milagro_01
2025-11-14T00:24:05.093Z,76.06837606837607,64.78632478632478,22.417582417582423,0,54.0,12.3,191.8,1450,hub_milagro_01
2025-11-14T00:26:06.245Z,76.55677655677655,64.66422466422466,22.358974358974365,0,54.4,12.8,190.3,1450,hub_milagro_01
2025-11-14T00:28:05.788Z,77.16727716727718,64.73748473748473,22.241758241758248,0,52.7,12.8,190.2,1450,hub_milagro_01
2025-11-14T00:30:08.210Z,77.72893772893774,64.63980463980464,22.300366300366306,0,52.0,12.9,192.7,1450,hub_milagro_01
2025-11-14T00:32:07.620Z,78.1929181929182,64.73748473748473,22.065934065934073,0,52.9,12.7,188.0,1450,hub_milagro_01
2025-11-14T00:34:11.523Z,78.70573870573871,64.56654456654456,22.007326007326014,0,53.9,13.0,191.8,1450,hub_milagro_01
2025-11-14T00:36:15.055Z,79.24297924297925,64.56654456654456,21.919413919413927,0,52.4,12.6,194.3,1450,hub_milagro_01
2025-11-14T00:38:14.345Z,79.78021978021978,64.56654456654456,21.978021978021985,0,51.8,12.6,192.2,1450,hub_milagro_01
2025-11-14T00:40:16.324Z,80.41514041514041,64.61538461538461,21.772893772893767,0,51.4,12.9,185.7,1450,hub_milagro_01
2025-11-14T00:42:15.252Z,80.83028083028083,64.51770451770452,21.714285714285708,0,51.8,0.0,194.3,1450,hub_milagro_01
2025-11-14T00:44:19.456Z,81.48962148962148,64.42002442002442,21.59706959706959,0,51.0,12.9,186.2,1450,hub_milagro_01
2025-11-14T00:46:19.689Z,81.97802197802197,64.44444444444444,21.68498168498168,0,50.5,13.0,190.4,1450,hub_milagro_01
2025-11-14T00:48:22.386Z,82.44200244200243,64.42002442002442,21.538461538461533,0,50.3,12.9,186.3,1450,hub_milagro_01
2025-11-14T00:50:27.249Z,83.00366300366301,64.49328449328449,21.362637362637358,0,51.5,12.9,186.8,1450,hub_milagro_01
2025-11-14T00:52:27.234Z,83.00366300366301,64.37118437118437,21.33333333333333,0,49.4,13.4,189.4,1450,hub_milagro_01
2025-11-14T00:54:31.092Z,82.90598290598291,64.42002442002442,21.24542124542124,0,50.7,12.6,183.3,1450,hub_milagro_01
2025-11-14T00:56:36.234Z,82.97924297924298,64.2979242979243,21.157509157509153,0,49.1,12.7,182.6,1450,hub_milagro_01
2025-11-14T00:58:38.964Z,82.88156288156289,64.27350427350427,21.069597069597066,0,50.6,12.8,188.8,1450,hub_milagro_01
2025-11-14T01:00:39.779Z,82.85714285714286,64.37118437118437,21.010989010989007,0,50.7,12.9,181.3,1450,hub_milagro_01
2025-11-14T01:02:38.138Z,82.83272283272284,64.3956043956044,20.981684981684978,0,48.1,13.5,189.1,1450,hub_milagro_01
2025-11-14T01:04:38.655Z,82.78388278388277,64.2979242979243,20.805860805860803,0,47.8,13.0,185.6,1450,hub_milagro_01
2025-11-14T01:06:40.662Z,82.90598290598291,64.27350427350427,20.805860805860803,0,48.9,13.6,183.9,1450,hub_milagro_01
2025-11-14T01:08:39.075Z,82.90598290598291,64.2002442002442,20.717948717948715,0,47.3,13.6,183.3,1450,hub_milagro_01
2025-11-14T01:10:42.768Z,82.83272283272284,64.2979242979243,20.747252747252745,0,49.0,12.9,187.0,1450,hub_milagro_01
2025-11-14T01:12:44.729Z,82.78388278388277,64.15140415140415,20.57142857142857,0,47.7,12.8,188.1,1450,hub_milagro_01
2025-11-14T01:14:45.669Z,82.78388278388277,64.12698412698413,20.51282051282051,0,47.3,13.2,182.9,1450,hub_milagro_01
2025-11-14T01:16:49.169Z,82.68620268620268,64.2002442002442,20.483516483516482,0,48.2,13.0,178.0,1450,hub_milagro_01
2025-11-14T01:18:51.636Z,82.63736263736263,64.22466422466422,20.51282051282051,0,47.3,12.8,181.7,1450,hub_milagro_01
2025-11-14T01:20:53.068Z,82.75946275946275,64.1025641025641,20.454212454212453,0,46.5,13.4,184.1,1450,hub_milagro_01
2025-11-14T01:22:54.225Z,82.58852258852258,64.05372405372405,20.454212454212453,0,45.9,13.2,180.6,1450,hub_milagro_01
2025-11-14T01:24:52.067Z,82.6129426129426,64.12698412698413,20.366300366300365,0,46.5,12.7,180.7,1450,hub_milagro_01
2025-11-14T01:26:57.631Z,82.68620268620268,64.05372405372405,20.395604395604394,0,47.7,12.8,181.1,1450,hub_milagro_01
2025-11-14T01:29:00.855Z,82.66178266178265,64.004884004884,20.395604395604394,0,47.0,13.3,177.6,1450,hub_milagro_01
2025-11-14T01:31:05.414Z,82.56410256410255,64.07814407814408,20.366300366300365,0,47.0,12.6,176.2,1450,hub_milagro_01
2025-11-14T01:33:09.714Z,82.56410256410255,64.02930402930403,20.278388278388277,0,45.4,13.1,177.2,1450,hub_milagro_01
2025-11-14T01:35:14.058Z,82.53968253968253,63.931623931623925,20.366300366300365,0,45.2,13.5,177.1,1450,hub_milagro_01
2025-11-14T01:37:15.219Z,82.46642246642246,63.931623931623925,20.336996336996336,0,44.4,13.3,176.7,1450,hub_milagro_01
2025-11-14T01:39:19.153Z,82.41758241758241,64.004884004884,20.19047619047619,0,0.0,13.1,182.9,1450,hub_milagro_01
2025-11-14T01:41:22.846Z,82.49084249084248,63.8095238095238,20.21978021978022,0,43.3,13.3,175.8,1450,hub_milagro_01
2025-11-14T01:43:21.174Z,82.44200244200243,63.78510378510378,20.21978021978022,0,43.8,12.7,180.4,1450,hub_milagro_01
2025-11-14T01:45:21.794Z,82.41758241758241,63.85836385836385,20.014652014652015,0,43.4,12.7,175.5,1450,hub_milagro_01
2025-11-14T01:47:22.669Z,82.39316239316238,63.85836385836385,20.073260073260073,0,45.3,13.1,179.6,1450,hub_milagro_01
2025-11-14T01:49:20.896Z,82.36874236874236,63.73626373626373,19.956043956043956,0,42.7,12.4,178.4,1450,hub_milagro_01
2025-11-14T01:51:23.965Z,82.36874236874236,63.73626373626373,20.073260073260073,0,44.8,12.5,175.0,1450,hub_milagro_01
2025-11-14T01:53:28.258Z,82.34432234432234,63.73626373626373,20.073260073260073,0,44.0,12.7,177.0,1450,hub_milagro_01
2025-11-14T01:55:28.937Z,82.41758241758241,63.66300366300366,20.043956043956044,0,42.1,13.0,179.0,1450,hub_milagro_01
2025-11-14T01:57:28.618Z,82.34432234432234,63.73626373626373,19.897435897435898,0,42.6,12.3,169.1,1450,hub_milagro_01
2025-11-14T01:59:32.992Z,82.36874236874236,63.63858363858363,19.83882783882784,0,44.1,13.1,176.0,1450,hub_milagro_01
2025-11-14T02:01:32.788Z,82.34432234432234,63.61416361416361,19.926739926739927,0,66.7,12.8,171.0,1450,hub_milagro_01
2025-11-14T02:03:31.849Z,82.46642246642246,63.61416361416361,19.80952380952381,0,42.7,12.5,173.6,1450,hub_milagro_01
2025-11-14T02:05:35.260Z,82.49084249084248,63.51648351648351,19.692307692307693,0,42.2,13.1,171.7,1450,hub_milagro_01
2025-11-14T02:07:39.559Z,82.49084249084248,63.589743589743584,19.663003663003664,0,44.9,12.9,173.2,1450,hub_milagro_01
2025-11-14T02:09:42.294Z,82.44200244200243,63.49206349206349,19.80952380952381,0,43.7,12.4,171.8,1450,hub_milagro_01
2025-11-14T02:11:41.132Z,82.49084249084248,63.39438339438339,19.750915750915752,0,44.0,12.7,170.0,1450,hub_milagro_01
2025-11-14T02:13:41.555Z,82.44200244200243,63.34554334554334,19.721611721611723,0,0.0,12.9,173.9,1450,hub_milagro_01
2025-11-14T02:15:46.116Z,82.46642246642246,63.418803418803414,19.604395604395606,0,44.3,12.8,169.5,1450,hub_milagro_01
2025-11-14T02:17:47.397Z,82.53968253968253,63.39438339438339,19.633699633699635,0,42.1,12.9,172.3,1450,hub_milagro_01
2025-11-14T02:19:51.547Z,82.6129426129426,63.321123321123316,19.663003663003664,0,42.1,12.8,171.7,1450,hub_milagro_01
2025-11-14T02:21:54.495Z,82.63736263736263,63.22344322344322,19.604395604395606,0,45.0,12.7,171.6,1450,hub_milagro_01
2025-11-14T02:23:55.921Z,82.53968253968253,63.22344322344322,19.48717948717949,0,60.1,11.9,169.4,1450,hub_milagro_01
2025-11-14T02:25:54.098Z,82.68620268620268,63.199023199023195,19.48717948717949,0,43.9,12.4,167.8,1450,hub_milagro_01
2025-11-14T02:27:57.251Z,82.6129426129426,63.24786324786324,19.516483516483518,0,42.2,12.0,171.1,1450,hub_milagro_01
2025-11-14T02:29:57.870Z,82.66178266178265,63.22344322344322,19.311355311355314,0,42.3,12.2,164.2,1450,hub_milagro_01
2025-11-14T02:32:02.617Z,82.66178266178265,63.150183150183146,19.252747252747255,0,42.4,12.1,164.0,1450,hub_milagro_01
2025-11-14T02:34:02.861Z,82.7106227106227,63.24786324786324,19.3992673992674,0,42.3,12.5,169.5,1450,hub_milagro_01
2025-11-14T02:36:04.953Z,82.63736263736263,63.22344322344322,19.252747252747255,0,43.1,12.5,0.0,1450,hub_milagro_01
2025-11-14T02:38:07.415Z,82.66178266178265,63.17460317460317,19.164835164835168,0,44.9,12.6,161.6,1450,hub_milagro_01
2025-11-14T02:40:11.481Z,82.66178266178265,63.1013431013431,19.194139194139197,0,44.3,12.6,165.5,1450,hub_milagro_01
2025-11-14T02:42:15.862Z,82.68620268620268,63.05250305250305,19.10622710622711,0,43.4,12.3,162.0,1450,hub_milagro_01
2025-11-14T02:44:17.275Z,82.66178266178265,63.17460317460317,19.10622710622711,0,43.4,12.3,162.6,1450,hub_milagro_01
2025-11-14T02:46:17.656Z,82.7106227106227,63.05250305250305,19.018315018315015,0,44.3,11.9,159.6,1450,hub_milagro_01
2025-11-14T02:48:16.002Z,82.68620268620268,63.150183150183146,18.959706959706956,0,44.2,12.1,160.0,1450,hub_milagro_01
2025-11-14T02:50:21.387Z,82.73504273504273,63.05250305250305,18.930402930402927,0,44.1,12.5,157.5,1450,hub_milagro_01
2025-11-14T02:52:23.280Z,82.7106227106227,63.028083028083024,18.78388278388278,0,43.5,11.7,164.4,1450,hub_milagro_01
2025-11-14T02:54:22.286Z,82.8083028083028,63.003663003663,18.84249084249084,0,44.5,12.1,160.9,1450,hub_milagro_01
2025-11-14T02:56:24.399Z,82.95482295482296,63.003663003663,18.695970695970693,0,44.9,11.6,156.9,1450,hub_milagro_01
2025-11-14T02:58:23.738Z,83.15018315018315,62.9059829059829,18.608058608058606,0,43.0,12.2,162.0,1450,hub_milagro_01
2025-11-14T03:00:24.829Z,83.24786324786325,63.05250305250305,18.637362637362635,0,44.0,12.3,158.8,1450,hub_milagro_01
2025-11-14T03:02:27.788Z,83.2967032967033,62.88156288156288,18.578754578754577,0,43.6,11.7,160.3,1450,hub_milagro_01
2025-11-14T03:04:29.862Z,83.44322344322345,62.88156288156288,18.52014652014652,0,42.5,11.9,154.4,1450,hub_milagro_01
2025-11-14T03:06:29.233Z,83.46764346764347,62.93040293040293,18.46153846153846,0,42.4,12.0,153.3,1450,hub_milagro_01
2025-11-14T03:08:29.999Z,83.58974358974359,62.808302808302805,18.43223443223443,0,44.4,11.6,152.4,1450,hub_milagro_01
2025-11-14T03:10:33.914Z,83.71184371184371,62.88156288156288,18.285714285714285,0,42.5,12.2,158.8,1450,hub_milagro_01
2025-11-14T03:12:35.673Z,83.78510378510379,62.9059829059829,18.315018315018314,0,43.7,12.3,158.3,1450,hub_milagro_01
2025-11-14T03:14:34.713Z,84.02930402930403,62.808302808302805,18.197802197802197,0,43.9,11.5,157.3,1450,hub_milagro_01
2025-11-14T03:16:34.046Z,84.15140415140415,62.73504273504273,18.10989010989011,0,42.8,11.6,150.0,1450,hub_milagro_01
2025-11-14T03:18:35.774Z,84.24908424908425,62.78388278388278,18.08058608058608,0,43.5,12.0,157.2,1450,hub_milagro_01
2025-11-14T03:20:39.430Z,84.22466422466422,62.686202686202684,18.13919413919414,0,42.4,11.7,152.7,1450,hub_milagro_01
2025-11-14T03:22:41.922Z,84.34676434676435,62.686202686202684,18.021978021978022,0,42.7,12.2,153.1,1450,hub_milagro_01
2025-11-14T03:24:41.266Z,84.56654456654456,62.73504273504273,18.021978021978022,0,44.7,11.4,150.2,1450,hub_milagro_01
2025-11-14T03:26:41.055Z,84.61538461538461,62.73504273504273,17.963369963369964,0,42.6,11.7,155.9,1450,hub_milagro_01
2025-11-14T03:28:41.129Z,84.71306471306471,62.71062271062271,17.75824175824176,0,44.0,12.1,148.7,1450,hub_milagro_01
2025-11-14T03:30:40.182Z,84.85958485958486,62.71062271062271,17.78754578754579,0,42.9,11.9,148.0,1450,hub_milagro_01
2025-11-14T03:32:42.755Z,84.83516483516483,62.66178266178266,17.75824175824176,0,43.1,12.0,145.5,1450,hub_milagro_01
2025-11-14T03:34:46.085Z,85.03052503052503,62.66178266178266,17.78754578754579,0,44.2,11.2,151.6,1450,hub_milagro_01
2025-11-14T03:36:44.645Z,85.03052503052503,62.61294261294261,17.67032967032967,0,42.7,11.4,148.0,1450,hub_milagro_01
2025-11-14T03:38:44.832Z,85.22588522588522,62.588522588522586,17.641025641025642,0,43.7,11.5,152.8,1450,hub_milagro_01
2025-11-14T03:40:44.480Z,85.2991452991453,62.49084249084249,17.553113553113555,0,42.4,11.1,149.8,1450,hub_milagro_01
2025-11-14T03:42:44.153Z,85.32356532356532,62.49084249084249,17.523809523809526,0,43.5,11.8,147.8,1450,hub_milagro_01
2025-11-14T03:44:47.747Z,85.42124542124542,62.588522588522586,17.494505494505496,0,43.7,11.4,144.6,1450,hub_milagro_01
2025-11-14T03:46:50.797Z,85.61660561660561,62.466422466422465,17.465201465201467,0,42.7,11.0,149.7,1450,hub_milagro_01
2025-11-14T03:48:55.756Z,85.73870573870573,62.49084249084249,17.40659340659341,0,45.2,11.6,146.6,1450,hub_milagro_01
2025-11-14T03:50:55.663Z,85.73870573870573,62.44200244200244,17.260073260073263,0,44.3,11.1,144.6,1450,hub_milagro_01
2025-11-14T03:52:55.304Z,85.86080586080585,62.56410256410256,17.172161172161168,0,44.5,11.3,147.4,1450,hub_milagro_01
2025-11-14T03:55:00.841Z,85.66544566544566,62.417582417582416,17.31868131868132,0,43.3,11.6,148.3,1450,hub_milagro_01
2025-11-14T03:57:01.699Z,85.49450549450549,62.51526251526251,17.260073260073263,0,42.3,10.9,145.0,1450,hub_milagro_01
2025-11-14T03:59:02.940Z,85.22588522588522,62.39316239316239,17.31868131868132,0,43.3,11.3,146.8,1450,hub_milagro_01
2025-11-14T04:01:07.063Z,84.88400488400488,62.417582417582416,17.40659340659341,0,44.2,10.8,150.8,1450,hub_milagro_01
2025-11-14T04:03:11.263Z,84.63980463980464,62.417582417582416,17.553113553113555,0,44.3,11.5,150.9,1450,hub_milagro_01
2025-11-14T04:05:10.049Z,84.42002442002442,62.417582417582416,17.494505494505496,0,42.3,11.3,148.3,1450,hub_milagro_01
2025-11-14T04:07:09.078Z,84.27350427350427,62.417582417582416,17.67032967032967,0,43.5,11.4,147.2,1450,hub_milagro_01
2025-11-14T04:09:13.913Z,83.95604395604396,62.417582417582416,17.582417582417584,0,42.0,11.4,150.3,1450,hub_milagro_01
2025-11-14T04:11:12.704Z,83.80952380952381,62.36874236874237,17.6996336996337,0,43.4,11.3,153.2,1450,hub_milagro_01
2025-11-14T04:13:15.401Z,83.4920634920635,62.27106227106227,17.846153846153847,0,44.5,10.6,151.6,1450,hub_milagro_01
2025-11-14T04:15:15.236Z,83.24786324786325,62.36874236874237,17.816849816849818,0,41.8,10.6,156.0,1450,hub_milagro_01
2025-11-14T04:17:15.245Z,83.00366300366301,62.27106227106227,17.846153846153847,0,41.9,10.7,147.0,1450,hub_milagro_01
2025-11-14T04:19:13.375Z,82.88156288156289,62.22222222222222,18.021978021978022,0,42.4,11.3,151.4,1450,hub_milagro_01
2025-11-14T04:21:15.866Z,82.5152625152625,62.31990231990232,17.904761904761905,0,44.6,10.9,149.7,1450,hub_milagro_01
2025-11-14T04:23:14.466Z,82.27106227106226,62.17338217338217,18.10989010989011,0,44.4,11.1,150.8,1450,hub_milagro_01
2025-11-14T04:25:13.641Z,82.14896214896214,62.22222222222222,18.10989010989011,0,43.5,10.4,150.9,1450,hub_milagro_01
2025-11-14T04:27:18.005Z,81.9047619047619,62.124542124542124,18.168498168498168,0,42.5,10.4,157.9,1450,hub_milagro_01
2025-11-14T04:29:21.629Z,81.51404151404151,62.1978021978022,18.13919413919414,0,42.5,10.9,150.0,1450,hub_milagro_01
2025-11-14T04:31:21.587Z,81.39194139194139,62.124542124542124,18.168498168498168,0,44.3,10.7,152.0,1450,hub_milagro_01
2025-11-14T04:33:24.384Z,81.07448107448107,62.17338217338217,18.373626373626372,0,43.0,10.7,156.9,1450,hub_milagro_01
2025-11-14T04:35:24.548Z,80.83028083028083,62.124542124542124,18.4029304029304,0,44.1,10.3,154.7,1450,hub_milagro_01
2025-11-14T04:37:29.199Z,80.51282051282051,61.97802197802198,18.373626373626372,0,43.7,10.8,154.2,1450,hub_milagro_01
2025-11-14T04:39:28.637Z,80.34188034188034,61.953601953601954,18.52014652014652,0,42.3,10.1,160.1,1450,hub_milagro_01
2025-11-14T04:41:33.741Z,80.04884004884005,61.953601953601954,18.578754578754577,0,43.1,10.5,156.7,1450,hub_milagro_01
2025-11-14T04:43:37.291Z,79.85347985347985,62.002442002442,18.578754578754577,0,41.4,10.0,160.5,1450,hub_milagro_01
2025-11-14T04:45:39.367Z,79.60927960927961,61.97802197802198,18.608058608058606,0,41.8,10.6,157.9,1450,hub_milagro_01
2025-11-14T04:47:41.436Z,79.38949938949939,61.88034188034188,18.81318681318681,0,43.2,10.6,157.8,1450,hub_milagro_01
2025-11-14T04:49:42.152Z,79.16971916971917,61.88034188034188,18.87179487179487,0,43.4,10.0,124.2,1450,hub_milagro_01
2025-11-14T04:51:44.614Z,78.77899877899878,61.83150183150183,18.87179487179487,0,41.2,10.7,159.6,1450,hub_milagro_01
2025-11-14T04:53:48.026Z,78.58363858363859,61.92918192918193,18.84249084249084,0,41.0,10.3,157.1,1450,hub_milagro_01
2025-11-14T04:55:48.644Z,78.87667887667888,61.88034188034188,19.07692307692308,0,42.7,10.3,157.3,1450,hub_milagro_01
2025-11-14T04:57:50.400Z,79.12087912087912,61.80708180708181,19.10622710622711,0,42.9,10.4,161.5,1450,hub_milagro_01
2025-11-14T04:59:52.640Z,79.2918192918193,61.78266178266178,19.10622710622711,0,42.3,10.5,158.6,1450,hub_milagro_01
2025-11-14T05:01:57.203Z,79.56043956043956,61.78266178266178,19.10622710622711,0,43.5,9.8,165.6,1450,hub_milagro_01
2025-11-14T05:03:56.010Z,79.92673992673993,61.733821733821735,19.164835164835168,0,40.8,9.7,162.8,1450,hub_milagro_01
2025-11-14T05:05:58.559Z,80.14652014652015,61.70940170940171,19.252747252747255,0,41.1,9.9,168.4,1450,hub_milagro_01
2025-11-14T05:08:00.048Z,80.39072039072039,61.80708180708181,19.340659340659343,0,40.6,10.2,164.4,1450,hub_milagro_01
2025-11-14T05:10:01.547Z,80.65934065934066,61.83150183150183,19.340659340659343,0,42.8,10.0,162.3,1450,hub_milagro_01
2025-11-14T05:12:05.549Z,80.95238095238095,61.684981684981686,19.369963369963372,0,41.1,10.3,165.4,1450,hub_milagro_01
2025-11-14T05:14:07.776Z,81.12332112332112,61.80708180708181,19.604395604395606,0,42.8,9.5,162.8,1450,hub_milagro_01
2025-11-14T05:16:09.460Z,81.41636141636141,61.75824175824176,19.340659340659343,0,42.4,9.8,168.6,1450,hub_milagro_01
2025-11-14T05:18:13.508Z,81.7094017094017,61.75824175824176,19.311355311355314,0,42.6,10.1,162.9,1450,hub_milagro_01
2025-11-14T05:20:13.357Z,81.85592185592185,61.66056166056166,19.164835164835168,0,42.2,9.8,163.5,1450,hub_milagro_01
2025-11-14T05:22:13.074Z,82.12454212454212,61.562881562881564,19.223443223443226,0,43.1,9.3,169.5,1450,hub_milagro_01
2025-11-14T05:24:16.240Z,82.44200244200243,61.61172161172161,19.047619047619044,0,42.4,10.0,173.9,1450,hub_milagro_01
2025-11-14T05:26:19.235Z,82.68620268620268,61.63614163614164,18.959706959706956,0,41.8,9.7,170.0,1450,hub_milagro_01
2025-11-14T05:28:21.644Z,82.90598290598291,61.562881562881564,18.754578754578752,0,41.3,9.6,170.1,1450,hub_milagro_01
2025-11-14T05:30:21.916Z,83.17460317460318,61.562881562881564,18.725274725274723,0,40.5,9.7,172.6,1450,hub_milagro_01
2025-11-14T05:32:20.642Z,83.41880341880342,61.562881562881564,18.637362637362635,0,41.5,9.3,168.0,1450,hub_milagro_01
2025-11-14T05:34:24.327Z,83.66300366300366,61.562881562881564,18.49084249084249,0,39.9,9.5,170.3,1450,hub_milagro_01
2025-11-14T05:36:23.275Z,83.98046398046398,61.46520146520147,18.52014652014652,0,42.0,9.2,173.8,1450,hub_milagro_01
2025-11-14T05:38:27.180Z,84.22466422466422,61.44078144078144,18.315018315018314,0,40.5,9.0,171.3,1450,hub_milagro_01
2025-11-14T05:40:27.252Z,84.44444444444444,61.46520146520147,18.197802197802197,0,41.9,9.6,173.4,1450,hub_milagro_01
2025-11-14T05:42:29.105Z,84.61538461538461,61.343101343101345,18.10989010989011,0,41.7,9.6,166.9,1450,hub_milagro_01
2025-11-14T05:44:30.991Z,84.9084249084249,61.343101343101345,18.08058608058608,0,42.2,8.9,169.8,1450,hub_milagro_01
2025-11-14T05:46:33.400Z,85.17704517704517,61.36752136752137,17.875457875457876,0,41.1,9.6,173.5,1450,hub_milagro_01
2025-11-14T05:48:37.229Z,85.42124542124542,61.391941391941394,17.846153846153847,0,39.8,9.3,168.7,1450,hub_milagro_01
2025-11-14T05:50:35.534Z,85.64102564102564,61.2942612942613,17.75824175824176,0,40.2,8.6,171.4,1450,hub_milagro_01
2025-11-14T05:52:36.109Z,85.83638583638583,61.36752136752137,17.641025641025642,0,42.0,9.3,167.3,1450,hub_milagro_01
2025-11-14T05:54:35.982Z,86.05616605616606,61.36752136752137,17.6996336996337,0,41.9,9.3,164.8,1450,hub_milagro_01
2025-11-14T05:56:37.124Z,86.17826617826618,61.2942612942613,17.523809523809526,0,39.2,9.2,162.8,1450,hub_milagro_01
2025-11-14T05:58:41.356Z,86.22710622710623,61.2942612942613,17.34798534798535,0,41.2,9.2,165.3,1450,hub_milagro_01
2025-11-14T06:00:43.452Z,86.3003663003663,61.1965811965812,17.40659340659341,0,40.0,8.7,163.9,1450,hub_milagro_01
2025-11-14T06:02:48.815Z,86.47130647130648,61.2942612942613,17.31868131868132,0,40.1,8.5,161.3,1450,hub_milagro_01
2025-11-14T06:04:48.139Z,86.42246642246643,61.0989010989011,17.05494505494505,0,38.5,8.6,165.9,1450,hub_milagro_01
2025-11-14T06:06:52.846Z,86.64224664224665,61.14774114774115,17.025641025641022,0,38.0,8.3,162.4,1450,hub_milagro_01
2025-11-14T06:08:52.310Z,86.66666666666667,61.1965811965812,16.996336996336993,0,38.7,8.8,168.4,1450,hub_milagro_01
2025-11-14T06:10:53.652Z,86.6910866910867,61.172161172161175,16.937728937728934,0,38.5,8.9,159.3,1450,hub_milagro_01
2025-11-14T06:12:58.071Z,86.86202686202687,61.07448107448108,16.879120879120876,0,39.2,8.9,158.5,1450,hub_milagro_01
2025-11-14T06:15:01.641Z,86.7887667887668,61.0989010989011,16.586080586080584,0,39.0,9.0,162.1,1450,hub_milagro_01
2025-11-14T06:17:03.785Z,86.98412698412699,61.001221001221005,16.615384615384613,0,38.5,8.2,158.3,1450,hub_milagro_01
2025-11-14T06:19:03.138Z,87.03296703296704,61.001221001221005,16.586080586080584,0,37.3,8.6,161.1,1450,hub_milagro_01
2025-11-14T06:21:07.401Z,87.03296703296704,61.123321123321126,16.498168498168496,0,37.3,8.1,160.1,1450,hub_milagro_01
2025-11-14T06:23:11.671Z,87.22832722832723,60.97680097680098,16.263736263736263,0,36.8,8.1,160.7,1450,hub_milagro_01
2025-11-14T06:25:15.818Z,87.25274725274726,60.952380952380956,16.32234432234432,0,37.4,8.1,160.0,1450,hub_milagro_01
2025-11-14T06:27:17.915Z,87.32600732600733,60.97680097680098,16.117216117216117,0,36.1,8.0,161.2,1450,hub_milagro_01
2025-11-14T06:29:17.020Z,87.44810744810745,60.952380952380956,16.02930402930403,0,36.8,8.8,158.4,1450,hub_milagro_01
2025-11-14T06:31:20.002Z,87.44810744810745,60.9035409035409,15.912087912087912,0,35.3,8.1,159.6,1450,hub_milagro_01
2025-11-14T06:33:23.837Z,87.52136752136752,60.97680097680098,15.912087912087912,0,35.3,7.9,160.6,1450,hub_milagro_01
2025-11-14T06:35:27.561Z,87.4969474969475,60.927960927960925,15.706959706959708,0,36.6,8.2,160.0,1450,hub_milagro_01
2025-11-14T06:37:30.709Z,87.61904761904762,60.97680097680098,15.794871794871796,0,35.6,7.9,157.8,1450,hub_milagro_01
2025-11-14T06:39:34.206Z,87.64346764346764,60.927960927960925,15.677655677655679,0,35.7,8.6,159.5,1450,hub_milagro_01
2025-11-14T06:41:34.745Z,87.6923076923077,60.83028083028083,15.736263736263737,0,35.9,8.5,152.1,1450,hub_milagro_01
2025-11-14T06:43:34.283Z,87.86324786324786,60.83028083028083,15.64835164835165,0,33.4,8.7,159.0,1450,hub_milagro_01
2025-11-14T06:45:36.117Z,87.93650793650794,60.83028083028083,15.443223443223445,0,35.2,8.1,151.0,1450,hub_milagro_01
2025-11-14T06:47:36.117Z,88.00976800976801,60.78144078144078,15.531135531135533,0,33.1,8.4,150.0,1450,hub_milagro_01
2025-11-14T06:49:36.760Z,88.03418803418803,60.757020757020754,15.531135531135533,0,33.1,8.7,155.7,1450,hub_milagro_01
2025-11-14T06:51:39.466Z,88.15628815628816,60.757020757020754,15.443223443223445,0,34.6,8.3,155.5,1450,hub_milagro_01
2025-11-14T06:53:42.143Z,88.08302808302808,60.78144078144078,15.413919413919416,0,34.0,9.2,148.9,1450,hub_milagro_01
2025-11-14T06:55:43.990Z,88.27838827838828,60.8058608058608,15.267399267399263,0,31.9,9.0,153.4,1450,hub_milagro_01
2025-11-14T06:57:46.508Z,88.25396825396825,60.65934065934066,15.296703296703292,0,34.4,8.5,149.1,1450,hub_milagro_01
2025-11-14T06:59:51.217Z,88.4004884004884,60.708180708180706,15.150183150183146,0,33.6,8.4,155.7,1450,hub_milagro_01
2025-11-14T07:01:53.061Z,88.52258852258852,60.65934065934066,15.150183150183146,0,33.1,9.4,149.7,1450,hub_milagro_01
2025-11-14T07:03:55.922Z,88.71794871794872,60.73260073260073,15.03296703296703,0,0.0,9.4,151.2,1450,hub_milagro_01
2025-11-14T07:05:54.371Z,88.86446886446886,60.63492063492063,15.03296703296703,0,33.2,9.2,148.0,1450,hub_milagro_01
2025-11-14T07:07:59.380Z,88.93772893772893,60.56166056166056,15.062271062271058,0,31.0,9.5,0.0,1450,hub_milagro_01
2025-11-14T07:09:59.802Z,89.05982905982906,60.51282051282051,14.827838827838825,0,32.4,9.4,147.5,1450,hub_milagro_01
2025-11-14T07:12:00.043Z,89.15750915750917,60.63492063492063,14.886446886446883,0,31.9,9.1,143.9,1450,hub_milagro_01
2025-11-14T07:13:59.520Z,89.30402930402931,60.51282051282051,14.827838827838825,0,29.6,9.5,145.7,1450,hub_milagro_01
2025-11-14T07:16:01.204Z,89.40170940170941,60.586080586080584,14.710622710622708,0,29.8,8.9,146.2,1450,hub_milagro_01
2025-11-14T07:18:03.508Z,89.64590964590965,60.46398046398046,14.65201465201465,0,30.0,9.9,150.4,1450,hub_milagro_01
2025-11-14T07:20:08.858Z,89.74358974358975,60.586080586080584,14.681318681318679,0,40.3,9.4,143.5,1450,hub_milagro_01
2025-11-14T07:22:09.102Z,89.91452991452992,60.537240537240535,14.593406593406591,0,28.6,9.1,144.5,1450,hub_milagro_01
2025-11-14T07:24:13.268Z,90.06105006105007,60.51282051282051,14.62271062271062,0,43.4,9.8,151.5,1450,hub_milagro_01
2025-11-14T07:26:12.803Z,90.13431013431014,60.48840048840049,14.505494505494504,0,29.5,10.0,147.4,1450,hub_milagro_01
2025-11-14T07:28:17.654Z,90.18315018315019,60.46398046398046,14.417582417582416,0,29.5,9.9,153.1,1450,hub_milagro_01
2025-11-14T07:30:16.221Z,90.35409035409036,60.43956043956044,14.358974358974358,0,29.2,9.6,153.8,1450,hub_milagro_01
2025-11-14T07:32:18.296Z,90.5006105006105,60.415140415140414,14.329670329670328,0,29.7,9.4,154.2,1450,hub_milagro_01
2025-11-14T07:34:18.052Z,90.62271062271063,60.48840048840049,14.446886446886445,0,27.5,9.5,147.0,1450,hub_milagro_01
2025-11-14T07:36:18.953Z,90.7936507936508,60.29304029304029,14.358974358974358,0,27.4,10.2,154.5,1450,hub_milagro_01
2025-11-14T07:38:17.114Z,90.74481074481075,60.415140415140414,14.27106227106227,0,29.0,10.0,153.4,1450,hub_milagro_01
2025-11-14T07:40:19.408Z,90.96459096459097,60.29304029304029,14.212454212454212,0,26.7,9.7,157.5,1450,hub_milagro_01
2025-11-14T07:42:24.382Z,91.08669108669109,60.26862026862027,14.095238095238095,0,26.2,9.7,153.9,1450,hub_milagro_01
2025-11-14T07:44:24.576Z,91.18437118437119,60.24420024420024,14.183150183150182,0,28.0,10.4,158.4,1450,hub_milagro_01
2025-11-14T07:46:27.573Z,91.30647130647131,60.317460317460316,14.036630036630036,0,27.7,10.4,159.5,1450,hub_milagro_01
2025-11-14T07:48:27.120Z,91.33089133089133,60.34188034188034,14.153846153846153,0,27.0,10.0,154.3,1450,hub_milagro_01
2025-11-14T07:50:31.566Z,91.57509157509158,60.24420024420024,13.978021978021978,0,26.0,10.7,155.2,1450,hub_milagro_01
2025-11-14T07:52:30.619Z,91.6971916971917,60.195360195360195,14.036630036630036,0,27.2,10.3,156.5,1450,hub_milagro_01
2025-11-14T07:54:29.454Z,91.74603174603175,60.146520146520146,13.978021978021978,0,25.6,10.2,160.9,1450,hub_milagro_01
2025-11-14T07:56:28.990Z,91.94139194139194,60.146520146520146,13.978021978021978,0,25.0,10.5,159.1,1450,hub_milagro_01
2025-11-14T07:58:27.770Z,91.5995115995116,60.0976800976801,14.007326007326007,0,25.7,10.8,153.3,1450,hub_milagro_01
2025-11-14T08:00:31.366Z,91.30647130647131,60.21978021978022,14.065934065934066,0,25.2,11.0,129.6,1450,hub_milagro_01
2025-11-14T08:02:31.940Z,90.98901098901099,60.04884004884005,14.153846153846153,0,26.2,11.0,160.7,1450,hub_milagro_01
2025-11-14T08:04:31.631Z,90.6959706959707,60.04884004884005,14.153846153846153,0,27.8,11.0,156.9,1450,hub_milagro_01
2025-11-14T08:06:35.953Z,90.37851037851038,60.04884004884005,14.329670329670328,0,27.5,11.0,128.4,1450,hub_milagro_01
2025-11-14T08:08:40.148Z,90.03663003663004,60.07326007326007,14.241758241758241,0,26.9,11.3,156.3,1450,hub_milagro_01
2025-11-14T08:10:40.432Z,89.76800976800978,60.146520146520146,14.417582417582416,0,28.7,11.2,161.5,1450,hub_milagro_01
2025-11-14T08:12:43.887Z,89.45054945054946,60.04884004884005,14.446886446886445,0,29.1,11.4,156.7,1450,hub_milagro_01
2025-11-14T08:14:47.369Z,89.18192918192919,60.0,14.534798534798533,0,27.5,10.7,157.6,1450,hub_milagro_01
2025-11-14T08:16:51.212Z,88.81562881562881,60.0976800976801,14.564102564102562,0,39.1,10.8,163.1,1450,hub_milagro_01
2025-11-14T08:18:53.826Z,88.52258852258852,60.024420024420024,14.710622710622708,0,27.5,11.0,161.6,1450,hub_milagro_01
2025-11-14T08:20:54.509Z,88.27838827838828,60.024420024420024,14.739926739926737,0,28.0,10.8,166.2,1450,hub_milagro_01
2025-11-14T08:22:59.584Z,87.96092796092796,59.975579975579976,14.798534798534796,0,30.3,11.1,163.9,1450,hub_milagro_01
2025-11-14T08:25:00.390Z,87.5946275946276,59.92673992673993,15.003663003663,0,30.0,11.3,162.2,1450,hub_milagro_01
2025-11-14T08:26:59.954Z,87.35042735042735,59.9023199023199,14.915750915750912,0,28.3,11.1,161.7,1450,hub_milagro_01
2025-11-14T08:28:59.137Z,86.88644688644689,59.92673992673993,15.091575091575088,0,28.3,11.1,163.2,1450,hub_milagro_01
2025-11-14T08:30:59.816Z,86.56898656898657,59.82905982905983,15.150183150183146,0,30.7,12.1,161.0,1450,hub_milagro_01
2025-11-14T08:32:59.895Z,86.34920634920636,59.87789987789988,15.238095238095234,0,30.0,12.0,161.5,1450,hub_milagro_01
2025-11-14T08:34:58.831Z,86.05616605616606,59.804639804639805,15.238095238095234,0,31.7,11.3,167.2,1450,hub_milagro_01
2025-11-14T08:37:01.395Z,85.61660561660561,59.853479853479854,15.413919413919416,0,30.8,12.3,168.8,1450,hub_milagro_01
2025-11-14T08:39:03.769Z,85.34798534798534,59.82905982905983,15.413919413919416,0,31.8,12.3,165.6,1450,hub_milagro_01
2025-11-14T08:41:05.757Z,85.12820512820512,59.75579975579976,15.472527472527474,0,30.0,12.4,165.0,1450,hub_milagro_01
2025-11-14T08:43:10.698Z,84.81074481074481,59.73137973137973,15.677655677655679,0,31.2,12.4,167.9,1450,hub_milagro_01
2025-11-14T08:45:09.196Z,84.44444444444444,59.78021978021978,15.706959706959708,0,32.2,12.3,173.4,1450,hub_milagro_01
2025-11-14T08:47:13.985Z,84.07814407814408,59.73137973137973,15.677655677655679,0,32.5,11.8,168.8,1450,hub_milagro_01
2025-11-14T08:49:13.915Z,83.73626373626374,59.73137973137973,15.941391941391942,0,30.7,12.5,174.1,1450,hub_milagro_01
2025-11-14T08:51:15.293Z,83.54090354090354,59.73137973137973,15.824175824175825,0,31.9,11.9,168.6,1450,hub_milagro_01
2025-11-14T08:53:15.547Z,83.07692307692308,59.70695970695971,16.05860805860806,0,32.9,12.0,173.6,1450,hub_milagro_01
2025-11-14T08:55:18.246Z,82.78388278388277,59.70695970695971,16.0,0,32.7,12.3,173.6,1450,hub_milagro_01
2025-11-14T08:57:20.526Z,82.56410256410255,59.65811965811966,16.263736263736263,0,31.8,12.9,170.7,1450,hub_milagro_01
2025-11-14T08:59:20.385Z,82.34432234432234,59.70695970695971,16.35164835164835,0,34.1,12.5,175.1,1450,hub_milagro_01
2025-11-14T09:01:23.606Z,82.27106227106226,59.56043956043956,16.35164835164835,0,33.8,12.1,177.5,1450,hub_milagro_01
2025-11-14T09:03:27.580Z,82.24664224664224,59.682539682539684,16.35164835164835,0,33.9,12.1,173.6,1450,hub_milagro_01
2025-11-14T09:05:27.910Z,82.17338217338217,59.633699633699635,16.41025641025641,0,33.8,12.6,169.1,1450,hub_milagro_01
2025-11-14T09:07:31.492Z,81.97802197802197,59.60927960927961,16.498168498168496,0,33.1,12.5,171.8,1450,hub_milagro_01
2025-11-14T09:09:36.665Z,81.97802197802197,59.60927960927961,16.586080586080584,0,35.4,13.0,170.9,1450,hub_milagro_01
2025-11-14T09:11:37.602Z,81.92918192918192,59.48717948717949,16.79120879120879,0,33.5,12.5,176.0,1450,hub_milagro_01
2025-11-14T09:13:41.966Z,81.78266178266178,59.56043956043956,16.879120879120876,0,34.9,12.4,168.5,1450,hub_milagro_01
2025-11-14T09:15:40.013Z,81.63614163614163,59.48717948717949,16.908424908424905,0,55.4,13.1,175.5,1450,hub_milagro_01
2025-11-14T09:17:42.837Z,81.53846153846153,59.56043956043956,17.025641025641022,0,35.9,12.5,174.7,1450,hub_milagro_01
2025-11-14T09:19:44.386Z,81.48962148962148,59.48717948717949,16.967032967032964,0,35.6,12.8,173.2,1450,hub_milagro_01
2025-11-14T09:21:46.483Z,81.41636141636141,59.48717948717949,16.937728937728934,0,36.0,13.0,172.4,1450,hub_milagro_01
2025-11-14T09:23:48.386Z,81.22100122100122,59.38949938949939,16.849816849816847,0,34.9,12.4,173.1,1450,hub_milagro_01
2025-11-14T09:25:50.893Z,81.14774114774114,59.36507936507937,16.67399267399267,0,36.7,12.3,178.4,1450,hub_milagro_01
2025-11-14T09:27:51.321Z,81.07448107448107,59.413919413919416,16.615384615384613,0,36.7,13.0,175.7,1450,hub_milagro_01
2025-11-14T09:29:54.854Z,80.95238095238095,59.31623931623932,16.586080586080584,0,37.4,12.8,178.5,1450,hub_milagro_01
2025-11-14T09:31:56.460Z,80.85470085470085,59.43833943833944,16.644688644688642,0,38.0,12.5,170.5,1450,hub_milagro_01
2025-11-14T09:33:57.798Z,80.85470085470085,59.38949938949939,16.41025641025641,0,36.5,13.0,173.0,1450,hub_milagro_01
2025-11-14T09:35:58.947Z,80.65934065934066,59.31623931623932,16.41025641025641,0,39.2,12.6,171.5,1450,hub_milagro_01
2025-11-14T09:38:00.335Z,80.51282051282051,59.21855921855922,16.498168498168496,0,36.7,12.5,176.0,1450,hub_milagro_01
2025-11-14T09:39:59.429Z,80.53724053724054,59.36507936507937,16.35164835164835,0,37.9,12.5,170.2,1450,hub_milagro_01
2025-11-14T09:42:02.998Z,80.41514041514041,59.291819291819294,16.234432234432234,0,39.7,12.1,177.9,1450,hub_milagro_01
2025-11-14T09:44:02.836Z,80.17094017094017,59.34065934065934,16.234432234432234,0,68.2,12.1,170.1,1450,hub_milagro_01
2025-11-14T09:46:05.669Z,80.14652014652015,59.34065934065934,16.205128205128204,0,38.5,12.6,176.9,1450,hub_milagro_01
2025-11-14T09:48:07.218Z,80.0,59.1941391941392,16.117216117216117,0,39.6,12.1,174.7,1450,hub_milagro_01
2025-11-14T09:50:12.485Z,80.0,59.242979242979246,16.02930402930403,0,38.3,12.7,177.3,1450,hub_milagro_01
2025-11-14T09:52:14.227Z,79.82905982905983,59.16971916971917,15.912087912087912,0,38.9,12.6,178.1,1450,hub_milagro_01
2025-11-14T09:54:19.430Z,79.78021978021978,59.14529914529915,15.941391941391942,0,41.5,12.1,177.7,1450,hub_milagro_01
2025-11-14T09:56:19.554Z,79.58485958485959,59.120879120879124,15.912087912087912,0,39.7,11.9,179.6,1450,hub_milagro_01
2025-11-14T09:58:18.342Z,79.51159951159951,59.14529914529915,15.912087912087912,0,41.2,12.0,175.0,1450,hub_milagro_01
2025-11-14T10:00:22.009Z,79.46275946275946,59.21855921855922,15.794871794871796,0,40.0,11.6,176.9,1450,hub_milagro_01
2025-11-14T10:02:27.102Z,79.46275946275946,59.04761904761905,15.765567765567766,0,40.9,12.2,172.1,1450,hub_milagro_01
2025-11-14T10:04:26.649Z,79.43833943833944,59.0964590964591,15.736263736263737,0,41.8,11.8,180.0,1450,hub_milagro_01
2025-11-14T10:06:29.186Z,79.46275946275946,59.1941391941392,15.589743589743591,0,41.8,11.8,180.5,1450,hub_milagro_01
2025-11-14T10:08:30.345Z,79.31623931623932,59.072039072039075,15.61904761904762,0,42.0,12.1,177.9,1450,hub_milagro_01
2025-11-14T10:10:35.504Z,79.38949938949939,59.04761904761905,15.501831501831504,0,41.6,11.8,176.6,1450,hub_milagro_01
2025-11-14T10:12:35.769Z,79.24297924297925,59.072039072039075,15.355311355311358,0,40.0,12.0,173.4,1450,hub_milagro_01
2025-11-14T10:14:35.129Z,79.2918192918193,58.949938949938954,15.355311355311358,0,40.6,12.0,178.9,1450,hub_milagro_01
2025-11-14T10:16:40.344Z,79.21855921855922,59.02319902319903,15.384615384615387,0,40.2,12.0,173.8,1450,hub_milagro_01
2025-11-14T10:18:39.986Z,79.14529914529915,59.02319902319903,15.326007326007328,0,39.2,11.8,180.9,1450,hub_milagro_01
2025-11-14T10:20:39.796Z,79.1941391941392,58.97435897435898,15.179487179487175,0,39.9,11.8,178.7,1450,hub_milagro_01
2025-11-14T10:22:44.383Z,79.0964590964591,58.92551892551893,15.120879120879117,0,40.6,11.5,180.1,1450,hub_milagro_01
2025-11-14T10:24:43.217Z,79.12087912087912,58.82783882783883,15.120879120879117,0,41.8,11.2,172.8,1450,hub_milagro_01
2025-11-14T10:26:47.153Z,79.0964590964591,58.852258852258856,15.03296703296703,0,41.7,11.1,179.2,1450,hub_milagro_01
2025-11-14T10:28:47.005Z,79.0964590964591,58.852258852258856,15.062271062271058,0,40.7,11.2,173.4,1450,hub_milagro_01
2025-11-14T10:30:52.288Z,79.04761904761905,58.80341880341881,14.974358974358971,0,41.4,11.9,177.6,1450,hub_milagro_01
2025-11-14T10:32:55.607Z,78.97435897435898,58.80341880341881,14.915750915750912,0,39.3,11.8,174.5,1450,hub_milagro_01
2025-11-14T10:34:56.533Z,78.97435897435898,58.77899877899878,14.857142857142854,0,41.8,11.5,173.5,1450,hub_milagro_01
2025-11-14T10:36:59.006Z,78.998778998779,58.730158730158735,14.857142857142854,0,39.4,11.6,179.6,1450,hub_milagro_01
2025-11-14T10:39:04.740Z,78.9010989010989,58.70573870573871,14.769230769230766,0,40.5,11.5,177.4,1450,hub_milagro_01
2025-11-14T10:41:04.767Z,78.80341880341881,58.82783882783883,14.886446886446883,0,41.2,11.1,177.0,1450,hub_milagro_01
2025-11-14T10:43:08.716Z,78.75457875457876,58.77899877899878,14.915750915750912,0,42.1,11.3,172.7,1450,hub_milagro_01
2025-11-14T10:45:12.887Z,78.80341880341881,58.70573870573871,14.974358974358971,0,39.7,11.4,172.2,1450,hub_milagro_01
2025-11-14T10:47:17.234Z,78.68131868131869,58.730158730158735,15.091575091575088,0,39.5,10.9,179.9,1450,hub_milagro_01
2025-11-14T10:49:15.997Z,78.75457875457876,58.730158730158735,15.179487179487175,0,41.3,11.2,176.1,1450,hub_milagro_01
2025-11-14T10:51:16.731Z,78.75457875457876,58.63247863247864,15.238095238095234,0,39.6,10.9,172.4,1450,hub_milagro_01
2025-11-14T10:53:20.777Z,78.65689865689866,58.65689865689866,15.296703296703292,0,0.0,10.9,172.1,1450,hub_milagro_01
2025-11-14T10:55:25.450Z,78.63247863247864,58.681318681318686,15.443223443223445,0,39.5,11.0,168.9,1450,hub_milagro_01
2025-11-14T10:57:30.702Z,78.58363858363859,58.60805860805861,15.472527472527474,0,40.3,11.0,175.6,1450,hub_milagro_01
2025-11-14T10:59:30.862Z,78.63247863247864,58.559218559218564,15.677655677655679,0,39.4,10.7,167.9,1450,hub_milagro_01
2025-11-14T11:01:32.375Z,78.73015873015873,58.58363858363859,15.706959706959708,0,41.7,11.2,170.3,1450,hub_milagro_01
2025-11-14T11:03:31.524Z,78.75457875457876,58.48595848595849,15.765567765567766,0,40.1,10.5,172.7,1450,hub_milagro_01
2025-11-14T11:05:34.619Z,78.85225885225886,58.53479853479854,15.941391941391942,0,40.5,10.2,171.0,1450,hub_milagro_01
2025-11-14T11:07:38.120Z,78.97435897435898,58.46153846153847,15.912087912087912,0,41.6,10.8,173.1,1450,hub_milagro_01
2025-11-14T11:09:37.527Z,79.04761904761905,58.510378510378516,16.117216117216117,0,41.4,11.1,169.2,1450,hub_milagro_01
2025-11-14T11:11:41.929Z,79.2918192918193,58.48595848595849,16.05860805860806,0,41.0,10.4,164.9,1450,hub_milagro_01
2025-11-14T11:13:41.471Z,79.31623931623932,58.46153846153847,16.175824175824175,0,39.4,10.6,164.3,1450,hub_milagro_01
2025-11-14T11:15:40.854Z,79.48717948717949,58.41269841269842,16.38095238095238,0,40.5,10.4,168.6,1450,hub_milagro_01
2025-11-14T11:17:40.338Z,79.58485958485959,58.43711843711844,16.41025641025641,0,41.9,10.7,163.5,1450,hub_milagro_01
2025-11-14T11:19:41.379Z,79.65811965811966,58.36385836385837,16.586080586080584,0,40.4,10.6,168.0,1450,hub_milagro_01
2025-11-14T11:21:40.292Z,79.82905982905983,58.26617826617827,16.615384615384613,0,41.0,10.8,169.0,1450,hub_milagro_01
2025-11-14T11:23:43.330Z,79.92673992673993,58.31501831501832,16.644688644688642,0,40.5,10.7,160.8,1450,hub_milagro_01
2025-11-14T11:25:44.734Z,80.0,58.24175824175825,16.67399267399267,0,40.4,10.7,161.2,1450,hub_milagro_01
2025-11-14T11:27:48.963Z,80.0976800976801,58.36385836385837,16.76190476190476,0,40.2,10.0,164.9,1450,hub_milagro_01
2025-11-14T11:29:53.697Z,80.26862026862027,58.2905982905983,16.849816849816847,0,41.3,9.8,166.5,1450,hub_milagro_01
2025-11-14T11:31:55.094Z,80.31746031746032,58.1929181929182,17.05494505494505,0,39.8,10.0,166.2,1450,hub_milagro_01
2025-11-14T11:33:56.864Z,80.46398046398046,58.119658119658126,17.172161172161168,0,39.6,9.8,165.6,1450,hub_milagro_01
2025-11-14T11:35:56.759Z,80.56166056166056,58.168498168498175,17.14285714285714,0,40.7,10.1,159.3,1450,hub_milagro_01
2025-11-14T11:37:59.047Z,80.73260073260073,58.0952380952381,17.34798534798535,0,41.7,10.3,164.0,1450,hub_milagro_01
2025-11-14T11:39:58.025Z,80.87912087912088,58.14407814407815,17.37728937728938,0,39.8,9.6,157.1,1450,hub_milagro_01
2025-11-14T11:41:59.990Z,80.83028083028083,58.14407814407815,17.553113553113555,0,42.1,10.2,158.7,1450,hub_milagro_01
2025-11-14T11:43:58.637Z,80.97680097680097,58.0952380952381,17.611721611721613,0,41.6,9.6,160.0,1450,hub_milagro_01
2025-11-14T11:45:59.736Z,81.0989010989011,58.119658119658126,17.67032967032967,0,42.0,10.0,154.4,1450,hub_milagro_01
2025-11-14T11:48:02.194Z,81.22100122100122,57.97313797313798,17.78754578754579,0,39.3,9.7,156.4,1450,hub_milagro_01
2025-11-14T11:50:02.437Z,81.24542124542124,58.02197802197803,17.816849816849818,0,40.5,10.2,156.5,1450,hub_milagro_01
2025-11-14T11:52:06.826Z,81.36752136752136,58.02197802197803,18.021978021978022,0,39.5,9.2,151.7,1450,hub_milagro_01
2025-11-14T11:54:10.571Z,81.48962148962148,58.04639804639805,18.08058608058608,0,39.6,10.0,156.5,1450,hub_milagro_01
2025-11-14T11:56:14.489Z,81.7094017094017,57.948717948717956,18.10989010989011,0,39.8,9.3,158.9,1450,hub_milagro_01
2025-11-14T11:58:16.649Z,81.73382173382173,57.948717948717956,18.227106227106226,0,42.4,9.4,158.5,1450,hub_milagro_01
2025-11-14T12:00:20.182Z,81.85592185592185,57.87545787545788,18.256410256410255,0,40.5,9.9,154.2,1450,hub_milagro_01
2025-11-14T12:02:25.809Z,81.78266178266178,57.87545787545788,18.344322344322343,0,39.9,9.7,152.7,1450,hub_milagro_01
2025-11-14T12:04:27.322Z,81.51404151404151,57.997557997558005,18.227106227106226,0,40.4,9.7,148.3,1450,hub_milagro_01
2025-11-14T12:06:29.293Z,81.41636141636141,57.97313797313798,18.10989010989011,0,42.5,9.9,150.0,1450,hub_milagro_01
2025-11-14T12:08:28.178Z,81.17216117216117,57.85103785103786,18.197802197802197,0,40.9,10.2,148.2,1450,hub_milagro_01
2025-11-14T12:10:30.686Z,81.07448107448107,57.89987789987791,18.13919413919414,0,43.9,9.9,149.5,1450,hub_milagro_01
2025-11-14T12:12:28.172Z,80.97680097680097,57.77777777777777,17.992673992673993,0,41.5,10.2,149.3,1450,hub_milagro_01
2025-11-14T12:14:29.733Z,80.75702075702075,57.826617826617834,18.021978021978022,0,43.2,10.1,147.8,1450,hub_milagro_01
2025-11-14T12:16:30.081Z,80.56166056166056,57.75335775335775,18.05128205128205,0,43.2,9.9,150.8,1450,hub_milagro_01
2025-11-14T12:18:33.430Z,80.48840048840049,57.75335775335775,17.992673992673993,0,45.0,10.2,151.5,1450,hub_milagro_01
2025-11-14T12:20:34.192Z,80.34188034188034,57.85103785103786,17.904761904761905,0,44.9,10.2,143.8,1450,hub_milagro_01
2025-11-14T12:22:38.497Z,80.12210012210012,57.802197802197796,17.78754578754579,0,0.0,10.5,145.3,1450,hub_milagro_01
2025-11-14T12:24:38.557Z,79.97557997557998,57.75335775335775,17.78754578754579,0,44.0,10.2,147.5,1450,hub_milagro_01
2025-11-14T12:26:39.034Z,79.75579975579976,57.65567765567765,17.72893772893773,0,44.7,10.1,150.5,1450,hub_milagro_01
2025-11-14T12:28:42.985Z,79.58485958485959,57.77777777777777,17.611721611721613,0,45.5,10.2,149.7,1450,hub_milagro_01
