deviceHubId,plant_stage,airHumidityPercent,soilHumidityPercent,celciusGradeTemperature,precipitationDetected,nitrogen,phosphorus,potassium,condition_label,createdAt,altitudeMasl
SJ-DEV-1448,plantula,81,72,20.5,0,18,25,28,n_deficiency_severe,2025-05-21T01:31:00Z,1383.2267678460694
SJ-DEV-801,plantula,79,74,18.9,0,40,24,31,optimal_plantula,2025-05-18T09:33:00Z,1120.3662995876764
SJ-DEV-1192,plantula,86,80,20.4,1,20,29,32,n_deficiency_severe,2025-05-17T06:38:00Z,903.7457350292935
SJ-DEV-1480,plantula,81,79,19.4,1,19,24,29,n_deficiency_severe,2025-05-10T11:19:00Z,1355.4879812245622
SJ-DEV-744,plantula,83,78,21.1,0,14,28,25,n_deficiency_severe,2025-05-21T06:17:00Z,1369.634498681882
SJ-DEV-449,plantula,83,29,21.4,0,31,24,33,water_deficit_plantula,2025-05-13T14:39:00Z,1191.1137865294745
SJ-DEV-734,plantula,81,73,19.4,1,36,29,35,optimal_plantula,2025-05-17T23:11:00Z,1235.7817407439925
SJ-DEV-1478,plantula,83,34,19.9,0,35,26,32,water_deficit_plantula,2025-05-14T02:53:00Z,941.969113418542
SJ-DEV-1057,plantula,82,42,18.3,0,40,25,32,water_deficit_plantula,2025-05-24T14:05:00Z,1283.2404663958982
SJ-DEV-900,plantula,81,75,19.7,0,32,32,32,optimal_plantula,2025-05-14T07:58:00Z,1018.4048876815589
SJ-DEV-393,plantula,77,77,19.9,0,37,30,35,optimal_plantula,2025-05-04T11:53:00Z,915.407010863305
SJ-DEV-208,plantula,80,48,20.7,0,35,29,27,water_deficit_plantula,2025-05-15T18:33:00Z,1294.3863586181417
SJ-DEV-1379,plantula,83,34,19.6,0,36,22,30,water_deficit_plantula,2025-05-24T21:00:00Z,1073.0444827985616
SJ-DEV-683,plantula,82,79,20.3,1,13,26,28,n_deficiency_severe,2025-05-03T16:02:00Z,1211.6407375195843
SJ-DEV-638,plantula,78,74,19.4,0,14,14,36,n_deficiency_severe,2025-05-04T23:51:00Z,1207.9078475518077
SJ-DEV-1097,plantula,86,79,18.8,1,21,22,36,n_deficiency_severe,2025-05-05T06:31:00Z,974.2773193541437
SJ-DEV-648,plantula,81,77,20.8,0,32,23,36,optimal_plantula,2025-05-28T04:41:00Z,991.5453237049658
SJ-DEV-1130,plantula,83,28,20.6,0,41,23,27,water_deficit_plantula,2025-05-29T00:25:00Z,957.2064848443438
SJ-DEV-219,plantula,81,30,22.2,0,29,27,35,water_deficit_plantula,2025-05-16T16:12:00Z,907.3093902434546
SJ-DEV-330,plantula,83,36,20.2,0,46,24,25,water_deficit_plantula,2025-05-16T01:44:00Z,1143.3757703023791
SJ-DEV-1216,plantula,82,46,18.8,0,36,25,30,water_deficit_plantula,2025-05-25T22:37:00Z,1382.4507804581078
SJ-DEV-835,plantula,80,73,18.2,0,12,27,28,n_deficiency_severe,2025-05-27T00:42:00Z,932.281140488593
SJ-DEV-882,plantula,82,32,19.6,0,30,29,33,water_deficit_plantula,2025-05-28T00:31:00Z,1170.544092775565
SJ-DEV-582,plantula,78,74,20.0,1,32,24,29,optimal_plantula,2025-05-06T13:47:00Z,1132.9492795041547
SJ-DEV-560,plantula,87,74,20.0,0,16,24,39,n_deficiency_severe,2025-05-03T09:35:00Z,1200.7317247805258
SJ-DEV-448,plantula,82,78,19.7,0,37,21,32,optimal_plantula,2025-05-02T19:49:00Z,944.4644149953311
SJ-DEV-255,plantula,77,76,20.3,1,35,24,35,optimal_plantula,2025-05-15T20:09:00Z,1189.5013430936833
SJ-DEV-1358,plantula,78,77,20.3,0,34,23,35,optimal_plantula,2025-05-02T01:31:00Z,1034.792751909724
SJ-DEV-241,plantula,79,46,20.4,0,34,17,31,water_deficit_plantula,2025-05-19T00:45:00Z,1178.2162802781077
SJ-DEV-720,plantula,83,78,19.7,0,14,17,31,n_deficiency_severe,2025-05-24T08:07:00Z,1222.3171170891414
SJ-DEV-1222,plantula,80,78,21.3,0,19,24,24,n_deficiency_severe,2025-05-09T01:47:00Z,1140.5181856832592
SJ-DEV-1014,plantula,85,70,18.8,0,17,27,32,n_deficiency_severe,2025-05-15T18:10:00Z,1077.6195737214916
SJ-DEV-573,plantula,84,82,19.3,1,17,21,30,n_deficiency_severe,2025-05-31T12:11:00Z,1024.5760606806045
SJ-DEV-641,plantula,78,74,20.0,0,36,28,33,optimal_plantula,2025-05-04T09:39:00Z,1366.7577490211734
SJ-DEV-1030,plantula,83,74,20.6,0,16,28,39,n_deficiency_severe,2025-05-11T04:46:00Z,1126.6940097382467
SJ-DEV-1040,plantula,79,76,20.1,0,18,26,37,n_deficiency_severe,2025-05-29T03:05:00Z,1165.0806034557952
SJ-DEV-521,plantula,86,77,20.6,0,12,31,26,n_deficiency_severe,2025-05-14T08:08:00Z,909.6497831548584
SJ-DEV-197,plantula,82,84,20.4,1,19,27,34,n_deficiency_severe,2025-05-13T03:06:00Z,1154.050962889896
SJ-DEV-359,plantula,78,74,19.8,0,25,28,28,optimal_plantula,2025-05-31T19:54:00Z,902.8901187088716
SJ-DEV-648,plantula,81,75,19.3,0,38,21,28,optimal_plantula,2025-05-08T10:09:00Z,971.8842137977977
SJ-DEV-1368,plantula,80,77,20.5,0,42,20,36,optimal_plantula,2025-05-21T10:02:00Z,1136.4134626737032
SJ-DEV-109,plantula,84,75,18.3,0,17,22,33,n_deficiency_severe,2025-05-17T07:12:00Z,1088.673720386298
SJ-DEV-1455,plantula,86,77,18.7,0,13,27,21,n_deficiency_severe,2025-05-30T14:37:00Z,927.0875993230715
SJ-DEV-417,plantula,80,50,19.9,0,28,22,31,water_deficit_plantula,2025-05-22T12:07:00Z,1193.7642540655347
SJ-DEV-1453,plantula,85,76,19.6,0,18,28,34,n_deficiency_severe,2025-05-09T14:28:00Z,982.0016118709806
SJ-DEV-924,plantula,87,76,19.9,0,17,24,37,n_deficiency_severe,2025-05-16T09:25:00Z,1178.665118720734
SJ-DEV-1394,plantula,87,80,19.8,0,21,27,32,n_deficiency_severe,2025-05-05T00:25:00Z,972.1228608009542
SJ-DEV-570,plantula,81,77,21.3,1,17,24,30,n_deficiency_severe,2025-05-30T15:23:00Z,1368.6535423481123
SJ-DEV-914,plantula,79,77,20.7,1,43,29,33,optimal_plantula,2025-05-19T15:00:00Z,1285.4899857598875
SJ-DEV-321,plantula,81,73,19.6,0,30,29,29,optimal_plantula,2025-05-24T10:53:00Z,1378.4665611747027
SJ-DEV-1464,plantula,80,32,21.9,0,30,29,34,water_deficit_plantula,2025-05-21T20:53:00Z,970.6138822082497
SJ-DEV-641,plantula,82,40,20.3,0,34,24,37,water_deficit_plantula,2025-05-15T22:33:00Z,1052.6963541438492
SJ-DEV-1082,plantula,83,35,20.1,0,34,27,34,water_deficit_plantula,2025-05-04T17:27:00Z,919.7948121139808
SJ-DEV-416,plantula,77,81,21.1,0,22,27,30,n_deficiency_severe,2025-05-15T01:35:00Z,1038.391847395846
SJ-DEV-048,plantula,84,75,19.8,0,13,28,39,n_deficiency_severe,2025-05-02T17:06:00Z,1303.2562525578019
SJ-DEV-1370,plantula,81,75,19.0,0,35,25,33,optimal_plantula,2025-05-28T04:52:00Z,988.671517639127
SJ-DEV-209,plantula,83,75,20.2,0,13,24,22,n_deficiency_severe,2025-05-31T01:38:00Z,977.2852573553948
SJ-DEV-340,plantula,79,76,19.2,1,45,27,37,optimal_plantula,2025-05-13T23:28:00Z,1377.3593278511976
SJ-DEV-1275,plantula,81,72,19.7,0,16,24,23,n_deficiency_severe,2025-05-03T22:34:00Z,977.2757000445215
SJ-DEV-001,plantula,80,75,19.3,0,38,20,34,optimal_plantula,2025-05-29T06:24:00Z,1316.9446470756159
SJ-DEV-805,plantula,80,34,20.3,0,34,23,38,water_deficit_plantula,2025-05-23T08:27:00Z,920.5314031359037
SJ-DEV-1444,plantula,85,81,19.0,1,18,26,35,n_deficiency_severe,2025-05-18T05:47:00Z,1093.091764167914
SJ-DEV-939,plantula,85,74,19.7,0,13,28,34,n_deficiency_severe,2025-05-19T08:25:00Z,1074.7961509818463
SJ-DEV-463,plantula,83,78,20.1,0,13,24,35,n_deficiency_severe,2025-05-02T06:02:00Z,1070.853896375227
SJ-DEV-710,plantula,82,46,20.2,0,38,25,38,water_deficit_plantula,2025-05-15T10:34:00Z,1308.2315283571152
SJ-DEV-1249,plantula,90,75,18.4,0,13,23,34,n_deficiency_severe,2025-05-03T18:29:00Z,1137.967454065864
SJ-DEV-001,plantula,82,74,19.3,1,18,25,33,n_deficiency_severe,2025-05-25T15:15:00Z,1291.4451447612018
SJ-DEV-1245,plantula,84,34,20.1,0,34,29,30,water_deficit_plantula,2025-05-02T21:40:00Z,1135.4200626544225
SJ-DEV-466,plantula,80,73,20.7,0,34,28,24,optimal_plantula,2025-05-30T13:52:00Z,1308.6720034290709
SJ-DEV-531,plantula,81,75,20.7,0,31,24,33,optimal_plantula,2025-05-21T16:52:00Z,1340.783799327803
SJ-DEV-265,plantula,82,44,19.2,0,38,24,30,water_deficit_plantula,2025-05-01T00:31:00Z,1119.7981988398199
SJ-DEV-1031,plantula,78,76,20.3,0,34,24,30,optimal_plantula,2025-05-30T12:09:00Z,1290.5317988962406
SJ-DEV-1497,plantula,79,74,19.9,0,18,29,34,n_deficiency_severe,2025-05-22T20:40:00Z,1307.3705801288488
SJ-DEV-688,plantula,82,76,20.4,0,33,26,31,optimal_plantula,2025-05-22T00:57:00Z,1047.8394578212537
SJ-DEV-001,plantula,83,75,19.3,1,21,25,35,n_deficiency_severe,2025-05-27T18:44:00Z,961.938337153453
SJ-DEV-603,plantula,84,75,20.5,0,17,25,28,n_deficiency_severe,2025-05-15T12:04:00Z,992.8109303724942
SJ-DEV-1190,plantula,81,49,18.2,0,33,22,27,water_deficit_plantula,2025-05-08T13:50:00Z,1118.0298967997073
SJ-DEV-105,plantula,83,35,18.7,0,37,24,33,water_deficit_plantula,2025-05-06T19:16:00Z,959.733703505606
SJ-DEV-1031,plantula,82,29,21.6,0,31,25,33,water_deficit_plantula,2025-05-01T12:41:00Z,1164.8995708789416
SJ-DEV-369,plantula,78,77,19.8,0,33,26,37,optimal_plantula,2025-05-27T05:31:00Z,1314.7105807087212
SJ-DEV-051,plantula,84,73,20.1,0,14,27,35,n_deficiency_severe,2025-05-31T23:59:00Z,1142.6005764932174
SJ-DEV-904,plantula,86,77,19.3,0,15,32,41,n_deficiency_severe,2025-05-11T08:12:00Z,1308.867000850902
SJ-DEV-1095,plantula,83,74,19.9,1,39,23,26,optimal_plantula,2025-05-23T16:37:00Z,1228.195811269709
SJ-DEV-1269,plantula,81,77,20.1,0,13,31,32,n_deficiency_severe,2025-05-30T10:00:00Z,1220.5215155758451
SJ-DEV-438,plantula,81,38,18.9,0,32,24,29,water_deficit_plantula,2025-05-21T02:52:00Z,1072.67446260213
SJ-DEV-041,plantula,81,78,20.0,0,15,23,29,n_deficiency_severe,2025-05-17T03:23:00Z,1251.3294745241624
SJ-DEV-1219,plantula,83,74,18.2,0,14,26,35,n_deficiency_severe,2025-05-07T10:27:00Z,1304.9702918656014
SJ-DEV-981,plantula,83,81,19.9,0,19,26,28,n_deficiency_severe,2025-05-04T19:35:00Z,978.5847923920088
SJ-DEV-098,plantula,82,73,20.1,0,16,20,38,n_deficiency_severe,2025-05-20T07:22:00Z,1353.9953095577753
SJ-DEV-1327,plantula,80,78,19.7,1,38,24,32,optimal_plantula,2025-05-20T12:24:00Z,1034.6651836184092
SJ-DEV-643,plantula,85,79,22.3,0,22,26,29,n_deficiency_severe,2025-05-07T14:26:00Z,977.4232478735081
SJ-DEV-1343,plantula,82,72,19.2,0,14,23,25,n_deficiency_severe,2025-05-26T00:41:00Z,1320.2395825972462
SJ-DEV-097,plantula,85,75,20.0,0,18,20,34,n_deficiency_severe,2025-05-16T03:33:00Z,1260.063989920503
SJ-DEV-1352,plantula,83,43,20.3,0,39,24,33,water_deficit_plantula,2025-05-17T09:38:00Z,1296.781197886876
SJ-DEV-887,plantula,83,70,20.2,1,14,23,33,n_deficiency_severe,2025-05-02T11:53:00Z,1123.3353321279737
SJ-DEV-399,plantula,83,75,21.4,0,19,28,33,n_deficiency_severe,2025-05-19T18:45:00Z,935.3869426194284
SJ-DEV-1177,plantula,82,76,20.0,0,40,18,29,optimal_plantula,2025-05-21T20:19:00Z,1097.6215251317249
SJ-DEV-492,plantula,78,74,20.2,0,39,24,28,optimal_plantula,2025-05-15T12:40:00Z,923.8676477019927
SJ-DEV-212,plantula,82,73,19.9,0,15,26,32,n_deficiency_severe,2025-05-27T13:03:00Z,1043.0667519696137
SJ-DEV-1203,plantula,82,75,20.6,0,36,23,27,optimal_plantula,2025-05-05T17:58:00Z,918.9972975082381
SJ-DEV-189,plantula,78,77,20.3,1,19,28,32,n_deficiency_severe,2025-05-09T21:25:00Z,1153.357420972072
SJ-DEV-1218,plantula,82,45,19.2,0,41,31,31,water_deficit_plantula,2025-05-22T17:08:00Z,943.8338994711463
SJ-DEV-462,plantula,80,74,20.0,0,38,27,36,optimal_plantula,2025-05-18T20:57:00Z,1366.4128234199025
SJ-DEV-607,plantula,80,75,19.0,0,12,24,33,n_deficiency_severe,2025-05-29T14:55:00Z,1249.693644785898
SJ-DEV-1131,plantula,78,77,19.8,0,39,25,36,optimal_plantula,2025-05-31T03:03:00Z,1058.4930133284054
SJ-DEV-1098,plantula,80,33,19.1,0,31,26,32,water_deficit_plantula,2025-05-25T03:52:00Z,1372.5255350054583
SJ-DEV-1142,plantula,83,31,17.8,0,46,30,25,water_deficit_plantula,2025-05-19T15:58:00Z,933.1138021684426
SJ-DEV-529,plantula,83,45,20.6,0,32,24,25,water_deficit_plantula,2025-05-09T09:00:00Z,1028.714445443849
SJ-DEV-976,plantula,77,74,19.9,0,39,25,35,optimal_plantula,2025-05-11T03:22:00Z,936.4998232157274
SJ-DEV-833,plantula,81,77,20.7,0,15,25,34,n_deficiency_severe,2025-05-12T01:00:00Z,1113.152129014974
SJ-DEV-065,plantula,84,37,20.0,0,32,32,39,water_deficit_plantula,2025-05-24T17:38:00Z,1000.9483862716431
SJ-DEV-271,plantula,80,77,19.1,0,30,26,25,optimal_plantula,2025-05-11T19:24:00Z,1098.3233175970693
SJ-DEV-812,plantula,81,73,19.6,0,34,28,25,optimal_plantula,2025-05-26T02:36:00Z,1252.4299557747177
SJ-DEV-1385,plantula,79,73,19.7,1,17,30,29,n_deficiency_severe,2025-05-09T00:34:00Z,1343.676670862625
SJ-DEV-546,plantula,82,40,20.1,0,43,25,27,water_deficit_plantula,2025-05-30T15:02:00Z,1150.258897380261
SJ-DEV-1231,plantula,82,49,19.8,0,30,25,40,water_deficit_plantula,2025-05-16T15:17:00Z,1309.26577447933
SJ-DEV-1377,plantula,79,74,20.6,0,32,25,38,optimal_plantula,2025-05-28T23:33:00Z,1080.6272563748998
SJ-DEV-337,plantula,79,32,20.4,0,35,19,33,water_deficit_plantula,2025-05-10T22:27:00Z,1329.34308650002
SJ-DEV-1030,plantula,80,33,19.1,0,37,28,33,water_deficit_plantula,2025-05-26T08:53:00Z,1157.5170877936291
SJ-DEV-088,plantula,84,76,20.5,0,16,21,33,n_deficiency_severe,2025-05-12T10:04:00Z,1251.2077384485813
SJ-DEV-472,plantula,80,45,19.6,0,34,25,28,water_deficit_plantula,2025-05-01T21:19:00Z,987.3449592014593
SJ-DEV-942,plantula,83,36,19.4,0,26,20,33,water_deficit_plantula,2025-05-25T18:26:00Z,1192.2559052827203
SJ-DEV-1442,plantula,77,74,20.2,0,33,31,30,optimal_plantula,2025-05-24T03:15:00Z,1050.8885288995161
SJ-DEV-211,plantula,82,47,20.5,0,36,24,31,water_deficit_plantula,2025-05-31T01:18:00Z,1306.4256971794582
SJ-DEV-494,plantula,80,72,20.3,0,20,25,34,n_deficiency_severe,2025-05-12T14:34:00Z,1167.1703739205766
SJ-DEV-939,plantula,82,78,20.0,0,13,27,37,n_deficiency_severe,2025-05-09T18:18:00Z,1149.7936520966161
SJ-DEV-1379,plantula,79,73,19.9,0,29,28,32,optimal_plantula,2025-05-25T10:12:00Z,1286.6626022416535
SJ-DEV-729,plantula,82,32,20.0,0,37,21,33,water_deficit_plantula,2025-05-28T20:51:00Z,1174.5153362767248
SJ-DEV-1170,plantula,82,79,20.4,0,16,24,30,n_deficiency_severe,2025-05-23T13:05:00Z,1066.8790062469575
SJ-DEV-590,plantula,80,73,22.2,0,14,23,34,n_deficiency_severe,2025-05-02T22:05:00Z,965.4664302172978
SJ-DEV-633,plantula,82,74,21.2,0,16,29,30,n_deficiency_severe,2025-05-01T13:44:00Z,1212.2529952417306
SJ-DEV-334,plantula,79,47,20.9,0,36,26,35,water_deficit_plantula,2025-05-01T00:43:00Z,1362.673109564664
SJ-DEV-1461,plantula,82,75,20.1,1,21,27,34,n_deficiency_severe,2025-05-06T02:58:00Z,1321.1694283264303
SJ-DEV-1473,plantula,79,75,19.8,0,33,26,28,optimal_plantula,2025-05-16T10:56:00Z,934.8748926587356
SJ-DEV-587,plantula,77,73,20.5,0,34,29,34,optimal_plantula,2025-05-16T16:54:00Z,1062.6426025145638
SJ-DEV-417,plantula,78,74,19.0,0,40,25,39,optimal_plantula,2025-05-18T22:59:00Z,900.8531870999931
SJ-DEV-616,plantula,81,46,21.6,0,35,24,36,water_deficit_plantula,2025-05-14T14:20:00Z,1237.3485992134536
SJ-DEV-517,plantula,83,74,20.3,1,34,26,29,optimal_plantula,2025-05-09T19:52:00Z,1219.1400583372283
SJ-DEV-1388,plantula,83,79,20.6,0,22,23,35,n_deficiency_severe,2025-05-26T23:53:00Z,1278.9543874267629
SJ-DEV-407,plantula,83,73,19.9,1,30,26,34,optimal_plantula,2025-05-07T22:50:00Z,974.1369646621133
SJ-DEV-197,plantula,85,79,19.6,1,17,25,35,n_deficiency_severe,2025-05-25T10:59:00Z,1008.5168460008178
SJ-DEV-1308,plantula,80,76,20.2,0,40,25,32,optimal_plantula,2025-05-11T09:31:00Z,1116.3861892798586
SJ-DEV-1471,plantula,82,40,19.1,0,36,26,31,water_deficit_plantula,2025-05-13T15:15:00Z,1268.3624279663377
SJ-DEV-577,plantula,77,75,19.1,0,41,23,31,optimal_plantula,2025-05-11T10:47:00Z,1003.5595013637342
SJ-DEV-1271,plantula,79,31,20.3,0,29,28,30,water_deficit_plantula,2025-05-04T06:20:00Z,1311.418462822997
SJ-DEV-692,plantula,83,46,19.9,0,31,27,34,water_deficit_plantula,2025-05-26T18:17:00Z,1090.6005439772769
SJ-DEV-1105,plantula,82,29,21.0,0,34,29,34,water_deficit_plantula,2025-05-22T15:58:00Z,1337.142889630874
SJ-DEV-617,plantula,82,35,19.9,0,39,28,30,water_deficit_plantula,2025-05-27T13:02:00Z,1380.0123322011814
SJ-DEV-268,plantula,85,72,18.5,0,18,24,29,n_deficiency_severe,2025-05-21T07:01:00Z,1168.7438600951632
SJ-DEV-811,plantula,80,76,21.0,0,39,24,33,optimal_plantula,2025-05-02T01:29:00Z,1360.5336796661252
SJ-DEV-1156,plantula,81,34,19.3,0,31,22,30,water_deficit_plantula,2025-05-01T01:09:00Z,1111.0184331199284
SJ-DEV-814,plantula,79,74,19.6,0,38,26,30,optimal_plantula,2025-05-21T14:46:00Z,1242.6350451176959
SJ-DEV-521,plantula,83,78,20.0,1,36,26,37,optimal_plantula,2025-05-26T05:16:00Z,1323.4544230677814
SJ-DEV-1103,plantula,79,78,18.3,0,42,22,28,optimal_plantula,2025-05-08T05:55:00Z,1319.3838929110755
SJ-DEV-730,plantula,82,35,20.2,0,41,20,32,water_deficit_plantula,2025-05-15T20:23:00Z,946.4344127638034
SJ-DEV-573,plantula,81,77,20.7,1,29,21,38,optimal_plantula,2025-05-24T08:13:00Z,1030.1578815207642
SJ-DEV-754,plantula,81,76,20.3,0,35,22,38,optimal_plantula,2025-05-18T10:39:00Z,1105.129010230552
SJ-DEV-488,plantula,86,81,19.4,0,20,26,24,n_deficiency_severe,2025-05-18T11:42:00Z,1328.9121797864993
SJ-DEV-343,plantula,79,78,19.8,0,41,29,33,optimal_plantula,2025-05-04T07:04:00Z,1038.3712646581253
SJ-DEV-902,plantula,79,76,20.3,0,41,33,36,optimal_plantula,2025-05-21T01:42:00Z,956.8694572957552
SJ-DEV-361,plantula,79,77,18.8,0,30,24,26,optimal_plantula,2025-05-28T10:36:00Z,1087.67422539825
SJ-DEV-1277,plantula,84,75,20.4,0,15,26,26,n_deficiency_severe,2025-05-15T17:56:00Z,1006.9429118091089
SJ-DEV-637,plantula,87,76,20.7,1,15,21,25,n_deficiency_severe,2025-05-02T12:19:00Z,1258.11831741457
SJ-DEV-1083,plantula,84,75,18.0,1,17,24,31,n_deficiency_severe,2025-05-23T21:15:00Z,1193.7547579345794
SJ-DEV-1289,plantula,81,79,20.0,0,13,20,34,n_deficiency_severe,2025-05-12T13:27:00Z,926.2494770792343
SJ-DEV-1296,plantula,81,76,19.2,0,40,23,42,optimal_plantula,2025-05-04T23:34:00Z,1338.71518907886
SJ-DEV-1174,plantula,79,42,19.5,0,37,23,34,water_deficit_plantula,2025-05-02T14:52:00Z,1120.2775449771325
SJ-DEV-727,plantula,80,78,19.6,1,32,31,32,optimal_plantula,2025-05-06T02:46:00Z,1288.4435202572545
SJ-DEV-157,plantula,80,74,19.9,1,34,22,32,optimal_plantula,2025-05-28T08:29:00Z,982.6603523662003
SJ-DEV-198,plantula,84,78,17.8,0,19,22,40,n_deficiency_severe,2025-05-07T13:08:00Z,1053.9585813971175
SJ-DEV-962,plantula,77,77,20.1,0,32,27,35,optimal_plantula,2025-05-20T23:02:00Z,936.6631466157991
SJ-DEV-165,plantula,85,67,20.1,1,20,27,33,n_deficiency_severe,2025-05-03T20:44:00Z,1097.495361039121
SJ-DEV-1031,plantula,82,78,21.0,1,36,23,27,optimal_plantula,2025-05-10T13:13:00Z,1114.4551830063183
SJ-DEV-179,plantula,84,41,18.3,0,31,24,35,water_deficit_plantula,2025-05-17T00:52:00Z,1241.3981453614342
SJ-DEV-844,plantula,83,34,21.4,0,33,20,31,water_deficit_plantula,2025-05-05T15:03:00Z,1139.7939271687683
SJ-DEV-213,plantula,82,75,19.5,0,18,23,34,n_deficiency_severe,2025-05-04T03:46:00Z,1100.2559327647446
SJ-DEV-395,plantula,83,39,20.3,0,34,28,31,water_deficit_plantula,2025-05-02T14:15:00Z,1138.9809904887918
SJ-DEV-1036,plantula,79,75,19.6,0,35,26,32,optimal_plantula,2025-05-27T01:22:00Z,1040.6302027087759
SJ-DEV-1486,plantula,81,82,18.4,1,20,30,31,n_deficiency_severe,2025-05-17T07:59:00Z,1084.7627187342443
SJ-DEV-1085,plantula,82,37,18.6,0,38,26,36,water_deficit_plantula,2025-05-17T21:29:00Z,1200.2468732985924
SJ-DEV-884,plantula,83,45,19.9,0,42,23,39,water_deficit_plantula,2025-05-30T01:19:00Z,1003.0339902973981
SJ-DEV-148,plantula,83,33,20.5,0,41,24,41,water_deficit_plantula,2025-05-28T09:16:00Z,1159.4321630753764
SJ-DEV-642,plantula,83,75,20.9,1,17,28,27,n_deficiency_severe,2025-05-18T22:32:00Z,1364.836342513652
SJ-DEV-394,plantula,80,47,19.0,0,32,22,33,water_deficit_plantula,2025-05-13T23:42:00Z,1128.7087284169415
SJ-DEV-987,plantula,81,76,18.7,0,13,26,27,n_deficiency_severe,2025-05-07T19:44:00Z,1234.155255833369
SJ-DEV-1468,plantula,83,43,20.5,0,40,23,39,water_deficit_plantula,2025-05-10T08:26:00Z,1229.921595857644
SJ-DEV-532,plantula,83,34,19.2,0,33,27,31,water_deficit_plantula,2025-05-02T17:36:00Z,1300.6725840107292
SJ-DEV-1244,plantula,82,40,20.0,0,36,25,33,water_deficit_plantula,2025-05-13T18:47:00Z,1262.77518968244
SJ-DEV-336,plantula,80,77,19.2,1,30,24,32,optimal_plantula,2025-05-13T09:20:00Z,1230.3535163378713
SJ-DEV-808,plantula,83,28,19.5,0,34,25,31,water_deficit_plantula,2025-05-11T01:00:00Z,951.8554114807827
SJ-DEV-022,plantula,81,76,20.2,0,43,29,28,optimal_plantula,2025-05-29T16:42:00Z,1083.316875133728
SJ-DEV-699,plantula,85,81,20.3,0,19,19,27,n_deficiency_severe,2025-05-16T05:57:00Z,1297.0301951312094
SJ-DEV-1239,plantula,84,84,21.3,1,14,26,35,n_deficiency_severe,2025-05-17T01:59:00Z,932.5963680300246
SJ-DEV-398,plantula,82,75,20.4,0,31,21,28,optimal_plantula,2025-05-07T19:16:00Z,970.008828819694
SJ-DEV-919,plantula,84,78,20.2,0,20,25,30,n_deficiency_severe,2025-05-07T13:46:00Z,1352.680084464503
SJ-DEV-1038,plantula,83,40,19.2,0,30,23,28,water_deficit_plantula,2025-05-08T23:21:00Z,1194.0087330780157
SJ-DEV-607,plantula,83,32,19.9,0,40,24,27,water_deficit_plantula,2025-05-20T23:47:00Z,1390.0843812111266
SJ-DEV-496,plantula,80,78,19.0,0,36,25,18,optimal_plantula,2025-05-11T04:41:00Z,1276.7901314532432
SJ-DEV-1255,plantula,82,38,18.4,0,37,25,30,water_deficit_plantula,2025-05-26T14:34:00Z,1397.8389750780636
SJ-DEV-1318,plantula,80,76,19.9,0,20,25,34,n_deficiency_severe,2025-05-14T23:43:00Z,1049.30974945996
SJ-DEV-198,plantula,80,73,22.2,1,21,25,28,n_deficiency_severe,2025-05-14T04:50:00Z,1243.0282569790934
SJ-DEV-757,plantula,87,78,20.1,1,15,24,36,n_deficiency_severe,2025-05-31T21:02:00Z,1065.2933715390125
SJ-DEV-031,plantula,79,46,19.6,0,32,27,29,water_deficit_plantula,2025-05-04T20:59:00Z,1372.985051391899
SJ-DEV-244,plantula,79,29,19.8,0,33,29,38,water_deficit_plantula,2025-05-11T19:51:00Z,1046.8906647061187
SJ-DEV-321,plantula,83,76,19.3,0,21,24,32,n_deficiency_severe,2025-05-08T17:25:00Z,997.2831640733833
SJ-DEV-1222,plantula,79,75,19.9,0,30,25,22,optimal_plantula,2025-05-09T19:15:00Z,1307.142180016509
SJ-DEV-019,plantula,87,73,20.0,0,22,26,35,n_deficiency_severe,2025-05-08T05:10:00Z,1039.517329903262
SJ-DEV-656,plantula,82,75,20.6,1,40,24,31,optimal_plantula,2025-05-17T20:11:00Z,1167.0168306439589
SJ-DEV-277,plantula,82,36,19.3,0,31,21,32,water_deficit_plantula,2025-05-19T10:03:00Z,1201.1018566936293
SJ-DEV-874,plantula,83,47,19.8,0,33,23,34,water_deficit_plantula,2025-05-28T05:12:00Z,1069.817121737717
SJ-DEV-441,plantula,81,76,20.9,0,40,23,27,optimal_plantula,2025-05-20T16:41:00Z,1067.117431439326
SJ-DEV-499,plantula,80,76,21.2,0,14,27,32,n_deficiency_severe,2025-05-03T19:56:00Z,1060.5305912272277
SJ-DEV-255,plantula,78,73,20.8,0,46,27,34,optimal_plantula,2025-05-21T10:11:00Z,1033.7518993204694
SJ-DEV-703,plantula,83,31,21.2,0,39,19,30,water_deficit_plantula,2025-05-12T14:52:00Z,1279.8361738297008
SJ-DEV-1082,plantula,82,77,18.5,0,30,31,24,optimal_plantula,2025-05-04T15:13:00Z,1194.614868546028
SJ-DEV-424,plantula,82,73,20.6,0,23,24,38,optimal_plantula,2025-05-10T03:11:00Z,1174.1225291774294
SJ-DEV-1070,plantula,84,75,19.7,1,17,25,34,n_deficiency_severe,2025-05-26T01:47:00Z,1312.0692582624145
SJ-DEV-968,plantula,84,74,19.6,0,12,24,33,n_deficiency_severe,2025-05-28T12:07:00Z,1028.5753040458028
SJ-DEV-699,plantula,84,73,18.8,1,17,19,26,n_deficiency_severe,2025-05-19T18:20:00Z,968.5416529721518
SJ-DEV-307,plantula,81,73,18.9,0,14,25,35,n_deficiency_severe,2025-05-20T21:59:00Z,914.1895353590759
SJ-DEV-281,plantula,83,74,19.9,0,35,26,30,optimal_plantula,2025-05-01T04:22:00Z,918.676976355308
SJ-DEV-668,plantula,81,35,18.3,0,41,34,42,water_deficit_plantula,2025-05-23T06:42:00Z,1395.338112280052
SJ-DEV-1084,plantula,84,77,19.9,0,19,24,35,n_deficiency_severe,2025-05-01T06:22:00Z,1386.9073450889796
SJ-DEV-444,plantula,80,39,19.2,0,35,24,26,water_deficit_plantula,2025-05-23T21:21:00Z,1233.299879561399
SJ-DEV-1006,plantula,83,75,22.1,1,20,23,30,n_deficiency_severe,2025-05-18T02:42:00Z,1395.3302119411849
SJ-DEV-1068,plantula,83,73,19.8,1,40,28,31,optimal_plantula,2025-05-24T01:03:00Z,1157.8262513705633
SJ-DEV-053,plantula,86,69,20.8,0,15,29,34,n_deficiency_severe,2025-05-15T00:48:00Z,1117.2776978788452
SJ-DEV-1397,plantula,82,77,18.4,0,19,23,31,n_deficiency_severe,2025-05-08T05:27:00Z,1157.6421160531522
SJ-DEV-883,plantula,78,75,20.7,0,36,27,32,optimal_plantula,2025-05-22T23:11:00Z,934.4984227570349
SJ-DEV-1250,plantula,79,77,20.8,0,34,17,28,optimal_plantula,2025-05-28T10:36:00Z,1279.7903953398384
SJ-DEV-363,plantula,82,43,20.6,0,38,23,37,water_deficit_plantula,2025-05-13T08:10:00Z,1052.5807613932525
SJ-DEV-1449,plantula,79,43,21.5,0,31,26,29,water_deficit_plantula,2025-05-21T13:48:00Z,1249.040223231798
SJ-DEV-925,plantula,81,31,22.3,0,31,22,35,water_deficit_plantula,2025-05-29T01:55:00Z,1354.7513484202857
SJ-DEV-684,plantula,82,73,20.3,0,34,28,25,optimal_plantula,2025-05-15T21:31:00Z,1009.7995465537427
SJ-DEV-696,plantula,80,33,21.5,0,34,28,36,water_deficit_plantula,2025-05-06T19:54:00Z,1152.1881389724929
SJ-DEV-146,plantula,78,73,20.4,0,37,32,32,optimal_plantula,2025-05-14T13:06:00Z,1226.5709016862777
SJ-DEV-485,plantula,80,31,19.6,0,37,20,31,water_deficit_plantula,2025-05-21T17:58:00Z,1305.4791629990839
SJ-DEV-591,plantula,82,74,20.1,1,39,28,34,optimal_plantula,2025-05-04T02:57:00Z,1241.3757107594963
SJ-DEV-775,plantula,79,44,20.6,0,34,30,35,water_deficit_plantula,2025-05-22T13:35:00Z,1065.5456865674207
SJ-DEV-683,plantula,83,74,20.2,0,33,23,35,optimal_plantula,2025-05-24T11:18:00Z,1182.0899159819114
SJ-DEV-1221,plantula,80,77,19.3,0,31,26,31,optimal_plantula,2025-05-31T14:17:00Z,981.2671463116309
SJ-DEV-184,plantula,79,75,20.4,0,30,23,25,optimal_plantula,2025-05-12T06:21:00Z,1149.7080142980278
SJ-DEV-874,plantula,82,31,19.7,0,28,20,37,water_deficit_plantula,2025-05-28T22:29:00Z,1370.0240368983464
SJ-DEV-217,plantula,78,74,19.9,0,35,20,32,optimal_plantula,2025-05-17T07:01:00Z,1375.0913493026699
SJ-DEV-1442,plantula,83,50,20.0,0,33,20,32,water_deficit_plantula,2025-05-03T20:04:00Z,969.9693407038222
SJ-DEV-432,plantula,81,78,19.3,0,37,23,35,optimal_plantula,2025-05-12T19:08:00Z,1166.156891817715
SJ-DEV-934,plantula,81,73,20.8,0,39,20,33,optimal_plantula,2025-05-31T17:11:00Z,1209.930905953922
SJ-DEV-1481,plantula,88,76,20.9,0,15,22,33,n_deficiency_severe,2025-05-27T04:01:00Z,972.7659520931417
SJ-DEV-1470,plantula,83,40,18.5,0,30,29,33,water_deficit_plantula,2025-05-15T16:06:00Z,1374.495481101096
SJ-DEV-543,plantula,80,78,19.4,1,41,27,37,optimal_plantula,2025-05-31T03:54:00Z,1021.6428678060297
SJ-DEV-308,plantula,80,74,19.4,1,13,23,33,n_deficiency_severe,2025-05-11T22:39:00Z,982.1250524894408
SJ-DEV-944,plantula,81,38,20.2,0,28,23,41,water_deficit_plantula,2025-05-21T02:59:00Z,1153.2158149571644
SJ-DEV-983,plantula,81,77,20.8,0,36,26,34,optimal_plantula,2025-05-29T23:08:00Z,1152.5018032317914
SJ-DEV-027,plantula,82,76,19.6,0,36,20,31,optimal_plantula,2025-05-13T02:46:00Z,1286.7241866631578
SJ-DEV-494,plantula,80,47,19.8,0,29,23,27,water_deficit_plantula,2025-05-08T11:43:00Z,1326.588657642989
SJ-DEV-211,plantula,81,77,21.0,0,22,28,27,n_deficiency_severe,2025-05-03T00:35:00Z,1063.251583013393
SJ-DEV-807,plantula,80,44,20.3,0,34,27,34,water_deficit_plantula,2025-05-13T16:32:00Z,1254.1136533015372
SJ-DEV-943,plantula,83,31,20.8,0,35,19,29,water_deficit_plantula,2025-05-10T14:35:00Z,1180.8612084618612
SJ-DEV-276,plantula,79,38,21.7,0,36,22,26,water_deficit_plantula,2025-05-05T14:16:00Z,1167.5406135997516
SJ-DEV-062,plantula,83,75,20.5,0,33,29,34,optimal_plantula,2025-05-16T19:58:00Z,1199.5995798865085
SJ-DEV-169,vegetativo,84,39,21.1,0,41,30,40,water_deficit_vegetativo,2025-05-30T11:25:00Z,1123.1688798997047
SJ-DEV-877,vegetativo,84,68,20.1,0,27,31,47,n_deficiency_moderate,2025-05-12T14:02:00Z,1085.8518647726166
SJ-DEV-1294,vegetativo,80,67,19.9,0,46,31,49,optimal_vegetativo,2025-05-07T18:22:00Z,1364.8615917902632
SJ-DEV-831,vegetativo,82,39,20.5,0,45,23,35,water_deficit_vegetativo,2025-05-25T18:51:00Z,1281.449527444432
SJ-DEV-1439,vegetativo,83,30,21.7,0,50,29,47,water_deficit_vegetativo,2025-05-26T05:25:00Z,1237.9347600355527
SJ-DEV-1345,vegetativo,82,35,19.8,0,39,27,46,water_deficit_vegetativo,2025-05-12T13:19:00Z,1343.1555496328558
SJ-DEV-1170,vegetativo,83,70,22.2,0,43,29,42,optimal_vegetativo,2025-05-22T21:45:00Z,1202.021125748593
SJ-DEV-690,vegetativo,84,69,21.0,0,55,28,38,optimal_vegetativo,2025-05-14T06:24:00Z,935.4510296663565
SJ-DEV-685,vegetativo,82,72,21.0,0,49,30,45,optimal_vegetativo,2025-05-02T01:18:00Z,1013.9615052314663
SJ-DEV-1431,vegetativo,99,70,22.7,1,47,32,49,fungal_risk_roya_vegetativo,2025-05-20T20:17:00Z,1301.5101425282298
SJ-DEV-199,vegetativo,81,70,21.9,0,19,29,40,n_deficiency_moderate,2025-05-04T13:07:00Z,1073.0931622526728
SJ-DEV-819,vegetativo,94,70,21.2,0,50,25,38,fungal_risk_roya_vegetativo,2025-05-25T15:28:00Z,1369.809921537563
SJ-DEV-304,vegetativo,88,73,20.9,1,15,31,39,n_deficiency_moderate,2025-05-13T23:40:00Z,1244.5261484724253
SJ-DEV-020,vegetativo,98,71,22.9,0,48,29,43,fungal_risk_roya_vegetativo,2025-05-26T20:31:00Z,1089.8933745540055
SJ-DEV-567,vegetativo,83,32,21.3,0,55,28,44,water_deficit_vegetativo,2025-05-28T19:51:00Z,1146.392961506584
SJ-DEV-122,vegetativo,80,71,21.6,0,45,31,45,optimal_vegetativo,2025-05-20T10:05:00Z,926.2237825611197
SJ-DEV-710,vegetativo,83,68,19.9,1,21,27,40,n_deficiency_moderate,2025-05-14T23:19:00Z,1124.0378216132099
SJ-DEV-639,vegetativo,84,75,20.3,0,17,32,37,n_deficiency_moderate,2025-05-24T00:46:00Z,940.0889583987998
SJ-DEV-521,vegetativo,87,61,21.7,0,23,34,44,n_deficiency_moderate,2025-05-19T06:34:00Z,1046.5820238977558
SJ-DEV-1173,vegetativo,80,70,21.4,0,45,31,46,optimal_vegetativo,2025-05-05T23:41:00Z,1364.6457558136615
SJ-DEV-829,vegetativo,93,71,22.6,1,45,31,40,fungal_risk_roya_vegetativo,2025-05-30T19:16:00Z,973.9469993343653
SJ-DEV-1418,vegetativo,99,72,21.3,1,56,25,40,fungal_risk_roya_vegetativo,2025-05-29T23:20:00Z,1238.4586749788205
SJ-DEV-926,vegetativo,95,71,21.2,1,44,29,43,fungal_risk_roya_vegetativo,2025-05-30T00:25:00Z,1225.3944562451118
SJ-DEV-181,vegetativo,83,67,21.2,1,56,30,51,optimal_vegetativo,2025-05-18T16:59:00Z,1246.5338646778875
SJ-DEV-686,vegetativo,84,68,21.5,0,49,31,43,optimal_vegetativo,2025-05-21T21:47:00Z,1297.2350397326104
SJ-DEV-396,vegetativo,80,69,20.8,0,52,28,40,optimal_vegetativo,2025-05-28T19:54:00Z,1332.128070807606
SJ-DEV-406,vegetativo,82,72,20.9,0,58,27,37,optimal_vegetativo,2025-05-26T07:27:00Z,1078.3043466189297
SJ-DEV-561,vegetativo,98,74,21.5,0,57,30,36,fungal_risk_roya_vegetativo,2025-05-20T01:34:00Z,1085.7057788036802
SJ-DEV-337,vegetativo,81,69,20.9,0,49,33,38,optimal_vegetativo,2025-05-18T08:44:00Z,987.0247150758817
SJ-DEV-1234,vegetativo,94,71,22.6,1,47,31,42,fungal_risk_roya_vegetativo,2025-05-08T10:56:00Z,1219.712244040551
SJ-DEV-573,vegetativo,84,71,21.4,1,46,33,45,optimal_vegetativo,2025-05-15T08:46:00Z,1006.1353600596352
SJ-DEV-1356,vegetativo,98,71,21.4,0,49,33,48,fungal_risk_roya_vegetativo,2025-05-10T18:08:00Z,998.2247584868585
SJ-DEV-896,vegetativo,87,73,21.0,1,24,31,38,n_deficiency_moderate,2025-05-02T04:01:00Z,1395.046155918963
SJ-DEV-950,vegetativo,82,69,21.2,1,50,32,43,optimal_vegetativo,2025-05-06T19:15:00Z,1210.2108372285106
SJ-DEV-088,vegetativo,84,30,19.8,0,46,27,35,water_deficit_vegetativo,2025-05-17T14:11:00Z,1265.3235217238037
SJ-DEV-1208,vegetativo,82,36,20.1,0,45,27,42,water_deficit_vegetativo,2025-05-12T08:57:00Z,1150.9277908888578
SJ-DEV-1027,vegetativo,98,71,22.6,1,50,33,43,fungal_risk_roya_vegetativo,2025-05-08T13:02:00Z,966.2502112771009
SJ-DEV-177,vegetativo,93,73,22.1,0,46,31,43,fungal_risk_roya_vegetativo,2025-05-20T21:42:00Z,1355.0910489809835
SJ-DEV-141,vegetativo,97,73,22.8,1,43,27,44,fungal_risk_roya_vegetativo,2025-05-05T05:42:00Z,1225.6232021123953
SJ-DEV-028,vegetativo,96,73,21.1,0,41,34,42,fungal_risk_roya_vegetativo,2025-05-18T19:01:00Z,924.7546581122297
SJ-DEV-326,vegetativo,79,68,21.3,1,47,24,40,optimal_vegetativo,2025-05-12T23:04:00Z,1356.994085013403
SJ-DEV-1103,vegetativo,82,33,22.3,0,47,30,43,water_deficit_vegetativo,2025-05-12T04:08:00Z,1134.023862933927
SJ-DEV-730,vegetativo,79,69,21.9,0,50,29,42,optimal_vegetativo,2025-05-01T05:31:00Z,1198.8798682727916
SJ-DEV-699,vegetativo,84,31,20.6,0,51,34,51,water_deficit_vegetativo,2025-05-15T03:38:00Z,1085.8961555674932
SJ-DEV-1013,vegetativo,82,70,20.5,0,46,29,42,optimal_vegetativo,2025-05-08T13:41:00Z,1098.3271107383107
SJ-DEV-317,vegetativo,86,69,22.6,1,36,32,42,n_deficiency_moderate,2025-05-16T13:03:00Z,1289.2037546927831
SJ-DEV-036,vegetativo,87,68,18.6,1,36,25,35,n_deficiency_moderate,2025-05-26T21:59:00Z,1017.085059304797
SJ-DEV-1175,vegetativo,96,74,22.2,0,43,28,37,fungal_risk_roya_vegetativo,2025-05-05T19:13:00Z,904.3725553871924
SJ-DEV-646,vegetativo,85,70,23.9,1,13,29,47,n_deficiency_moderate,2025-05-10T09:02:00Z,1056.3746801876903
SJ-DEV-675,vegetativo,85,75,20.9,1,19,34,36,n_deficiency_moderate,2025-05-30T21:50:00Z,1392.686298735436
SJ-DEV-063,vegetativo,94,72,21.8,0,52,33,39,fungal_risk_roya_vegetativo,2025-05-29T12:08:00Z,960.236765236495
SJ-DEV-1154,vegetativo,82,73,20.3,0,35,33,40,n_deficiency_moderate,2025-05-26T17:03:00Z,1199.9527902730047
SJ-DEV-511,vegetativo,84,30,19.8,0,54,29,49,water_deficit_vegetativo,2025-05-12T17:09:00Z,1332.5385027325142
SJ-DEV-038,vegetativo,82,75,19.8,0,20,30,44,n_deficiency_moderate,2025-05-30T19:14:00Z,1166.99434433538
SJ-DEV-1363,vegetativo,83,70,18.9,0,31,30,46,n_deficiency_moderate,2025-05-31T02:17:00Z,1196.782614176745
SJ-DEV-666,vegetativo,83,41,21.9,0,51,29,42,water_deficit_vegetativo,2025-05-24T20:50:00Z,1168.5981772240216
SJ-DEV-1483,vegetativo,82,49,20.7,0,49,30,45,water_deficit_vegetativo,2025-05-15T15:01:00Z,1061.1184078936444
SJ-DEV-238,vegetativo,87,72,20.7,0,36,24,46,n_deficiency_moderate,2025-05-25T14:24:00Z,1081.4275862211987
SJ-DEV-669,vegetativo,85,49,19.7,0,52,31,48,water_deficit_vegetativo,2025-05-16T22:34:00Z,1363.3034850392442
SJ-DEV-1103,vegetativo,84,70,21.1,0,54,35,35,optimal_vegetativo,2025-05-08T06:24:00Z,1256.0715343612274
SJ-DEV-942,vegetativo,81,72,20.8,1,33,26,41,n_deficiency_moderate,2025-05-23T04:12:00Z,1221.3418020915776
SJ-DEV-950,vegetativo,94,71,21.9,0,48,29,42,fungal_risk_roya_vegetativo,2025-05-08T08:06:00Z,1128.4339591552882
SJ-DEV-1228,vegetativo,80,70,21.2,1,49,28,46,optimal_vegetativo,2025-05-16T14:51:00Z,1355.4860672697562
SJ-DEV-770,vegetativo,81,44,21.7,0,45,33,45,water_deficit_vegetativo,2025-05-17T22:38:00Z,1338.4180233002826
SJ-DEV-560,vegetativo,98,73,22.8,0,47,26,47,fungal_risk_roya_vegetativo,2025-05-22T17:19:00Z,1383.5744424635402
SJ-DEV-252,vegetativo,84,71,21.9,1,42,36,40,optimal_vegetativo,2025-05-13T15:33:00Z,1171.7791225599854
SJ-DEV-1339,vegetativo,86,67,20.6,1,27,28,42,n_deficiency_moderate,2025-05-04T06:49:00Z,1104.3049642407443
SJ-DEV-534,vegetativo,94,70,21.2,1,50,31,40,fungal_risk_roya_vegetativo,2025-05-03T09:19:00Z,995.860747410858
SJ-DEV-103,vegetativo,84,70,22.3,0,43,26,44,optimal_vegetativo,2025-05-19T13:09:00Z,1036.7016428484276
SJ-DEV-363,vegetativo,83,38,20.9,0,50,26,45,water_deficit_vegetativo,2025-05-09T06:24:00Z,1333.8510808607032
SJ-DEV-1464,vegetativo,86,73,20.1,0,30,31,40,n_deficiency_moderate,2025-05-05T10:48:00Z,987.123309649015
SJ-DEV-829,vegetativo,81,76,22.2,0,12,28,35,n_deficiency_moderate,2025-05-19T03:27:00Z,1372.9796563899954
SJ-DEV-1459,vegetativo,97,74,22.0,0,56,30,36,fungal_risk_roya_vegetativo,2025-05-31T21:16:00Z,1193.1790568438164
SJ-DEV-1197,vegetativo,85,72,21.2,0,44,32,50,optimal_vegetativo,2025-05-14T03:30:00Z,1323.5293172650472
SJ-DEV-746,vegetativo,99,71,22.2,0,51,32,45,fungal_risk_roya_vegetativo,2025-05-12T06:02:00Z,1165.0604601433906
SJ-DEV-1481,vegetativo,97,72,21.0,1,43,28,43,fungal_risk_roya_vegetativo,2025-05-10T21:35:00Z,1277.3804701818842
SJ-DEV-1191,vegetativo,82,70,20.0,0,56,29,41,optimal_vegetativo,2025-05-12T13:31:00Z,1193.6036865454416
SJ-DEV-255,vegetativo,85,69,20.1,0,35,29,42,n_deficiency_moderate,2025-05-24T10:40:00Z,1314.036804736388
SJ-DEV-841,vegetativo,94,72,21.5,1,59,29,39,fungal_risk_roya_vegetativo,2025-05-09T20:32:00Z,1157.1671360927721
SJ-DEV-245,vegetativo,86,75,23.0,1,20,29,37,n_deficiency_moderate,2025-05-07T17:16:00Z,1262.1039492279647
SJ-DEV-1229,vegetativo,96,72,22.3,1,52,29,41,fungal_risk_roya_vegetativo,2025-05-24T03:48:00Z,1301.7529924810847
SJ-DEV-1155,vegetativo,84,67,21.5,0,45,31,39,optimal_vegetativo,2025-05-18T06:45:00Z,1086.5147710525448
SJ-DEV-735,vegetativo,86,74,21.6,1,19,37,49,n_deficiency_moderate,2025-05-22T23:11:00Z,951.2919117268808
SJ-DEV-1242,vegetativo,82,42,18.9,0,54,28,45,water_deficit_vegetativo,2025-05-22T07:20:00Z,1237.501241002514
SJ-DEV-986,vegetativo,85,66,21.4,1,32,33,47,n_deficiency_moderate,2025-05-14T08:21:00Z,1325.1396223959853
SJ-DEV-390,vegetativo,83,39,21.1,0,42,33,45,water_deficit_vegetativo,2025-05-30T20:19:00Z,1317.026626244428
SJ-DEV-1447,vegetativo,93,71,21.1,1,49,29,39,fungal_risk_roya_vegetativo,2025-05-18T10:21:00Z,963.5212663788154
SJ-DEV-408,vegetativo,84,71,20.9,0,50,31,45,optimal_vegetativo,2025-05-20T08:54:00Z,1292.2077546617354
SJ-DEV-114,vegetativo,82,70,20.2,0,45,27,41,optimal_vegetativo,2025-05-15T00:29:00Z,1144.0526861576786
SJ-DEV-012,vegetativo,98,71,22.2,1,52,30,47,fungal_risk_roya_vegetativo,2025-05-02T20:27:00Z,1173.1775550459292
SJ-DEV-1290,vegetativo,79,70,21.6,0,48,30,40,optimal_vegetativo,2025-05-17T19:50:00Z,965.9193352152098
SJ-DEV-489,vegetativo,81,71,22.3,0,49,29,38,optimal_vegetativo,2025-05-08T00:37:00Z,1284.8257484134317
SJ-DEV-163,vegetativo,96,71,21.7,0,62,32,37,fungal_risk_roya_vegetativo,2025-05-19T09:02:00Z,1019.4863617117478
SJ-DEV-590,vegetativo,86,32,22.0,0,42,34,41,water_deficit_vegetativo,2025-05-09T20:58:00Z,1249.2511811512052
SJ-DEV-374,vegetativo,88,65,22.0,0,22,27,39,n_deficiency_moderate,2025-05-27T23:00:00Z,1067.6539644307743
SJ-DEV-389,vegetativo,81,69,21.4,0,45,26,44,optimal_vegetativo,2025-05-20T20:21:00Z,1378.305948129254
SJ-DEV-611,vegetativo,84,69,22.1,0,52,25,45,optimal_vegetativo,2025-05-28T01:10:00Z,1255.7511773787116
SJ-DEV-169,vegetativo,99,71,22.4,1,51,33,47,fungal_risk_roya_vegetativo,2025-05-17T17:17:00Z,1077.4885446037376
SJ-DEV-210,vegetativo,98,73,22.7,1,49,34,43,fungal_risk_roya_vegetativo,2025-05-07T00:37:00Z,1174.0242885569594
SJ-DEV-454,vegetativo,84,39,21.8,0,41,30,34,water_deficit_vegetativo,2025-05-06T02:13:00Z,994.1733516958657
SJ-DEV-489,vegetativo,84,78,19.2,0,38,33,46,n_deficiency_moderate,2025-05-24T21:21:00Z,1136.4622342427972
SJ-DEV-1267,vegetativo,94,71,22.0,1,55,32,46,fungal_risk_roya_vegetativo,2025-05-25T10:01:00Z,1365.567013899963
SJ-DEV-986,vegetativo,83,31,18.0,0,46,30,45,water_deficit_vegetativo,2025-05-11T10:35:00Z,1364.5107852879323
SJ-DEV-448,vegetativo,91,71,20.0,0,13,38,40,n_deficiency_moderate,2025-05-26T04:44:00Z,1059.7715241678454
SJ-DEV-586,vegetativo,99,73,22.8,1,47,29,42,fungal_risk_roya_vegetativo,2025-05-10T05:51:00Z,1120.7904715772981
SJ-DEV-270,vegetativo,82,32,20.4,0,49,33,43,water_deficit_vegetativo,2025-05-03T09:22:00Z,1162.4352466609337
SJ-DEV-401,vegetativo,86,72,21.7,0,37,29,41,n_deficiency_moderate,2025-05-17T07:59:00Z,1169.5848040746116
SJ-DEV-1165,vegetativo,85,77,21.3,0,32,34,39,n_deficiency_moderate,2025-05-20T15:38:00Z,1394.796020773054
SJ-DEV-1486,vegetativo,93,71,22.8,0,46,27,38,fungal_risk_roya_vegetativo,2025-05-26T06:07:00Z,942.9361465426407
SJ-DEV-1068,vegetativo,80,70,21.1,1,47,27,40,optimal_vegetativo,2025-05-08T07:41:00Z,998.7300506823032
SJ-DEV-378,vegetativo,83,70,22.2,0,45,28,43,optimal_vegetativo,2025-05-03T05:41:00Z,1203.8522858070946
SJ-DEV-975,vegetativo,94,71,21.4,1,34,27,43,fungal_risk_roya_vegetativo,2025-05-13T16:59:00Z,1067.9464175278438
SJ-DEV-480,vegetativo,98,73,22.7,1,39,29,44,fungal_risk_roya_vegetativo,2025-05-20T04:20:00Z,1088.877680418987
SJ-DEV-942,vegetativo,81,69,21.3,0,52,25,47,optimal_vegetativo,2025-05-15T00:32:00Z,1247.4565741699448
SJ-DEV-270,vegetativo,84,29,21.7,0,49,32,39,water_deficit_vegetativo,2025-05-19T06:09:00Z,999.797477068654
SJ-DEV-595,vegetativo,80,71,22.6,1,47,31,44,optimal_vegetativo,2025-05-11T03:34:00Z,914.6909660032196
SJ-DEV-159,vegetativo,94,72,21.2,1,42,30,42,fungal_risk_roya_vegetativo,2025-05-18T14:02:00Z,1385.415289780976
SJ-DEV-976,vegetativo,96,73,22.9,1,51,33,36,fungal_risk_roya_vegetativo,2025-05-25T16:37:00Z,1058.018356569574
SJ-DEV-355,vegetativo,84,71,20.4,0,34,30,41,n_deficiency_moderate,2025-05-05T21:00:00Z,949.8751850621534
SJ-DEV-486,vegetativo,82,39,21.2,0,47,32,40,water_deficit_vegetativo,2025-05-22T14:36:00Z,927.844961012693
SJ-DEV-792,vegetativo,86,69,20.5,1,38,30,50,n_deficiency_moderate,2025-05-07T04:13:00Z,1239.822893069507
SJ-DEV-599,vegetativo,83,74,20.4,0,22,36,46,n_deficiency_moderate,2025-05-18T02:58:00Z,1111.9967725991567
SJ-DEV-053,vegetativo,87,69,21.3,0,24,28,37,n_deficiency_moderate,2025-05-12T13:43:00Z,1069.977867260298
SJ-DEV-361,vegetativo,84,44,21.0,0,49,29,46,water_deficit_vegetativo,2025-05-09T17:28:00Z,1389.842011006037
SJ-DEV-293,vegetativo,83,69,20.4,1,51,30,43,optimal_vegetativo,2025-05-19T21:18:00Z,1364.798142886676
SJ-DEV-748,vegetativo,93,70,21.8,0,52,27,39,fungal_risk_roya_vegetativo,2025-05-01T18:25:00Z,1257.3856896785733
SJ-DEV-1473,vegetativo,89,73,22.1,1,16,32,41,n_deficiency_moderate,2025-05-10T18:20:00Z,1351.2668202827033
SJ-DEV-1168,vegetativo,81,46,22.1,0,44,29,44,water_deficit_vegetativo,2025-05-16T09:02:00Z,983.1317319562608
SJ-DEV-1455,vegetativo,81,35,22.3,0,39,26,41,water_deficit_vegetativo,2025-05-20T19:54:00Z,1386.214359829428
SJ-DEV-1359,vegetativo,98,71,21.1,1,44,32,40,fungal_risk_roya_vegetativo,2025-05-05T18:12:00Z,904.4258880954001
SJ-DEV-529,vegetativo,89,75,22.0,1,37,32,40,n_deficiency_moderate,2025-05-28T13:47:00Z,1198.299795368053
SJ-DEV-477,vegetativo,86,37,22.4,0,53,30,43,water_deficit_vegetativo,2025-05-02T06:25:00Z,1360.7373672861686
SJ-DEV-800,vegetativo,82,70,20.6,0,46,32,39,optimal_vegetativo,2025-05-26T16:50:00Z,1354.9374760312621
SJ-DEV-1179,vegetativo,82,38,18.9,0,44,28,46,water_deficit_vegetativo,2025-05-13T07:45:00Z,1251.9113634400937
SJ-DEV-1367,vegetativo,86,29,19.8,0,45,26,40,water_deficit_vegetativo,2025-05-26T03:11:00Z,1363.0075427020886
SJ-DEV-409,vegetativo,85,70,21.7,0,21,27,45,n_deficiency_moderate,2025-05-29T18:18:00Z,1204.6899447174426
SJ-DEV-655,vegetativo,84,67,22.0,1,13,25,38,n_deficiency_moderate,2025-05-27T15:31:00Z,978.0420185663872
SJ-DEV-1483,vegetativo,85,77,18.4,0,36,28,42,n_deficiency_moderate,2025-05-04T14:13:00Z,1360.3811161893068
SJ-DEV-989,vegetativo,94,72,22.4,0,52,26,35,fungal_risk_roya_vegetativo,2025-05-27T01:22:00Z,997.1489571410839
SJ-DEV-926,vegetativo,81,44,20.6,0,47,32,39,water_deficit_vegetativo,2025-05-27T08:47:00Z,1126.4741420999271
SJ-DEV-1032,vegetativo,84,69,21.7,1,51,27,46,optimal_vegetativo,2025-05-17T03:14:00Z,1122.5148246344359
SJ-DEV-091,vegetativo,87,68,20.3,0,21,32,38,n_deficiency_moderate,2025-05-17T10:24:00Z,1150.9211929664993
SJ-DEV-233,vegetativo,80,70,21.6,0,49,27,36,optimal_vegetativo,2025-05-07T16:08:00Z,1068.1983304139396
SJ-DEV-599,vegetativo,97,72,22.9,1,49,33,42,fungal_risk_roya_vegetativo,2025-05-06T04:05:00Z,1034.3791738522973
SJ-DEV-1355,vegetativo,84,38,20.2,0,51,32,45,water_deficit_vegetativo,2025-05-17T00:25:00Z,1344.4558338637223
SJ-DEV-354,vegetativo,85,72,21.0,0,49,23,48,optimal_vegetativo,2025-05-15T07:30:00Z,1095.8886729913218
SJ-DEV-1123,vegetativo,94,73,22.4,0,55,29,40,fungal_risk_roya_vegetativo,2025-05-27T05:12:00Z,1242.779254818132
SJ-DEV-105,vegetativo,84,69,21.3,0,52,28,36,optimal_vegetativo,2025-05-09T14:39:00Z,1146.7747081635307
SJ-DEV-761,vegetativo,83,38,21.1,0,43,34,40,water_deficit_vegetativo,2025-05-18T06:29:00Z,1023.8455319142807
SJ-DEV-170,vegetativo,86,66,22.4,0,28,31,42,n_deficiency_moderate,2025-05-15T00:45:00Z,1043.1015810288636
SJ-DEV-896,vegetativo,97,72,22.6,1,48,31,40,fungal_risk_roya_vegetativo,2025-05-06T12:04:00Z,1385.0976547744585
SJ-DEV-1462,vegetativo,85,42,21.4,0,56,33,39,water_deficit_vegetativo,2025-05-05T06:24:00Z,1351.9515574382476
SJ-DEV-210,vegetativo,82,29,20.4,0,46,30,48,water_deficit_vegetativo,2025-05-27T00:10:00Z,978.8148158581629
SJ-DEV-539,vegetativo,94,73,21.1,0,48,28,43,fungal_risk_roya_vegetativo,2025-05-05T06:47:00Z,1016.2789783489181
SJ-DEV-766,vegetativo,85,72,20.7,0,51,32,44,optimal_vegetativo,2025-05-22T14:28:00Z,1379.4760217710068
SJ-DEV-526,vegetativo,96,70,21.9,1,41,30,41,fungal_risk_roya_vegetativo,2025-05-14T18:30:00Z,1360.7484079233832
SJ-DEV-1214,vegetativo,82,68,20.8,1,53,26,43,optimal_vegetativo,2025-05-18T14:57:00Z,1076.9238398528669
SJ-DEV-389,vegetativo,87,77,21.3,1,16,29,42,n_deficiency_moderate,2025-05-15T22:28:00Z,1171.925014280786
SJ-DEV-543,vegetativo,96,70,22.4,1,38,31,48,fungal_risk_roya_vegetativo,2025-05-25T01:49:00Z,1115.048797123062
SJ-DEV-062,vegetativo,98,71,22.6,1,47,29,39,fungal_risk_roya_vegetativo,2025-05-20T16:47:00Z,1122.1345529861965
SJ-DEV-1322,vegetativo,96,72,22.6,0,49,28,44,fungal_risk_roya_vegetativo,2025-05-08T15:25:00Z,1174.9393224878906
SJ-DEV-1298,vegetativo,82,70,21.8,1,48,30,39,optimal_vegetativo,2025-05-25T22:57:00Z,1289.9525183036358
SJ-DEV-1131,vegetativo,95,71,21.9,0,56,27,34,fungal_risk_roya_vegetativo,2025-05-08T17:30:00Z,1259.10123171171
SJ-DEV-833,vegetativo,83,33,20.5,0,41,29,48,water_deficit_vegetativo,2025-05-28T19:08:00Z,1258.720802005692
SJ-DEV-849,vegetativo,81,67,21.7,0,53,32,39,optimal_vegetativo,2025-05-26T22:24:00Z,935.4074679925924
SJ-DEV-806,vegetativo,84,44,21.4,0,47,33,40,water_deficit_vegetativo,2025-05-07T16:10:00Z,1022.1997992186527
SJ-DEV-059,vegetativo,82,67,21.3,0,45,33,39,optimal_vegetativo,2025-05-24T03:09:00Z,1223.2297389996438
SJ-DEV-188,vegetativo,86,81,22.6,0,30,28,44,n_deficiency_moderate,2025-05-28T06:32:00Z,1256.8598735532646
SJ-DEV-382,vegetativo,85,31,19.9,0,54,25,40,water_deficit_vegetativo,2025-05-11T17:35:00Z,1142.7257239062503
SJ-DEV-1008,vegetativo,82,49,19.8,0,52,30,39,water_deficit_vegetativo,2025-05-31T17:33:00Z,1289.7549352894325
SJ-DEV-853,vegetativo,95,71,22.4,0,44,29,39,fungal_risk_roya_vegetativo,2025-05-31T08:55:00Z,1378.3281879033575
SJ-DEV-956,vegetativo,83,70,21.9,0,52,29,47,optimal_vegetativo,2025-05-12T21:47:00Z,1246.2465752017663
SJ-DEV-238,vegetativo,84,45,22.8,0,49,33,37,water_deficit_vegetativo,2025-05-09T06:44:00Z,1316.1992725474922
SJ-DEV-109,vegetativo,95,71,22.5,0,48,27,49,fungal_risk_roya_vegetativo,2025-05-20T20:37:00Z,1063.6374256198815
SJ-DEV-1029,vegetativo,99,71,23.0,0,49,29,42,fungal_risk_roya_vegetativo,2025-05-14T17:23:00Z,1308.7322299158286
SJ-DEV-482,vegetativo,82,70,21.6,1,25,33,42,n_deficiency_moderate,2025-05-06T03:17:00Z,1159.1862658111402
SJ-DEV-473,vegetativo,82,69,22.1,0,54,27,38,optimal_vegetativo,2025-05-08T16:46:00Z,1302.824128640613
SJ-DEV-1364,vegetativo,83,35,21.9,0,47,29,41,water_deficit_vegetativo,2025-05-09T04:12:00Z,1241.1367463478568
SJ-DEV-1281,vegetativo,98,71,21.3,1,39,34,42,fungal_risk_roya_vegetativo,2025-05-28T10:52:00Z,1051.3692580440243
SJ-DEV-1459,vegetativo,81,71,23.3,0,36,26,41,n_deficiency_moderate,2025-05-19T16:36:00Z,1285.045204408902
SJ-DEV-544,vegetativo,80,71,20.9,0,55,31,43,optimal_vegetativo,2025-05-01T14:12:00Z,1299.8412074303797
SJ-DEV-904,vegetativo,91,77,20.2,0,28,31,44,n_deficiency_moderate,2025-05-16T12:30:00Z,1150.5325420967758
SJ-DEV-020,vegetativo,85,47,20.3,0,49,34,43,water_deficit_vegetativo,2025-05-07T07:18:00Z,971.4017344521999
SJ-DEV-159,vegetativo,85,40,20.8,0,38,31,44,water_deficit_vegetativo,2025-05-08T04:11:00Z,1087.7239697734522
SJ-DEV-936,vegetativo,83,77,19.5,1,32,26,38,n_deficiency_moderate,2025-05-26T21:33:00Z,988.5319431406876
SJ-DEV-046,vegetativo,96,71,22.1,1,44,31,44,fungal_risk_roya_vegetativo,2025-05-01T16:31:00Z,968.4739907299158
SJ-DEV-611,vegetativo,83,67,22.4,0,25,28,41,n_deficiency_moderate,2025-05-02T07:24:00Z,1050.6904590643294
SJ-DEV-1363,vegetativo,81,70,21.8,0,51,30,41,optimal_vegetativo,2025-05-14T00:32:00Z,1144.246965425644
SJ-DEV-597,vegetativo,82,38,20.9,0,49,30,42,water_deficit_vegetativo,2025-05-20T15:39:00Z,1300.607512652336
SJ-DEV-316,vegetativo,83,46,23.7,0,51,35,48,water_deficit_vegetativo,2025-05-04T00:35:00Z,1200.5437408892644
SJ-DEV-799,vegetativo,94,71,22.6,1,48,31,48,fungal_risk_roya_vegetativo,2025-05-31T10:16:00Z,1033.513397976973
SJ-DEV-1253,vegetativo,84,68,21.1,1,46,34,46,optimal_vegetativo,2025-05-22T09:54:00Z,1358.4388352190304
SJ-DEV-193,vegetativo,80,70,21.0,0,50,28,45,optimal_vegetativo,2025-05-19T00:48:00Z,1374.6348389646355
SJ-DEV-589,vegetativo,84,70,21.5,0,46,27,41,optimal_vegetativo,2025-05-07T18:22:00Z,1329.908926571781
SJ-DEV-769,vegetativo,82,47,21.3,0,47,30,40,water_deficit_vegetativo,2025-05-01T18:56:00Z,1136.000803406438
SJ-DEV-362,vegetativo,87,72,20.3,1,28,33,46,n_deficiency_moderate,2025-05-20T10:51:00Z,1335.9411497245396
SJ-DEV-1376,vegetativo,85,39,19.8,0,43,29,38,water_deficit_vegetativo,2025-05-11T05:30:00Z,983.7541858327745
SJ-DEV-228,vegetativo,82,43,19.6,0,43,27,35,water_deficit_vegetativo,2025-05-02T10:07:00Z,1295.9942886205226
SJ-DEV-1426,vegetativo,84,68,22.1,0,23,31,49,n_deficiency_moderate,2025-05-02T19:03:00Z,1015.1425296156717
SJ-DEV-122,vegetativo,80,67,20.7,0,49,31,49,optimal_vegetativo,2025-05-07T18:58:00Z,1024.8753061665248
SJ-DEV-1387,vegetativo,82,40,21.8,0,44,36,43,water_deficit_vegetativo,2025-05-16T15:23:00Z,933.408132443763
SJ-DEV-447,vegetativo,83,69,21.0,0,27,30,40,n_deficiency_moderate,2025-05-15T04:19:00Z,1312.7784898734512
SJ-DEV-787,vegetativo,85,49,21.1,0,54,30,44,water_deficit_vegetativo,2025-05-29T16:07:00Z,1307.9008908181256
SJ-DEV-904,vegetativo,84,36,22.3,0,49,33,41,water_deficit_vegetativo,2025-05-16T01:46:00Z,1315.2542165482669
SJ-DEV-317,vegetativo,84,69,22.6,1,35,35,46,n_deficiency_moderate,2025-05-24T06:27:00Z,1180.6944037757328
SJ-DEV-407,vegetativo,82,71,21.9,0,61,32,49,optimal_vegetativo,2025-05-15T22:00:00Z,972.4356173687324
SJ-DEV-782,vegetativo,96,73,22.2,1,41,32,42,fungal_risk_roya_vegetativo,2025-05-25T18:24:00Z,1097.033092315531
SJ-DEV-468,vegetativo,82,67,20.1,1,42,27,40,optimal_vegetativo,2025-05-13T18:04:00Z,1008.9339040260174
SJ-DEV-561,vegetativo,82,67,21.1,0,54,30,40,optimal_vegetativo,2025-05-23T22:03:00Z,1180.2188006133224
SJ-DEV-091,vegetativo,94,70,23.0,0,47,29,37,fungal_risk_roya_vegetativo,2025-05-20T09:50:00Z,973.0883029141667
SJ-DEV-310,vegetativo,97,72,22.7,1,54,33,36,fungal_risk_roya_vegetativo,2025-05-03T10:50:00Z,1006.0292510040695
SJ-DEV-029,vegetativo,97,72,21.6,0,47,28,42,fungal_risk_roya_vegetativo,2025-05-31T02:24:00Z,1262.1810215648595
SJ-DEV-633,vegetativo,98,73,22.7,0,45,30,48,fungal_risk_roya_vegetativo,2025-05-20T13:33:00Z,1209.0552516772154
SJ-DEV-949,vegetativo,83,28,20.6,0,48,29,37,water_deficit_vegetativo,2025-05-13T00:01:00Z,1239.7963754901673
SJ-DEV-1219,vegetativo,97,70,22.6,0,42,29,42,fungal_risk_roya_vegetativo,2025-05-16T20:07:00Z,1159.2180853880448
SJ-DEV-085,vegetativo,98,72,21.1,0,56,29,43,fungal_risk_roya_vegetativo,2025-05-28T17:38:00Z,1073.1417696259143
SJ-DEV-731,vegetativo,83,40,22.9,0,54,33,35,water_deficit_vegetativo,2025-05-12T03:41:00Z,995.6541472715531
SJ-DEV-624,vegetativo,80,74,21.1,0,33,28,41,n_deficiency_moderate,2025-05-01T16:51:00Z,1011.8237072336647
SJ-DEV-558,vegetativo,82,35,22.3,0,43,35,43,water_deficit_vegetativo,2025-05-05T20:22:00Z,1176.680182727377
SJ-DEV-1397,vegetativo,81,69,20.4,0,39,31,43,optimal_vegetativo,2025-05-01T01:39:00Z,908.8281179860942
SJ-DEV-954,vegetativo,99,72,21.2,1,54,34,38,fungal_risk_roya_vegetativo,2025-05-10T00:29:00Z,1081.5855049217485
SJ-DEV-540,vegetativo,84,72,20.9,1,26,27,49,n_deficiency_moderate,2025-05-02T01:35:00Z,1120.133886621916
SJ-DEV-797,vegetativo,86,46,21.4,0,43,34,42,water_deficit_vegetativo,2025-05-01T09:14:00Z,1241.2494650604103
SJ-DEV-466,vegetativo,92,71,20.3,0,37,28,39,n_deficiency_moderate,2025-05-21T08:18:00Z,905.5352874634989
SJ-DEV-669,vegetativo,84,29,21.0,0,50,25,48,water_deficit_vegetativo,2025-05-13T01:06:00Z,1111.1748363703148
SJ-DEV-032,vegetativo,86,49,19.9,0,32,28,39,water_deficit_vegetativo,2025-05-02T04:26:00Z,1110.8602126376722
SJ-DEV-295,vegetativo,81,71,21.0,1,44,27,41,optimal_vegetativo,2025-05-22T00:28:00Z,1371.5220925009112
SJ-DEV-1255,vegetativo,85,65,20.6,0,16,29,44,n_deficiency_moderate,2025-05-14T20:58:00Z,1224.2421879727412
SJ-DEV-1345,vegetativo,81,67,20.9,1,29,31,37,n_deficiency_moderate,2025-05-19T08:21:00Z,1159.2682028163665
SJ-DEV-345,vegetativo,83,71,19.9,1,46,28,51,optimal_vegetativo,2025-05-09T02:13:00Z,1278.5239964234
SJ-DEV-150,vegetativo,98,73,21.1,1,47,29,42,fungal_risk_roya_vegetativo,2025-05-16T09:31:00Z,1285.8427389568906
SJ-DEV-770,vegetativo,82,68,23.4,0,18,36,42,n_deficiency_moderate,2025-05-27T00:23:00Z,1290.1920084653416
SJ-DEV-1004,vegetativo,81,68,20.7,0,52,29,40,optimal_vegetativo,2025-05-04T23:21:00Z,1181.8117867590086
SJ-DEV-301,vegetativo,82,68,20.9,1,47,31,37,optimal_vegetativo,2025-05-03T21:44:00Z,1052.7383419456273
SJ-DEV-1307,vegetativo,96,71,22.2,1,48,30,40,fungal_risk_roya_vegetativo,2025-05-16T04:16:00Z,1195.402180467046
SJ-DEV-388,vegetativo,94,73,22.5,1,52,30,44,fungal_risk_roya_vegetativo,2025-05-09T04:05:00Z,910.09487469525
SJ-DEV-759,vegetativo,85,42,21.3,0,50,29,42,water_deficit_vegetativo,2025-05-24T21:22:00Z,1249.1023427500493
SJ-DEV-420,vegetativo,96,71,21.1,1,45,31,37,fungal_risk_roya_vegetativo,2025-05-11T18:07:00Z,961.7076975245927
SJ-DEV-494,vegetativo,98,71,21.2,0,47,29,43,fungal_risk_roya_vegetativo,2025-05-23T14:29:00Z,1384.7449937921638
SJ-DEV-102,vegetativo,84,65,20.0,1,29,30,37,n_deficiency_moderate,2025-05-10T12:02:00Z,1185.990561754745
SJ-DEV-361,vegetativo,85,69,20.7,0,31,32,47,n_deficiency_moderate,2025-05-09T02:46:00Z,1279.6214246931647
SJ-DEV-764,vegetativo,99,71,21.8,1,36,28,38,fungal_risk_roya_vegetativo,2025-05-20T03:50:00Z,1097.612212669706
SJ-DEV-484,vegetativo,97,72,21.3,1,39,31,46,fungal_risk_roya_vegetativo,2025-05-24T05:55:00Z,1004.6900005716886
SJ-DEV-1189,vegetativo,84,70,21.3,0,28,29,43,n_deficiency_moderate,2025-05-10T10:55:00Z,1115.6568668471039
SJ-DEV-321,vegetativo,93,72,21.6,0,53,33,37,fungal_risk_roya_vegetativo,2025-05-28T13:40:00Z,955.7615382885419
SJ-DEV-283,vegetativo,83,46,21.7,0,54,31,41,water_deficit_vegetativo,2025-05-28T01:03:00Z,1106.3092484250237
SJ-DEV-540,vegetativo,93,74,21.8,1,52,33,40,fungal_risk_roya_vegetativo,2025-05-25T09:00:00Z,1328.3704466153104
SJ-DEV-299,vegetativo,96,70,22.3,1,32,34,33,fungal_risk_roya_vegetativo,2025-05-25T12:12:00Z,1204.788705231084
SJ-DEV-406,vegetativo,97,70,22.8,0,46,32,40,fungal_risk_roya_vegetativo,2025-05-13T18:19:00Z,1356.2567501731544
SJ-DEV-882,vegetativo,86,47,21.1,0,46,34,41,water_deficit_vegetativo,2025-05-20T10:50:00Z,1260.4726246314704
SJ-DEV-392,vegetativo,84,67,21.6,0,49,33,45,optimal_vegetativo,2025-05-14T06:57:00Z,1293.4268659746053
SJ-DEV-1253,vegetativo,80,70,21.4,0,46,34,42,optimal_vegetativo,2025-05-01T11:51:00Z,1273.8689078315053
SJ-DEV-1304,vegetativo,85,39,23.5,0,46,31,47,water_deficit_vegetativo,2025-05-05T01:40:00Z,1014.7836029666619
SJ-DEV-1280,vegetativo,83,39,19.6,0,57,32,38,water_deficit_vegetativo,2025-05-07T13:11:00Z,931.6346828365585
SJ-DEV-255,vegetativo,79,71,20.8,1,14,28,40,n_deficiency_moderate,2025-05-10T14:37:00Z,1089.9648123719971
SJ-DEV-005,vegetativo,85,34,20.6,0,48,25,41,water_deficit_vegetativo,2025-05-16T02:49:00Z,963.5053748944191
SJ-DEV-390,vegetativo,84,69,21.1,0,47,33,45,optimal_vegetativo,2025-05-16T10:08:00Z,1237.4210577525137
SJ-DEV-1126,vegetativo,84,33,20.4,0,45,32,40,water_deficit_vegetativo,2025-05-17T00:33:00Z,914.3841592411845
SJ-DEV-224,vegetativo,84,67,21.6,0,15,30,43,n_deficiency_moderate,2025-05-31T16:22:00Z,1154.2071978000638
SJ-DEV-164,vegetativo,84,47,20.8,0,47,26,40,water_deficit_vegetativo,2025-05-10T05:19:00Z,1300.2901214162614
SJ-DEV-1393,vegetativo,85,31,22.2,0,52,26,46,water_deficit_vegetativo,2025-05-03T13:28:00Z,1265.0022168372684
SJ-DEV-774,vegetativo,85,44,19.7,0,36,32,33,water_deficit_vegetativo,2025-05-04T17:22:00Z,908.842337554981
SJ-DEV-901,vegetativo,85,48,22.0,0,37,31,46,water_deficit_vegetativo,2025-05-23T14:25:00Z,922.5919016136245
SJ-DEV-995,vegetativo,85,71,20.3,0,20,23,40,n_deficiency_moderate,2025-05-08T02:31:00Z,1373.445987258959
SJ-DEV-1205,vegetativo,87,72,22.9,0,32,29,38,n_deficiency_moderate,2025-05-28T12:40:00Z,915.2104374301223
SJ-DEV-941,vegetativo,86,30,20.8,0,45,30,44,water_deficit_vegetativo,2025-05-27T16:31:00Z,1277.0859662009177
SJ-DEV-1351,vegetativo,84,70,20.0,0,35,31,51,optimal_vegetativo,2025-05-28T08:40:00Z,1341.53717228244
SJ-DEV-193,vegetativo,83,69,20.9,1,12,32,39,n_deficiency_moderate,2025-05-23T20:18:00Z,1015.3498621733921
SJ-DEV-856,vegetativo,83,68,21.8,0,55,34,40,optimal_vegetativo,2025-05-17T03:30:00Z,1211.3236855342118
SJ-DEV-209,vegetativo,80,69,19.9,0,48,31,36,optimal_vegetativo,2025-05-07T08:46:00Z,1188.0484613097628
SJ-DEV-512,vegetativo,83,66,20.8,0,17,23,43,n_deficiency_moderate,2025-05-19T17:47:00Z,1346.499501521152
SJ-DEV-355,vegetativo,85,33,21.2,0,53,33,34,water_deficit_vegetativo,2025-05-14T21:27:00Z,1021.6974200518362
SJ-DEV-690,vegetativo,83,76,20.5,0,16,30,39,n_deficiency_moderate,2025-05-27T13:05:00Z,1129.4861941600816
SJ-DEV-1087,vegetativo,80,71,20.8,1,46,28,42,optimal_vegetativo,2025-05-13T03:06:00Z,1031.6741077647819
SJ-DEV-594,vegetativo,97,74,22.9,1,54,29,38,fungal_risk_roya_vegetativo,2025-05-17T08:12:00Z,1108.715649857028
SJ-DEV-954,vegetativo,85,68,20.3,1,35,29,42,n_deficiency_moderate,2025-05-01T02:32:00Z,1270.7747135747923
SJ-DEV-506,vegetativo,86,33,23.1,0,38,32,42,water_deficit_vegetativo,2025-05-18T20:26:00Z,1161.1186165130234
SJ-DEV-539,vegetativo,82,39,20.7,0,50,26,42,water_deficit_vegetativo,2025-05-15T04:27:00Z,904.7676746204035
SJ-DEV-1037,vegetativo,97,72,22.0,1,54,32,45,fungal_risk_roya_vegetativo,2025-05-16T15:33:00Z,1046.0663409307576
SJ-DEV-960,vegetativo,87,70,20.2,0,13,30,43,n_deficiency_moderate,2025-05-06T06:41:00Z,1227.2460413205322
SJ-DEV-482,vegetativo,87,71,21.1,0,29,26,36,n_deficiency_moderate,2025-05-25T04:56:00Z,1377.3445003794143
SJ-DEV-070,vegetativo,82,71,21.2,0,43,27,50,optimal_vegetativo,2025-05-10T21:35:00Z,1197.3755382191305
SJ-DEV-1070,vegetativo,82,44,21.6,0,58,33,39,water_deficit_vegetativo,2025-05-27T00:17:00Z,1356.3890665230965
SJ-DEV-202,vegetativo,96,73,21.5,1,45,30,53,fungal_risk_roya_vegetativo,2025-05-06T15:00:00Z,1250.2558880765207
SJ-DEV-469,vegetativo,80,70,20.5,0,36,35,38,n_deficiency_moderate,2025-05-01T00:30:00Z,1226.2592267518962
SJ-DEV-1279,vegetativo,82,46,19.9,0,54,34,39,water_deficit_vegetativo,2025-05-19T15:15:00Z,1214.4698133269858
SJ-DEV-945,vegetativo,80,71,21.2,1,53,30,54,optimal_vegetativo,2025-05-16T03:13:00Z,1203.0516486603906
SJ-DEV-1370,vegetativo,80,68,21.2,1,48,28,42,optimal_vegetativo,2025-05-15T05:28:00Z,1360.248261757379
SJ-DEV-145,vegetativo,84,42,20.5,0,52,29,40,water_deficit_vegetativo,2025-05-05T04:15:00Z,1112.393031129365
SJ-DEV-568,vegetativo,82,29,20.4,0,46,28,47,water_deficit_vegetativo,2025-05-15T16:27:00Z,1117.3758284999894
SJ-DEV-209,vegetativo,84,46,22.2,0,45,26,41,water_deficit_vegetativo,2025-05-22T19:25:00Z,1069.5270114379146
SJ-DEV-1190,vegetativo,84,68,21.8,1,48,30,43,optimal_vegetativo,2025-05-22T12:26:00Z,1043.41254111159
SJ-DEV-1243,vegetativo,98,70,22.0,1,45,32,47,fungal_risk_roya_vegetativo,2025-05-17T08:48:00Z,947.0216496104835
SJ-DEV-496,vegetativo,80,68,20.2,0,52,25,42,optimal_vegetativo,2025-05-02T10:43:00Z,1344.3324807285135
SJ-DEV-1402,vegetativo,89,72,20.6,0,30,28,49,n_deficiency_moderate,2025-05-16T12:31:00Z,1316.6504426932936
SJ-DEV-781,vegetativo,87,65,20.0,0,14,34,45,n_deficiency_moderate,2025-05-10T13:12:00Z,1267.0349360219743
SJ-DEV-658,vegetativo,82,29,20.3,0,53,28,37,water_deficit_vegetativo,2025-05-08T06:29:00Z,1184.9261868614806
SJ-DEV-803,vegetativo,83,68,20.7,0,44,26,43,optimal_vegetativo,2025-05-07T22:19:00Z,1067.7039525795578
SJ-DEV-1142,vegetativo,93,73,21.5,1,49,32,42,fungal_risk_roya_vegetativo,2025-05-26T06:47:00Z,1163.7356508825674
SJ-DEV-614,vegetativo,81,76,18.4,0,33,29,50,n_deficiency_moderate,2025-05-22T02:11:00Z,1200.7912786230888
SJ-DEV-503,floracion,94,68,21.1,1,45,41,52,fungal_risk_botrytis_floracion,2025-05-08T23:52:00Z,1329.2024575223936
SJ-DEV-543,floracion,88,67,18.3,0,47,16,59,p_deficiency_moderate,2025-05-10T00:58:00Z,1204.1578104567136
SJ-DEV-555,floracion,82,69,20.2,0,49,34,59,optimal_floracion,2025-05-02T01:44:00Z,1221.1094220143652
SJ-DEV-1198,floracion,84,49,19.5,0,40,41,53,water_deficit_floracion,2025-05-12T18:34:00Z,1091.3393922368095
SJ-DEV-080,floracion,82,69,20.7,0,46,38,58,optimal_floracion,2025-05-07T03:44:00Z,1053.3237142691717
SJ-DEV-636,floracion,94,70,21.6,0,50,34,58,fungal_risk_botrytis_floracion,2025-05-18T01:26:00Z,1450.4722711352888
SJ-DEV-151,floracion,94,69,21.2,1,46,40,58,fungal_risk_botrytis_floracion,2025-05-13T00:18:00Z,1165.6067321143196
SJ-DEV-690,floracion,86,68,21.4,0,48,39,60,optimal_floracion,2025-05-12T12:19:00Z,1293.8196752896433
SJ-DEV-357,floracion,93,68,20.0,0,51,36,59,fungal_risk_botrytis_floracion,2025-05-23T04:21:00Z,1486.817991495433
SJ-DEV-1133,floracion,83,48,19.0,0,44,34,56,water_deficit_floracion,2025-05-16T04:42:00Z,1095.0593115960532
SJ-DEV-1034,floracion,98,68,21.0,0,53,38,51,fungal_risk_botrytis_floracion,2025-05-31T11:47:00Z,1258.8565763094707
SJ-DEV-549,floracion,86,68,20.7,1,45,19,56,p_deficiency_moderate,2025-05-31T18:12:00Z,1198.1969590849446
SJ-DEV-1441,floracion,97,70,21.0,0,43,39,51,fungal_risk_botrytis_floracion,2025-05-29T12:22:00Z,1158.971755563053
SJ-DEV-432,floracion,96,70,20.4,0,42,45,52,fungal_risk_botrytis_floracion,2025-05-29T13:43:00Z,1256.4354841612435
SJ-DEV-118,floracion,87,68,19.7,0,52,10,52,p_deficiency_moderate,2025-05-23T05:58:00Z,1318.785152791459
SJ-DEV-1092,floracion,86,38,19.3,0,45,44,52,water_deficit_floracion,2025-05-30T06:47:00Z,1473.2074553983873
SJ-DEV-1204,floracion,85,67,20.5,0,44,38,58,optimal_floracion,2025-05-31T20:36:00Z,1320.7880059044146
SJ-DEV-1012,floracion,85,43,20.9,0,44,41,59,water_deficit_floracion,2025-05-11T20:10:00Z,1165.1754601359264
SJ-DEV-1040,floracion,87,66,19.9,1,38,14,58,p_deficiency_moderate,2025-05-26T23:57:00Z,1363.0544574335427
SJ-DEV-257,floracion,84,44,20.0,0,52,39,58,water_deficit_floracion,2025-05-10T08:37:00Z,1306.9466146898494
SJ-DEV-267,floracion,87,68,20.1,0,48,21,56,p_deficiency_moderate,2025-05-27T18:50:00Z,1131.040769994502
SJ-DEV-306,floracion,86,30,19.7,0,47,41,60,water_deficit_floracion,2025-05-14T21:05:00Z,1435.1490876458574
SJ-DEV-896,floracion,85,65,19.9,1,47,23,56,p_deficiency_moderate,2025-05-17T04:57:00Z,1038.1736310710635
SJ-DEV-274,floracion,95,67,21.0,1,48,40,52,fungal_risk_botrytis_floracion,2025-05-26T04:31:00Z,1456.0595549744448
SJ-DEV-387,floracion,95,67,21.7,1,45,40,59,fungal_risk_botrytis_floracion,2025-05-30T06:33:00Z,1225.3297521929276
SJ-DEV-884,floracion,83,30,19.5,0,48,38,62,water_deficit_floracion,2025-05-28T20:05:00Z,1305.6286792519686
SJ-DEV-226,floracion,94,70,21.8,1,42,41,53,fungal_risk_botrytis_floracion,2025-05-31T12:41:00Z,1005.2556483184994
SJ-DEV-632,floracion,83,47,19.8,0,45,45,52,water_deficit_floracion,2025-05-12T18:49:00Z,1018.170064660453
SJ-DEV-847,floracion,87,65,20.7,0,51,21,51,p_deficiency_moderate,2025-05-23T07:23:00Z,1305.0940678130705
SJ-DEV-1213,floracion,99,70,21.2,1,45,45,58,fungal_risk_botrytis_floracion,2025-05-23T16:51:00Z,1053.958433889019
SJ-DEV-720,floracion,86,67,21.1,1,45,26,54,p_deficiency_moderate,2025-05-13T21:31:00Z,1332.0921415310977
SJ-DEV-845,floracion,96,68,21.5,1,44,39,59,fungal_risk_botrytis_floracion,2025-05-31T07:45:00Z,1350.4667600673874
SJ-DEV-389,floracion,84,65,18.8,1,45,36,55,optimal_floracion,2025-05-08T01:26:00Z,1089.550081346906
SJ-DEV-298,floracion,86,67,19.7,0,44,38,57,optimal_floracion,2025-05-07T07:36:00Z,1286.6991275604664
SJ-DEV-939,floracion,85,32,19.6,0,49,42,48,water_deficit_floracion,2025-05-10T05:10:00Z,1133.4212143058126
SJ-DEV-1482,floracion,84,69,19.3,0,46,38,47,optimal_floracion,2025-05-28T10:13:00Z,1415.2893449121875
SJ-DEV-1020,floracion,84,66,19.9,0,50,32,61,optimal_floracion,2025-05-18T02:12:00Z,1377.1289794875497
SJ-DEV-499,floracion,84,67,21.0,0,46,34,49,optimal_floracion,2025-05-10T23:04:00Z,1410.1501606406953
SJ-DEV-013,floracion,89,68,20.3,0,46,14,53,p_deficiency_moderate,2025-05-30T12:03:00Z,1155.214978673175
SJ-DEV-655,floracion,85,64,20.7,1,46,41,51,optimal_floracion,2025-05-26T23:31:00Z,1468.7609546669753
SJ-DEV-343,floracion,83,65,20.2,1,49,40,53,optimal_floracion,2025-05-13T12:13:00Z,1016.14442341932
SJ-DEV-566,floracion,96,67,21.2,0,42,40,56,fungal_risk_botrytis_floracion,2025-05-21T12:15:00Z,1286.4101739371386
SJ-DEV-381,floracion,86,69,20.0,0,43,36,58,optimal_floracion,2025-05-11T13:21:00Z,1168.7032947884886
SJ-DEV-1326,floracion,97,70,20.9,1,37,40,51,fungal_risk_botrytis_floracion,2025-05-22T20:30:00Z,1271.2576700103639
SJ-DEV-819,floracion,83,66,20.1,0,51,34,48,optimal_floracion,2025-05-17T05:52:00Z,1369.4402844180106
SJ-DEV-1370,floracion,99,70,20.3,1,42,41,59,fungal_risk_botrytis_floracion,2025-05-15T02:18:00Z,1043.9414699323395
SJ-DEV-192,floracion,96,71,21.6,1,47,39,57,fungal_risk_botrytis_floracion,2025-05-24T23:14:00Z,1385.2775180481071
SJ-DEV-1420,floracion,87,65,20.1,0,39,24,56,p_deficiency_moderate,2025-05-26T18:15:00Z,1467.8481038601
SJ-DEV-1061,floracion,85,33,19.8,0,40,44,56,water_deficit_floracion,2025-05-25T11:46:00Z,1387.9822690031203
SJ-DEV-830,floracion,86,35,19.8,0,40,42,59,water_deficit_floracion,2025-05-04T17:45:00Z,1008.4099697631007
SJ-DEV-1193,floracion,85,66,20.7,0,53,12,54,p_deficiency_moderate,2025-05-10T11:03:00Z,1042.0647301819954
SJ-DEV-964,floracion,89,74,19.4,0,44,14,52,p_deficiency_moderate,2025-05-06T08:29:00Z,1421.1779434144698
SJ-DEV-1268,floracion,86,29,21.2,0,48,33,54,water_deficit_floracion,2025-05-04T23:09:00Z,1278.7892803955554
SJ-DEV-854,floracion,83,64,20.3,1,43,39,51,optimal_floracion,2025-05-15T18:06:00Z,1172.7237240189015
SJ-DEV-681,floracion,87,30,19.6,0,51,40,54,water_deficit_floracion,2025-05-23T03:03:00Z,1340.289051197561
SJ-DEV-766,floracion,81,66,19.6,1,44,45,57,optimal_floracion,2025-05-27T03:48:00Z,1407.9863109856014
SJ-DEV-687,floracion,82,65,20.0,1,50,39,58,optimal_floracion,2025-05-07T11:35:00Z,1304.844017231283
SJ-DEV-110,floracion,86,65,20.3,0,47,40,51,optimal_floracion,2025-05-09T18:58:00Z,1009.0251654046625
SJ-DEV-731,floracion,84,68,21.1,0,53,35,53,optimal_floracion,2025-05-31T00:34:00Z,1227.8562228663702
SJ-DEV-037,floracion,85,37,20.6,0,42,40,49,water_deficit_floracion,2025-05-26T12:24:00Z,1109.0495701085977
SJ-DEV-1255,floracion,82,67,19.6,0,40,37,54,optimal_floracion,2025-05-28T19:06:00Z,1174.2141345430532
SJ-DEV-041,floracion,86,68,20.6,1,49,41,65,optimal_floracion,2025-05-20T15:35:00Z,1167.3426827519315
SJ-DEV-647,floracion,87,32,21.5,0,52,42,57,water_deficit_floracion,2025-05-09T01:46:00Z,1194.1277994031464
SJ-DEV-1408,floracion,86,71,21.3,0,46,16,52,p_deficiency_moderate,2025-05-09T21:36:00Z,1347.726174052935
SJ-DEV-987,floracion,84,64,20.5,0,48,43,62,optimal_floracion,2025-05-25T04:50:00Z,1015.6196397887619
SJ-DEV-1467,floracion,95,70,20.3,1,52,37,52,fungal_risk_botrytis_floracion,2025-05-17T01:01:00Z,1066.8255629061357
SJ-DEV-1057,floracion,85,65,20.2,1,49,41,50,optimal_floracion,2025-05-13T12:09:00Z,1179.1618008370372
SJ-DEV-502,floracion,85,32,20.9,0,41,40,59,water_deficit_floracion,2025-05-07T22:04:00Z,1372.3271531087557
SJ-DEV-1256,floracion,85,68,19.6,0,44,37,57,optimal_floracion,2025-05-18T16:45:00Z,1048.2150616560878
SJ-DEV-1008,floracion,96,70,20.1,0,47,40,58,fungal_risk_botrytis_floracion,2025-05-26T11:00:00Z,1133.1233142639926
SJ-DEV-1081,floracion,84,68,20.6,1,46,37,60,optimal_floracion,2025-05-04T12:29:00Z,1079.266861198874
SJ-DEV-146,floracion,86,38,19.0,0,44,34,54,water_deficit_floracion,2025-05-06T20:28:00Z,1309.2798752327403
SJ-DEV-669,floracion,98,68,20.3,1,45,38,54,fungal_risk_botrytis_floracion,2025-05-16T12:49:00Z,1280.1135875799753
SJ-DEV-1250,floracion,88,68,19.7,0,45,17,54,p_deficiency_moderate,2025-05-07T18:35:00Z,1246.8697301978436
SJ-DEV-880,floracion,85,65,21.4,1,46,25,60,p_deficiency_moderate,2025-05-14T07:21:00Z,1041.1078278092264
SJ-DEV-1077,floracion,84,33,21.9,0,47,43,51,water_deficit_floracion,2025-05-29T11:49:00Z,1394.6325441759604
SJ-DEV-249,floracion,88,39,21.3,0,41,41,59,water_deficit_floracion,2025-05-08T19:52:00Z,1375.4819834060731
SJ-DEV-329,floracion,97,67,21.6,1,41,38,57,fungal_risk_botrytis_floracion,2025-05-08T07:46:00Z,1337.0777903499907
SJ-DEV-767,floracion,96,70,21.0,0,50,41,60,fungal_risk_botrytis_floracion,2025-05-30T03:41:00Z,1419.3996601474637
SJ-DEV-1387,floracion,87,67,20.3,0,45,40,50,optimal_floracion,2025-05-14T02:39:00Z,1210.2371488309184
SJ-DEV-1141,floracion,91,65,19.9,0,49,13,58,p_deficiency_moderate,2025-05-19T23:15:00Z,1157.436215102594
SJ-DEV-563,floracion,98,68,21.9,0,48,44,60,fungal_risk_botrytis_floracion,2025-05-21T00:19:00Z,1270.856083057637
SJ-DEV-1387,floracion,86,67,19.8,0,45,38,54,optimal_floracion,2025-05-27T17:55:00Z,1312.2509079385777
SJ-DEV-1139,floracion,86,68,20.3,0,40,38,54,optimal_floracion,2025-05-18T10:35:00Z,1287.2415864067516
SJ-DEV-635,floracion,89,68,20.0,0,50,15,58,p_deficiency_moderate,2025-05-29T10:30:00Z,1354.3151521063864
SJ-DEV-075,floracion,84,35,21.5,0,39,37,57,water_deficit_floracion,2025-05-06T08:31:00Z,1085.6141992845223
SJ-DEV-400,floracion,96,70,20.0,0,45,35,55,fungal_risk_botrytis_floracion,2025-05-29T00:00:00Z,1216.2686314471423
SJ-DEV-736,floracion,84,67,21.4,0,41,44,55,optimal_floracion,2025-05-22T13:08:00Z,1249.7769208817906
SJ-DEV-1034,floracion,98,70,21.5,0,55,44,52,fungal_risk_botrytis_floracion,2025-05-14T16:07:00Z,1069.8259859507996
SJ-DEV-227,floracion,98,67,20.9,0,41,38,59,fungal_risk_botrytis_floracion,2025-05-03T21:32:00Z,1250.440395125141
SJ-DEV-1435,floracion,93,68,21.3,1,45,42,50,fungal_risk_botrytis_floracion,2025-05-28T16:21:00Z,1238.034105735039
SJ-DEV-1033,floracion,96,69,20.2,1,48,40,50,fungal_risk_botrytis_floracion,2025-05-29T14:28:00Z,1287.8576419710394
SJ-DEV-106,floracion,92,67,18.6,0,44,19,51,p_deficiency_moderate,2025-05-20T04:09:00Z,1152.5906233861026
SJ-DEV-512,floracion,87,29,21.8,0,37,38,56,water_deficit_floracion,2025-05-12T19:38:00Z,1138.434880449427
SJ-DEV-093,floracion,94,68,21.3,0,45,43,56,fungal_risk_botrytis_floracion,2025-05-29T01:37:00Z,1071.4552155054319
SJ-DEV-972,floracion,83,41,22.0,0,40,39,48,water_deficit_floracion,2025-05-20T02:50:00Z,1065.7198837167139
SJ-DEV-1025,floracion,82,66,20.5,0,58,43,53,optimal_floracion,2025-05-13T08:13:00Z,1496.6667879212448
SJ-DEV-777,floracion,85,68,19.9,0,45,40,56,optimal_floracion,2025-05-22T08:41:00Z,1331.5714667366192
SJ-DEV-511,floracion,97,68,21.0,1,43,37,61,fungal_risk_botrytis_floracion,2025-05-14T06:48:00Z,1496.26401740384
SJ-DEV-1481,floracion,87,32,20.0,0,47,41,48,water_deficit_floracion,2025-05-14T15:24:00Z,1130.6134075546433
SJ-DEV-1303,floracion,87,35,21.2,0,42,43,61,water_deficit_floracion,2025-05-23T06:07:00Z,1155.7421470019374
SJ-DEV-129,floracion,97,70,21.8,1,44,39,53,fungal_risk_botrytis_floracion,2025-05-20T10:26:00Z,1147.6443490672277
SJ-DEV-1043,floracion,83,46,19.4,0,38,42,46,water_deficit_floracion,2025-05-17T14:02:00Z,1077.4910658726772
SJ-DEV-471,floracion,81,67,19.3,0,48,44,58,optimal_floracion,2025-05-04T21:13:00Z,1316.3138165358669
SJ-DEV-1313,floracion,96,69,20.1,0,42,42,63,fungal_risk_botrytis_floracion,2025-05-11T15:20:00Z,1482.1935211872199
SJ-DEV-1093,floracion,86,69,19.9,1,49,39,62,optimal_floracion,2025-05-11T12:57:00Z,1227.7281696295584
SJ-DEV-1365,floracion,96,71,21.2,1,49,38,55,fungal_risk_botrytis_floracion,2025-05-08T07:18:00Z,1130.697762293871
SJ-DEV-794,floracion,84,40,19.9,0,47,44,55,water_deficit_floracion,2025-05-15T13:24:00Z,1184.3512239552315
SJ-DEV-670,floracion,85,63,19.6,0,40,28,54,p_deficiency_moderate,2025-05-19T23:30:00Z,1024.8920057240136
SJ-DEV-428,floracion,97,67,21.0,1,44,43,58,fungal_risk_botrytis_floracion,2025-05-29T18:44:00Z,1173.8933013286517
SJ-DEV-1334,floracion,96,71,21.7,1,52,41,62,fungal_risk_botrytis_floracion,2025-05-30T12:44:00Z,1394.027254658139
SJ-DEV-1186,floracion,87,70,19.9,0,36,21,49,p_deficiency_moderate,2025-05-09T06:20:00Z,1351.9121698570816
SJ-DEV-152,floracion,95,68,21.6,1,46,40,55,fungal_risk_botrytis_floracion,2025-05-02T20:03:00Z,1004.3862778949944
SJ-DEV-438,floracion,84,30,19.7,0,48,41,52,water_deficit_floracion,2025-05-17T17:45:00Z,1018.7236450511183
SJ-DEV-125,floracion,96,69,22.0,0,50,36,56,fungal_risk_botrytis_floracion,2025-05-30T22:34:00Z,1306.9233794008508
SJ-DEV-693,floracion,97,69,21.0,1,46,42,53,fungal_risk_botrytis_floracion,2025-05-25T10:06:00Z,1094.7551447000096
SJ-DEV-1136,floracion,85,33,20.3,0,42,38,57,water_deficit_floracion,2025-05-19T23:09:00Z,1412.5163766666883
SJ-DEV-484,floracion,84,66,19.2,0,40,40,51,optimal_floracion,2025-05-11T05:17:00Z,1486.8686846935684
SJ-DEV-417,floracion,85,44,21.7,0,44,38,54,water_deficit_floracion,2025-05-20T06:41:00Z,1326.0933864220501
SJ-DEV-941,floracion,99,71,20.4,1,41,48,53,fungal_risk_botrytis_floracion,2025-05-24T07:42:00Z,1338.1708624922835
SJ-DEV-1262,floracion,86,43,20.2,0,43,43,60,water_deficit_floracion,2025-05-25T05:31:00Z,1401.203491845194
SJ-DEV-954,floracion,87,63,20.1,0,37,12,53,p_deficiency_moderate,2025-05-29T17:01:00Z,1158.113174128256
SJ-DEV-238,floracion,87,31,19.8,0,48,40,51,water_deficit_floracion,2025-05-26T01:26:00Z,1462.6352174620768
SJ-DEV-1496,floracion,88,68,18.8,0,45,19,56,p_deficiency_moderate,2025-05-21T10:42:00Z,1454.1025436835282
SJ-DEV-607,floracion,87,69,20.4,0,40,19,55,p_deficiency_moderate,2025-05-03T05:22:00Z,1207.8293534845911
SJ-DEV-1473,floracion,85,65,19.8,0,45,39,52,optimal_floracion,2025-05-28T19:23:00Z,1467.903036389016
SJ-DEV-089,floracion,86,69,22.6,0,46,27,59,p_deficiency_moderate,2025-05-10T13:03:00Z,1222.79709819524
SJ-DEV-1497,floracion,96,67,22.0,0,47,46,47,fungal_risk_botrytis_floracion,2025-05-01T10:37:00Z,1259.4975197919105
SJ-DEV-1135,floracion,85,68,20.9,0,43,35,57,optimal_floracion,2025-05-05T06:30:00Z,1478.8369596143302
SJ-DEV-510,floracion,84,45,20.8,0,41,46,57,water_deficit_floracion,2025-05-22T07:40:00Z,1315.8655822883666
SJ-DEV-1184,floracion,86,46,19.1,0,51,37,62,water_deficit_floracion,2025-05-31T01:06:00Z,1167.259105507131
SJ-DEV-1000,floracion,88,68,21.3,0,44,9,49,p_deficiency_moderate,2025-05-13T08:58:00Z,1097.4887340860118
SJ-DEV-678,floracion,87,69,19.5,1,46,34,54,optimal_floracion,2025-05-03T23:36:00Z,1474.2195642292797
SJ-DEV-1367,floracion,85,73,20.0,0,43,27,57,p_deficiency_moderate,2025-05-26T10:19:00Z,1157.6542336299663
SJ-DEV-035,floracion,85,33,19.9,0,44,38,54,water_deficit_floracion,2025-05-07T23:27:00Z,1201.4909819609725
SJ-DEV-1128,floracion,95,69,20.4,1,48,49,56,fungal_risk_botrytis_floracion,2025-05-30T16:25:00Z,1182.5470602683806
SJ-DEV-748,floracion,83,64,19.1,1,49,39,61,optimal_floracion,2025-05-01T18:06:00Z,1213.5402124243817
SJ-DEV-929,floracion,87,65,19.7,0,44,41,55,optimal_floracion,2025-05-12T12:59:00Z,1194.398000179392
SJ-DEV-228,floracion,83,65,20.1,0,44,25,54,p_deficiency_moderate,2025-05-26T21:02:00Z,1470.7750879547639
SJ-DEV-425,floracion,85,33,19.3,0,41,39,58,water_deficit_floracion,2025-05-28T16:51:00Z,1337.40268752653
SJ-DEV-1014,floracion,83,45,21.8,0,45,42,47,water_deficit_floracion,2025-05-16T07:41:00Z,1128.4687843655256
SJ-DEV-030,floracion,97,70,21.9,0,44,37,52,fungal_risk_botrytis_floracion,2025-05-22T12:19:00Z,1466.1580546102666
SJ-DEV-256,floracion,86,68,19.6,0,45,21,52,p_deficiency_moderate,2025-05-27T19:51:00Z,1303.7820315715062
SJ-DEV-833,floracion,84,32,20.1,0,35,40,49,water_deficit_floracion,2025-05-02T01:36:00Z,1227.1463966680572
SJ-DEV-041,floracion,83,68,19.6,0,48,36,47,optimal_floracion,2025-05-08T22:06:00Z,1179.4755876098052
SJ-DEV-610,floracion,86,31,20.7,0,45,38,53,water_deficit_floracion,2025-05-11T13:36:00Z,1254.2135666607703
SJ-DEV-820,floracion,82,65,19.3,0,43,44,53,optimal_floracion,2025-05-04T17:32:00Z,1468.2669150223346
SJ-DEV-430,floracion,95,69,21.3,1,43,40,54,fungal_risk_botrytis_floracion,2025-05-21T04:15:00Z,1091.5350059502434
SJ-DEV-239,floracion,86,30,20.1,0,44,39,53,water_deficit_floracion,2025-05-30T18:31:00Z,1188.535014420699
SJ-DEV-373,floracion,86,66,19.4,1,44,38,56,optimal_floracion,2025-05-21T11:42:00Z,1227.11571896769
SJ-DEV-827,floracion,81,68,19.6,0,36,42,62,optimal_floracion,2025-05-31T22:48:00Z,1459.1994197382726
SJ-DEV-530,floracion,96,69,20.3,1,46,43,53,fungal_risk_botrytis_floracion,2025-05-16T22:45:00Z,1416.9837305561932
SJ-DEV-684,floracion,88,69,19.6,1,39,20,58,p_deficiency_moderate,2025-05-09T19:47:00Z,1389.7214789041145
SJ-DEV-592,floracion,84,65,20.3,0,47,42,54,optimal_floracion,2025-05-21T22:43:00Z,1066.3145528623668
SJ-DEV-852,floracion,85,65,20.0,0,44,37,55,optimal_floracion,2025-05-04T19:33:00Z,1187.7749312835456
SJ-DEV-142,floracion,99,70,20.8,1,42,36,52,fungal_risk_botrytis_floracion,2025-05-10T19:15:00Z,1462.63190124938
SJ-DEV-467,floracion,94,69,20.1,0,40,36,55,fungal_risk_botrytis_floracion,2025-05-14T05:11:00Z,1205.5239265049288
SJ-DEV-815,floracion,96,70,20.2,0,42,41,55,fungal_risk_botrytis_floracion,2025-05-23T11:18:00Z,1304.5653399738108
SJ-DEV-1351,floracion,86,68,18.6,1,44,11,58,p_deficiency_moderate,2025-05-24T03:27:00Z,1127.041359332784
SJ-DEV-086,floracion,87,43,20.9,0,46,44,46,water_deficit_floracion,2025-05-31T22:11:00Z,1163.2552726389783
SJ-DEV-1352,floracion,82,66,19.4,0,39,43,53,optimal_floracion,2025-05-06T01:38:00Z,1221.0024404850221
SJ-DEV-1024,floracion,86,33,19.1,0,47,39,56,water_deficit_floracion,2025-05-27T17:48:00Z,1156.889020992077
SJ-DEV-078,floracion,95,69,21.4,1,39,39,55,fungal_risk_botrytis_floracion,2025-05-07T18:47:00Z,1331.2898990655947
SJ-DEV-027,floracion,95,69,21.2,1,42,35,57,fungal_risk_botrytis_floracion,2025-05-22T13:15:00Z,1312.7003749670125
SJ-DEV-264,floracion,89,68,19.3,0,42,27,62,p_deficiency_moderate,2025-05-12T11:45:00Z,1405.215170852086
SJ-DEV-605,floracion,85,68,18.4,0,41,12,53,p_deficiency_moderate,2025-05-28T21:06:00Z,1360.1864905043851
SJ-DEV-013,floracion,88,68,21.3,0,36,20,51,p_deficiency_moderate,2025-05-05T08:14:00Z,1280.0662303377458
SJ-DEV-1053,floracion,95,71,21.9,1,45,41,54,fungal_risk_botrytis_floracion,2025-05-26T07:46:00Z,1088.1439425215476
SJ-DEV-789,floracion,96,69,20.1,1,46,44,58,fungal_risk_botrytis_floracion,2025-05-19T20:49:00Z,1224.7647615537282
SJ-DEV-302,floracion,81,67,19.5,0,42,41,61,optimal_floracion,2025-05-08T12:54:00Z,1379.793194222125
SJ-DEV-234,floracion,88,63,19.9,1,54,11,55,p_deficiency_moderate,2025-05-29T05:05:00Z,1225.3276671875024
SJ-DEV-120,floracion,94,69,21.5,0,43,42,60,fungal_risk_botrytis_floracion,2025-05-15T18:58:00Z,1082.0452404125579
SJ-DEV-1041,floracion,87,62,20.6,0,38,8,52,p_deficiency_moderate,2025-05-20T01:27:00Z,1227.8461488284477
SJ-DEV-334,floracion,84,43,19.7,0,45,38,53,water_deficit_floracion,2025-05-24T13:44:00Z,1245.131264906744
SJ-DEV-1255,floracion,97,70,21.9,0,49,37,58,fungal_risk_botrytis_floracion,2025-05-17T20:23:00Z,1332.6623093011322
SJ-DEV-439,floracion,86,64,19.7,1,45,23,57,p_deficiency_moderate,2025-05-20T16:57:00Z,1422.6082304412375
SJ-DEV-948,floracion,85,64,19.8,0,49,42,51,optimal_floracion,2025-05-26T10:56:00Z,1029.0018492919428
SJ-DEV-1321,floracion,82,67,20.1,0,45,36,58,optimal_floracion,2025-05-17T18:22:00Z,1150.4875486759738
SJ-DEV-1422,floracion,99,70,20.8,1,45,41,55,fungal_risk_botrytis_floracion,2025-05-27T03:04:00Z,1105.9456369988147
SJ-DEV-916,floracion,85,32,19.8,0,42,36,52,water_deficit_floracion,2025-05-31T17:14:00Z,1066.3237289011486
SJ-DEV-1412,floracion,84,68,20.0,0,42,40,59,optimal_floracion,2025-05-21T00:34:00Z,1468.8925840668644
SJ-DEV-042,floracion,82,72,18.7,1,41,21,56,p_deficiency_moderate,2025-05-03T00:29:00Z,1289.6307485967452
SJ-DEV-1454,floracion,97,69,21.8,1,56,44,56,fungal_risk_botrytis_floracion,2025-05-07T19:16:00Z,1094.6666119720771
SJ-DEV-631,floracion,85,39,20.7,0,48,38,50,water_deficit_floracion,2025-05-26T10:49:00Z,1488.4294675516207
SJ-DEV-469,floracion,94,70,21.1,1,45,42,57,fungal_risk_botrytis_floracion,2025-05-31T16:08:00Z,1435.1102832315537
SJ-DEV-1222,floracion,87,65,19.1,1,50,37,52,optimal_floracion,2025-05-26T05:11:00Z,1186.4453959271336
SJ-DEV-1053,floracion,84,44,19.8,0,55,39,53,water_deficit_floracion,2025-05-02T16:35:00Z,1145.7454904193874
SJ-DEV-880,floracion,86,30,20.4,0,46,35,56,water_deficit_floracion,2025-05-28T02:39:00Z,1289.7030023434015
SJ-DEV-1140,floracion,85,66,19.8,0,40,43,55,optimal_floracion,2025-05-05T00:38:00Z,1217.875319624054
SJ-DEV-227,floracion,83,62,20.5,0,42,12,67,p_deficiency_moderate,2025-05-12T11:02:00Z,1234.806630955391
SJ-DEV-1291,floracion,84,45,19.5,0,52,40,56,water_deficit_floracion,2025-05-05T04:31:00Z,1472.0249855582758
SJ-DEV-923,floracion,87,32,22.0,0,44,36,57,water_deficit_floracion,2025-05-20T20:51:00Z,1287.9013403456888
SJ-DEV-1151,floracion,84,31,20.7,0,46,43,56,water_deficit_floracion,2025-05-04T06:21:00Z,1382.9175773168733
SJ-DEV-773,floracion,84,36,19.3,0,46,36,55,water_deficit_floracion,2025-05-28T09:31:00Z,1479.9141712150256
SJ-DEV-626,floracion,87,69,21.6,0,44,28,57,p_deficiency_moderate,2025-05-31T04:44:00Z,1047.9925677602394
SJ-DEV-071,floracion,86,65,20.7,1,43,22,50,p_deficiency_moderate,2025-05-30T20:43:00Z,1497.6436278184174
SJ-DEV-1248,floracion,85,66,20.7,0,46,42,58,optimal_floracion,2025-05-30T16:48:00Z,1486.3456137761245
SJ-DEV-1022,floracion,87,36,18.3,0,40,41,55,water_deficit_floracion,2025-05-04T13:34:00Z,1429.0461989273158
SJ-DEV-1472,floracion,85,65,20.3,0,46,37,52,optimal_floracion,2025-05-27T03:22:00Z,1057.4413653368383
SJ-DEV-1180,floracion,84,31,20.0,0,44,43,54,water_deficit_floracion,2025-05-01T07:53:00Z,1073.2865332952344
SJ-DEV-491,floracion,82,67,19.4,0,45,36,54,optimal_floracion,2025-05-05T16:09:00Z,1064.8289662750758
SJ-DEV-575,floracion,96,67,21.6,1,39,43,57,fungal_risk_botrytis_floracion,2025-05-05T22:51:00Z,1235.5923927217132
SJ-DEV-224,floracion,83,69,18.3,0,46,42,55,optimal_floracion,2025-05-12T16:57:00Z,1433.122251575145
SJ-DEV-1042,floracion,86,68,18.8,1,41,45,57,optimal_floracion,2025-05-10T18:33:00Z,1438.7716262129532
SJ-DEV-755,floracion,95,68,21.3,0,41,37,52,fungal_risk_botrytis_floracion,2025-05-27T17:29:00Z,1010.5132351863682
SJ-DEV-1339,floracion,86,41,19.4,0,44,44,54,water_deficit_floracion,2025-05-29T15:55:00Z,1389.6855637168965
SJ-DEV-910,floracion,90,69,20.5,0,48,20,55,p_deficiency_moderate,2025-05-20T18:54:00Z,1103.003059084985
SJ-DEV-242,floracion,84,67,20.6,0,40,33,56,optimal_floracion,2025-05-04T15:42:00Z,1156.8021564882679
SJ-DEV-426,floracion,97,68,20.8,0,51,38,49,fungal_risk_botrytis_floracion,2025-05-14T20:50:00Z,1128.1901993339998
SJ-DEV-1027,floracion,90,65,19.6,0,47,17,51,p_deficiency_moderate,2025-05-30T03:41:00Z,1453.3773129031117
SJ-DEV-1111,floracion,98,70,21.5,0,38,31,53,fungal_risk_botrytis_floracion,2025-05-15T21:49:00Z,1211.8957887811591
SJ-DEV-1488,floracion,85,67,17.5,0,43,21,57,p_deficiency_moderate,2025-05-07T08:15:00Z,1490.467979756142
SJ-DEV-309,floracion,88,71,20.5,0,48,26,55,p_deficiency_moderate,2025-05-01T21:06:00Z,1147.295227773535
SJ-DEV-275,floracion,86,40,21.1,0,44,40,54,water_deficit_floracion,2025-05-29T10:34:00Z,1179.8219064217174
SJ-DEV-1409,floracion,85,69,19.0,1,48,39,56,optimal_floracion,2025-05-05T19:47:00Z,1115.1997412138123
SJ-DEV-993,floracion,84,69,19.3,1,40,36,56,optimal_floracion,2025-05-28T13:09:00Z,1156.835809528884
SJ-DEV-1439,floracion,94,67,20.2,1,38,39,56,fungal_risk_botrytis_floracion,2025-05-01T13:34:00Z,1102.5364350290893
SJ-DEV-281,floracion,90,68,20.4,0,46,12,56,p_deficiency_moderate,2025-05-19T04:19:00Z,1150.3460393500511
SJ-DEV-1331,floracion,89,63,21.1,0,51,21,58,p_deficiency_moderate,2025-05-08T03:56:00Z,1370.9517732322604
SJ-DEV-964,floracion,86,68,20.9,0,46,39,52,optimal_floracion,2025-05-22T12:55:00Z,1264.2834461291923
SJ-DEV-997,floracion,94,67,20.5,1,47,41,57,fungal_risk_botrytis_floracion,2025-05-24T13:17:00Z,1492.18967804551
SJ-DEV-681,floracion,88,68,20.3,0,52,25,57,p_deficiency_moderate,2025-05-27T01:29:00Z,1262.8525439420114
SJ-DEV-1220,floracion,81,66,20.6,0,48,39,56,optimal_floracion,2025-05-18T02:58:00Z,1366.2883464437139
SJ-DEV-619,floracion,87,66,22.4,0,44,27,46,p_deficiency_moderate,2025-05-04T01:40:00Z,1128.3858937976058
SJ-DEV-1012,floracion,85,40,21.9,0,44,33,55,water_deficit_floracion,2025-05-19T07:43:00Z,1478.137708486734
SJ-DEV-163,floracion,95,69,21.6,1,44,39,54,fungal_risk_botrytis_floracion,2025-05-05T10:37:00Z,1342.328064763149
SJ-DEV-797,floracion,83,64,19.4,0,33,14,53,p_deficiency_moderate,2025-05-09T08:09:00Z,1092.5421093304149
SJ-DEV-046,floracion,83,64,20.6,1,39,40,60,optimal_floracion,2025-05-03T21:02:00Z,1304.272539991354
SJ-DEV-584,floracion,85,48,20.3,0,52,42,54,water_deficit_floracion,2025-05-25T09:42:00Z,1019.7303697931375
SJ-DEV-510,floracion,85,69,19.4,1,39,43,57,optimal_floracion,2025-05-17T13:40:00Z,1171.4272192786266
SJ-DEV-391,floracion,88,68,19.4,0,40,18,56,p_deficiency_moderate,2025-05-14T00:30:00Z,1256.5628265164182
SJ-DEV-801,floracion,83,68,20.3,1,52,39,58,optimal_floracion,2025-05-14T09:14:00Z,1305.5865666307443
SJ-DEV-688,floracion,88,63,20.2,0,42,27,49,p_deficiency_moderate,2025-05-27T16:52:00Z,1227.3352397985213
SJ-DEV-1163,floracion,87,46,19.2,0,43,44,60,water_deficit_floracion,2025-05-25T00:47:00Z,1061.5044401486832
SJ-DEV-1090,floracion,86,67,19.8,0,46,24,65,p_deficiency_moderate,2025-05-06T08:03:00Z,1040.5098041811323
SJ-DEV-1448,floracion,85,67,20.5,0,41,47,56,optimal_floracion,2025-05-29T07:57:00Z,1330.7511184171483
SJ-DEV-023,floracion,84,69,19.8,0,46,36,57,optimal_floracion,2025-05-22T20:45:00Z,1317.6183492594846
SJ-DEV-675,floracion,89,67,21.1,1,45,10,52,p_deficiency_moderate,2025-05-06T12:40:00Z,1259.7313888928588
SJ-DEV-021,floracion,82,64,20.6,0,47,38,52,optimal_floracion,2025-05-07T10:11:00Z,1052.8669458277589
SJ-DEV-939,floracion,81,67,20.4,0,46,41,56,optimal_floracion,2025-05-04T23:08:00Z,1161.8431737139847
SJ-DEV-168,floracion,86,69,19.8,0,46,38,57,optimal_floracion,2025-05-08T14:10:00Z,1462.123537038709
SJ-DEV-1467,floracion,96,67,20.7,1,40,40,56,fungal_risk_botrytis_floracion,2025-05-02T22:37:00Z,1134.1891641984823
SJ-DEV-1041,floracion,88,68,19.8,0,52,27,52,p_deficiency_moderate,2025-05-06T00:52:00Z,1485.971614878089
SJ-DEV-636,floracion,87,69,20.8,0,45,15,57,p_deficiency_moderate,2025-05-22T21:30:00Z,1188.2976629089553
SJ-DEV-693,floracion,99,70,20.9,0,47,45,56,fungal_risk_botrytis_floracion,2025-05-22T19:48:00Z,1203.234735333035
SJ-DEV-180,floracion,96,69,21.6,1,46,36,59,fungal_risk_botrytis_floracion,2025-05-03T03:45:00Z,1013.7016833799155
SJ-DEV-682,floracion,95,70,20.6,1,44,36,57,fungal_risk_botrytis_floracion,2025-05-30T21:13:00Z,1110.976814078545
SJ-DEV-107,floracion,81,64,21.4,0,46,23,51,p_deficiency_moderate,2025-05-30T21:40:00Z,1323.7409983938062
SJ-DEV-095,floracion,86,34,18.7,0,44,41,54,water_deficit_floracion,2025-05-29T03:58:00Z,1282.0804922114523
SJ-DEV-495,floracion,82,69,19.2,1,48,22,49,p_deficiency_moderate,2025-05-10T18:14:00Z,1392.0057300128294
SJ-DEV-925,floracion,83,66,19.3,0,46,17,58,p_deficiency_moderate,2025-05-04T11:30:00Z,1031.7432492322082
SJ-DEV-857,floracion,82,67,21.1,0,45,45,55,optimal_floracion,2025-05-01T23:39:00Z,1031.6115711595482
SJ-DEV-992,floracion,85,49,20.8,0,47,40,56,water_deficit_floracion,2025-05-16T20:07:00Z,1186.1752359715524
SJ-DEV-581,floracion,82,69,20.1,0,42,43,53,optimal_floracion,2025-05-04T12:37:00Z,1358.5816170210371
SJ-DEV-1386,floracion,87,68,20.2,0,41,35,54,optimal_floracion,2025-05-01T18:18:00Z,1244.6816453369936
SJ-DEV-630,floracion,81,68,19.0,1,32,21,51,p_deficiency_moderate,2025-05-22T14:52:00Z,1324.5545106376906
SJ-DEV-1418,floracion,88,66,19.2,0,42,19,55,p_deficiency_moderate,2025-05-23T08:21:00Z,1000.1219201203803
SJ-DEV-1358,floracion,96,70,21.4,0,45,39,51,fungal_risk_botrytis_floracion,2025-05-08T12:38:00Z,1411.4101939623995
SJ-DEV-472,floracion,85,66,19.0,0,42,41,56,optimal_floracion,2025-05-17T09:10:00Z,1309.6537274736836
SJ-DEV-344,floracion,96,68,21.0,1,46,43,55,fungal_risk_botrytis_floracion,2025-05-08T01:54:00Z,1336.770762578131
SJ-DEV-830,floracion,84,30,17.8,0,39,38,58,water_deficit_floracion,2025-05-22T20:05:00Z,1432.2930484613917
SJ-DEV-924,floracion,98,69,20.6,1,40,39,53,fungal_risk_botrytis_floracion,2025-05-11T04:16:00Z,1403.0823288804668
SJ-DEV-444,floracion,95,70,20.5,1,44,40,49,fungal_risk_botrytis_floracion,2025-05-10T07:31:00Z,1060.1874343487834
SJ-DEV-680,floracion,84,68,20.8,0,48,39,59,optimal_floracion,2025-05-01T23:26:00Z,1138.9445457842057
SJ-DEV-253,floracion,86,64,19.3,0,42,44,48,optimal_floracion,2025-05-21T22:17:00Z,1277.6823370229138
SJ-DEV-1488,floracion,98,70,21.2,0,47,39,54,fungal_risk_botrytis_floracion,2025-05-20T21:29:00Z,1472.898100435747
SJ-DEV-1405,floracion,87,35,20.9,0,49,42,55,water_deficit_floracion,2025-05-30T06:08:00Z,1127.5409944128724
SJ-DEV-984,floracion,89,65,19.3,1,47,23,59,p_deficiency_moderate,2025-05-11T17:09:00Z,1149.07530940758
SJ-DEV-188,floracion,98,67,21.8,1,42,37,50,fungal_risk_botrytis_floracion,2025-05-24T13:25:00Z,1394.7673202892536
SJ-DEV-1069,floracion,87,66,19.4,0,42,21,57,p_deficiency_moderate,2025-05-11T09:04:00Z,1031.5754490929492
SJ-DEV-538,floracion,95,67,21.7,0,48,39,54,fungal_risk_botrytis_floracion,2025-05-11T05:52:00Z,1372.349230988525
SJ-DEV-122,floracion,99,71,21.5,1,48,40,55,fungal_risk_botrytis_floracion,2025-05-15T08:26:00Z,1145.564609516058
SJ-DEV-1451,floracion,81,65,19.4,0,42,46,54,optimal_floracion,2025-05-20T05:53:00Z,1335.5546029651623
SJ-DEV-518,floracion,96,69,20.7,1,42,42,55,fungal_risk_botrytis_floracion,2025-05-21T05:24:00Z,1170.954705864718
SJ-DEV-294,floracion,85,70,21.0,0,47,15,54,p_deficiency_moderate,2025-05-25T16:56:00Z,1237.584501481509
SJ-DEV-827,floracion,84,68,19.7,0,39,33,57,optimal_floracion,2025-05-03T00:05:00Z,1319.1434591295235
SJ-DEV-389,floracion,94,69,21.3,1,51,40,54,fungal_risk_botrytis_floracion,2025-05-13T02:03:00Z,1018.7258141350924
SJ-DEV-1323,floracion,99,69,21.5,1,42,33,57,fungal_risk_botrytis_floracion,2025-05-08T16:54:00Z,1208.4037383663997
SJ-DEV-728,floracion,98,71,21.7,1,48,41,56,fungal_risk_botrytis_floracion,2025-05-21T15:49:00Z,1442.4406711968631
SJ-DEV-1488,floracion,86,30,18.4,0,46,35,53,water_deficit_floracion,2025-05-27T06:54:00Z,1372.7213511828077
SJ-DEV-596,floracion,97,68,21.5,1,49,43,51,fungal_risk_botrytis_floracion,2025-05-17T09:21:00Z,1105.875198573165
SJ-DEV-1312,floracion,94,68,20.8,1,44,42,51,fungal_risk_botrytis_floracion,2025-05-23T03:24:00Z,1362.902671843204
SJ-DEV-659,floracion,86,49,19.8,0,53,43,55,water_deficit_floracion,2025-05-24T22:51:00Z,1392.7050988096905
SJ-DEV-1375,floracion,86,32,20.8,0,50,40,56,water_deficit_floracion,2025-05-04T11:22:00Z,1006.1257729439482
SJ-DEV-558,floracion,88,67,21.6,0,51,18,55,p_deficiency_moderate,2025-05-11T14:37:00Z,1449.7925877994294
SJ-DEV-608,floracion,98,68,20.8,1,45,46,59,fungal_risk_botrytis_floracion,2025-05-12T04:35:00Z,1265.3026690621389
SJ-DEV-678,floracion,84,67,21.7,1,40,38,51,optimal_floracion,2025-05-25T07:59:00Z,1320.3353808469076
SJ-DEV-1486,floracion,86,64,19.6,0,45,46,64,optimal_floracion,2025-05-18T08:26:00Z,1234.3707569231374
SJ-DEV-1135,floracion,85,35,19.7,0,41,36,55,water_deficit_floracion,2025-05-11T12:55:00Z,1136.2327800436965
SJ-DEV-186,floracion,87,34,19.4,0,50,37,52,water_deficit_floracion,2025-05-18T04:35:00Z,1366.7911142664293
SJ-DEV-789,floracion,85,65,19.2,0,43,38,63,optimal_floracion,2025-05-15T02:11:00Z,1499.9866630003003
SJ-DEV-355,floracion,92,67,21.2,1,50,10,53,p_deficiency_moderate,2025-05-05T22:25:00Z,1292.6260749651274
SJ-DEV-595,floracion,87,47,20.6,0,44,40,54,water_deficit_floracion,2025-05-15T05:52:00Z,1027.1001256871582
SJ-DEV-554,floracion,87,67,19.9,1,40,26,53,p_deficiency_moderate,2025-05-20T18:37:00Z,1301.7018080027483
SJ-DEV-529,floracion,83,33,20.1,0,45,40,63,water_deficit_floracion,2025-05-24T15:56:00Z,1211.073574303807
SJ-DEV-829,floracion,98,68,21.2,0,48,41,48,fungal_risk_botrytis_floracion,2025-05-05T07:13:00Z,1475.3538671446477
SJ-DEV-1248,floracion,81,68,19.3,1,49,43,59,optimal_floracion,2025-05-13T17:59:00Z,1223.5474023430488
SJ-DEV-1334,floracion,87,39,21.3,0,49,36,50,water_deficit_floracion,2025-05-24T21:45:00Z,1494.5903950753311
SJ-DEV-601,floracion,87,65,19.4,0,48,21,59,p_deficiency_moderate,2025-05-22T22:00:00Z,1450.5950867444076
SJ-DEV-159,floracion,84,45,20.8,0,40,40,57,water_deficit_floracion,2025-05-17T13:24:00Z,1019.4021285571177
SJ-DEV-1407,floracion,93,71,21.9,0,46,43,57,fungal_risk_botrytis_floracion,2025-05-03T12:33:00Z,1313.7453127477213
SJ-DEV-704,floracion,86,67,19.8,1,54,35,57,optimal_floracion,2025-05-13T09:07:00Z,1131.2163658757818
SJ-DEV-056,floracion,95,67,20.4,0,41,41,61,fungal_risk_botrytis_floracion,2025-05-15T03:41:00Z,1104.8887693777347
SJ-DEV-729,floracion,96,69,21.9,1,46,37,56,fungal_risk_botrytis_floracion,2025-05-20T15:20:00Z,1303.126116840976
SJ-DEV-1083,floracion,94,61,20.2,0,51,13,51,p_deficiency_moderate,2025-05-23T19:39:00Z,1454.699260681088
SJ-DEV-748,floracion,83,30,18.8,0,43,41,57,water_deficit_floracion,2025-05-31T22:20:00Z,1402.2592810814126
SJ-DEV-033,floracion,95,68,21.6,0,44,37,54,fungal_risk_botrytis_floracion,2025-05-01T21:13:00Z,1012.9424862135679
SJ-DEV-627,floracion,85,68,19.2,0,46,10,54,p_deficiency_moderate,2025-05-06T02:05:00Z,1323.8204201417973
SJ-DEV-1036,floracion,83,67,20.4,1,44,46,66,optimal_floracion,2025-05-12T12:04:00Z,1366.2586402038564
SJ-DEV-571,floracion,87,66,19.1,0,55,18,54,p_deficiency_moderate,2025-05-27T18:17:00Z,1169.047586998805
SJ-DEV-1443,floracion,87,34,20.3,0,40,44,49,water_deficit_floracion,2025-05-04T11:57:00Z,1462.8267419900208
SJ-DEV-729,floracion,99,69,20.7,1,45,41,59,fungal_risk_botrytis_floracion,2025-05-09T02:54:00Z,1488.8346563044427
SJ-DEV-407,floracion,88,59,20.5,0,51,14,60,p_deficiency_moderate,2025-05-16T04:45:00Z,1040.2485545435404
SJ-DEV-841,floracion,94,70,21.3,1,43,37,53,fungal_risk_botrytis_floracion,2025-05-18T09:47:00Z,1058.1668797518478
SJ-DEV-455,floracion,87,64,22.2,0,44,44,59,optimal_floracion,2025-05-16T02:53:00Z,1226.0258714124739
SJ-DEV-765,floracion,86,68,21.2,0,51,11,57,p_deficiency_moderate,2025-05-18T02:56:00Z,1015.821863717771
SJ-DEV-1073,floracion,95,70,20.6,1,49,42,55,fungal_risk_botrytis_floracion,2025-05-09T03:44:00Z,1201.632908153355
SJ-DEV-1165,floracion,91,65,20.8,0,45,18,62,p_deficiency_moderate,2025-05-16T06:12:00Z,1198.5374046656852
SJ-DEV-911,floracion,86,45,18.6,0,51,40,54,water_deficit_floracion,2025-05-25T21:00:00Z,1410.9972786746039
SJ-DEV-626,floracion,88,68,19.7,0,46,20,57,p_deficiency_moderate,2025-05-10T07:23:00Z,1376.539126785619
SJ-DEV-044,floracion,84,67,19.7,0,47,37,50,optimal_floracion,2025-05-17T21:33:00Z,1367.1862569789344
SJ-DEV-946,floracion,91,67,19.7,0,41,26,49,p_deficiency_moderate,2025-05-03T20:28:00Z,1331.1305738537478
SJ-DEV-551,floracion,87,69,20.7,0,47,8,57,p_deficiency_moderate,2025-05-09T16:36:00Z,1411.1986343648002
SJ-DEV-1010,floracion,99,68,20.2,1,40,37,49,fungal_risk_botrytis_floracion,2025-05-18T00:07:00Z,1168.818544811863
SJ-DEV-382,floracion,81,65,20.5,0,43,44,61,optimal_floracion,2025-05-05T12:00:00Z,1030.7652014981718
SJ-DEV-598,floracion,97,70,20.9,0,45,37,57,fungal_risk_botrytis_floracion,2025-05-06T19:31:00Z,1209.0960612298202
SJ-DEV-1345,floracion,84,68,20.6,0,48,20,55,p_deficiency_moderate,2025-05-17T03:27:00Z,1204.6555930509226
SJ-DEV-1149,floracion,98,70,21.6,0,43,32,55,fungal_risk_botrytis_floracion,2025-05-22T13:07:00Z,1331.1230474127724
SJ-DEV-514,floracion,81,68,20.0,1,43,37,58,optimal_floracion,2025-05-17T13:56:00Z,1222.307613411673
SJ-DEV-699,floracion,88,35,19.2,0,40,39,53,water_deficit_floracion,2025-05-23T03:12:00Z,1484.8381315251077
SJ-DEV-1087,floracion,84,65,20.3,0,44,40,55,optimal_floracion,2025-05-02T07:13:00Z,1335.983598426532
SJ-DEV-690,floracion,86,67,20.1,0,41,31,59,optimal_floracion,2025-05-02T12:55:00Z,1255.5951353870921
SJ-DEV-474,floracion,83,43,21.1,0,45,34,52,water_deficit_floracion,2025-05-27T13:31:00Z,1181.4707326074997
SJ-DEV-618,floracion,84,29,21.3,0,42,41,53,water_deficit_floracion,2025-05-18T22:18:00Z,1252.9793181756677
SJ-DEV-437,floracion,87,35,20.3,0,46,39,60,water_deficit_floracion,2025-05-08T01:47:00Z,1475.1228198899003
SJ-DEV-299,floracion,98,71,21.7,0,53,39,56,fungal_risk_botrytis_floracion,2025-05-22T20:32:00Z,1286.6016390276227
SJ-DEV-726,floracion,86,65,19.6,0,36,40,55,optimal_floracion,2025-05-10T18:43:00Z,1163.4379166678177
SJ-DEV-1109,floracion,87,67,20.7,0,37,41,54,optimal_floracion,2025-05-06T19:45:00Z,1481.149360531626
SJ-DEV-954,floracion,96,67,20.5,1,52,42,56,fungal_risk_botrytis_floracion,2025-05-16T01:45:00Z,1283.0736461520269
SJ-DEV-436,floracion,87,67,19.4,1,49,40,56,optimal_floracion,2025-05-30T00:52:00Z,1243.7779535023583
SJ-DEV-258,floracion,82,66,19.0,1,41,44,55,optimal_floracion,2025-05-19T18:39:00Z,1430.3279761662523
SJ-DEV-559,floracion,85,67,19.7,1,49,45,62,optimal_floracion,2025-05-13T06:01:00Z,1134.2265661445267
SJ-DEV-314,floracion,86,68,20.3,1,45,15,52,p_deficiency_moderate,2025-05-28T18:46:00Z,1179.7313278369793
SJ-DEV-1325,floracion,86,40,21.8,0,43,40,55,water_deficit_floracion,2025-05-21T11:50:00Z,1233.9533803040827
SJ-DEV-095,floracion,86,65,20.0,1,43,36,53,optimal_floracion,2025-05-26T23:48:00Z,1485.7795465940699
SJ-DEV-1411,floracion,89,68,20.0,0,45,15,61,p_deficiency_moderate,2025-05-10T08:02:00Z,1072.3649158532714
SJ-DEV-434,floracion,85,65,20.5,0,43,17,55,p_deficiency_moderate,2025-05-26T03:10:00Z,1479.9921020495876
SJ-DEV-958,floracion,87,40,19.2,0,45,43,53,water_deficit_floracion,2025-05-07T16:04:00Z,1434.5760870966662
SJ-DEV-1176,floracion,83,36,19.3,0,51,43,58,water_deficit_floracion,2025-05-24T08:02:00Z,1137.1043786795638
SJ-DEV-240,floracion,85,71,18.2,0,50,24,50,p_deficiency_moderate,2025-05-01T11:33:00Z,1427.6533584714657
SJ-DEV-892,floracion,83,65,20.6,1,44,13,57,p_deficiency_moderate,2025-05-31T11:06:00Z,1454.1994029825382
SJ-DEV-1429,floracion,84,67,19.1,1,48,19,51,p_deficiency_moderate,2025-05-06T21:00:00Z,1442.1867539568675
SJ-DEV-218,floracion,97,69,20.6,1,47,43,53,fungal_risk_botrytis_floracion,2025-05-05T04:40:00Z,1227.7071457467737
SJ-DEV-596,floracion,93,69,21.4,1,35,37,49,fungal_risk_botrytis_floracion,2025-05-20T08:08:00Z,1289.5546540204587
SJ-DEV-134,floracion,86,41,20.3,0,45,42,51,water_deficit_floracion,2025-05-21T13:21:00Z,1134.3121799537794
SJ-DEV-017,floracion,83,67,20.5,0,44,40,56,optimal_floracion,2025-05-20T06:18:00Z,1044.6000194482115
SJ-DEV-708,floracion,84,72,20.0,1,39,22,53,p_deficiency_moderate,2025-05-15T19:32:00Z,1289.2712263443966
SJ-DEV-877,floracion,84,47,18.8,0,42,41,57,water_deficit_floracion,2025-05-13T10:25:00Z,1418.200705374055
SJ-DEV-1069,floracion,81,67,20.1,0,43,43,52,optimal_floracion,2025-05-02T21:59:00Z,1239.213592366652
SJ-DEV-703,floracion,86,28,20.9,0,44,36,58,water_deficit_floracion,2025-05-26T23:03:00Z,1161.2768525045183
SJ-DEV-392,floracion,88,37,22.0,0,40,37,49,water_deficit_floracion,2025-05-07T02:20:00Z,1265.419825079944
SJ-DEV-147,floracion,87,68,19.3,1,44,40,56,optimal_floracion,2025-05-06T02:18:00Z,1050.5702568123827
SJ-DEV-1201,floracion,81,67,21.0,0,50,44,55,optimal_floracion,2025-05-16T03:15:00Z,1269.7223166185174
SJ-DEV-010,floracion,95,69,20.4,1,47,39,54,fungal_risk_botrytis_floracion,2025-05-01T02:58:00Z,1123.5838757130591
SJ-DEV-015,floracion,97,67,20.4,1,44,40,56,fungal_risk_botrytis_floracion,2025-05-01T20:46:00Z,1104.3707470974546
SJ-DEV-1423,floracion,82,69,20.8,1,51,39,56,optimal_floracion,2025-05-16T18:31:00Z,1047.9924730907753
SJ-DEV-924,floracion,83,69,18.2,1,47,25,51,p_deficiency_moderate,2025-05-25T11:45:00Z,1405.3211077952672
SJ-DEV-436,floracion,97,69,21.5,1,39,37,48,fungal_risk_botrytis_floracion,2025-05-07T12:47:00Z,1385.1841925317863
SJ-DEV-934,floracion,92,68,20.6,0,40,22,59,p_deficiency_moderate,2025-05-23T04:31:00Z,1358.6038288862658
SJ-DEV-598,floracion,86,64,20.1,1,44,40,66,optimal_floracion,2025-05-09T16:06:00Z,1427.47104203456
SJ-DEV-1388,floracion,86,65,20.4,1,41,22,48,p_deficiency_moderate,2025-05-07T04:11:00Z,1402.070463717408
SJ-DEV-863,floracion,87,29,19.3,0,49,41,63,water_deficit_floracion,2025-05-17T19:56:00Z,1351.7423075196298
SJ-DEV-150,floracion,84,65,19.0,1,43,28,58,p_deficiency_moderate,2025-05-13T08:16:00Z,1098.3673207247427
SJ-DEV-434,floracion,86,64,20.7,1,51,45,60,optimal_floracion,2025-05-08T09:53:00Z,1417.4165983712858
SJ-DEV-647,floracion,85,68,21.0,0,39,38,53,optimal_floracion,2025-05-09T01:40:00Z,1493.5922046866085
SJ-DEV-1342,floracion,85,46,20.8,0,51,34,46,water_deficit_floracion,2025-05-27T16:55:00Z,1440.4408564416885
SJ-DEV-273,floracion,96,68,20.3,0,47,41,52,fungal_risk_botrytis_floracion,2025-05-23T11:56:00Z,1381.873845630174
SJ-DEV-537,floracion,86,33,18.3,0,49,37,59,water_deficit_floracion,2025-05-14T19:25:00Z,1325.2582921019693
SJ-DEV-1166,floracion,87,47,21.1,0,48,40,52,water_deficit_floracion,2025-05-18T00:19:00Z,1174.3905297051986
SJ-DEV-441,floracion,86,69,20.1,0,57,36,57,optimal_floracion,2025-05-13T14:52:00Z,1139.4633497542782
SJ-DEV-537,floracion,89,65,18.2,1,41,19,52,p_deficiency_moderate,2025-05-10T13:19:00Z,1256.9737616357656
SJ-DEV-1415,floracion,84,44,19.3,0,41,42,56,water_deficit_floracion,2025-05-24T05:52:00Z,1325.5626651746263
SJ-DEV-1110,floracion,83,31,19.7,0,46,42,57,water_deficit_floracion,2025-05-17T11:49:00Z,1020.3622375699334
SJ-DEV-865,floracion,86,65,20.3,0,39,9,60,p_deficiency_moderate,2025-05-22T10:59:00Z,1233.116607868893
SJ-DEV-1281,floracion,83,47,19.5,0,51,39,48,water_deficit_floracion,2025-05-09T09:44:00Z,1020.6489727842537
SJ-DEV-185,floracion,94,69,21.1,1,51,43,51,fungal_risk_botrytis_floracion,2025-05-03T19:29:00Z,1013.6053122432136
SJ-DEV-951,floracion,84,69,20.2,0,52,26,52,p_deficiency_moderate,2025-05-09T12:57:00Z,1055.6238839463372
SJ-DEV-505,floracion,85,33,19.5,0,46,42,49,water_deficit_floracion,2025-05-30T06:10:00Z,1447.6471591668208
SJ-DEV-625,floracion,86,67,19.9,0,50,15,64,p_deficiency_moderate,2025-05-02T23:55:00Z,1089.87234258533
SJ-DEV-220,floracion,85,64,19.2,0,40,13,55,p_deficiency_moderate,2025-05-02T13:05:00Z,1259.9635895945014
SJ-DEV-567,floracion,94,68,20.2,1,51,42,60,fungal_risk_botrytis_floracion,2025-05-15T17:08:00Z,1214.542816598106
SJ-DEV-1234,floracion,83,69,20.2,0,44,36,57,optimal_floracion,2025-05-16T12:24:00Z,1299.0371769394035
SJ-DEV-933,floracion,94,70,20.2,0,44,42,57,fungal_risk_botrytis_floracion,2025-05-17T05:50:00Z,1409.064813750174
SJ-DEV-258,floracion,96,67,21.2,1,43,33,54,fungal_risk_botrytis_floracion,2025-05-08T01:24:00Z,1079.8123974020157
SJ-DEV-023,floracion,85,64,18.8,0,46,9,52,p_deficiency_moderate,2025-05-27T19:15:00Z,1246.3371633344423
SJ-DEV-070,floracion,87,45,20.4,0,42,40,61,water_deficit_floracion,2025-05-31T20:37:00Z,1035.071963457197
SJ-DEV-269,floracion,86,69,21.1,0,44,39,50,optimal_floracion,2025-05-17T05:56:00Z,1486.1899608726812
SJ-DEV-1270,floracion,86,64,20.7,0,47,34,63,optimal_floracion,2025-05-01T12:07:00Z,1038.510429943727
SJ-DEV-118,floracion,82,66,20.3,0,40,40,60,optimal_floracion,2025-05-24T04:36:00Z,1097.8685071403784
SJ-DEV-976,floracion,96,68,20.7,1,40,42,55,fungal_risk_botrytis_floracion,2025-05-24T03:21:00Z,1228.088669836929
SJ-DEV-505,floracion,84,65,18.1,0,42,25,58,p_deficiency_moderate,2025-05-19T03:09:00Z,1230.5926628012517
SJ-DEV-107,floracion,84,70,20.4,0,41,20,51,p_deficiency_moderate,2025-05-23T11:13:00Z,1056.6071662629508
SJ-DEV-400,floracion,94,68,20.6,1,43,38,53,fungal_risk_botrytis_floracion,2025-05-08T07:23:00Z,1334.3847896821705
SJ-DEV-090,floracion,85,66,19.4,1,37,12,57,p_deficiency_moderate,2025-05-23T19:54:00Z,1195.5619442912657
SJ-DEV-1146,floracion,82,68,19.1,0,37,40,46,optimal_floracion,2025-05-10T12:44:00Z,1461.0095016705352
SJ-DEV-1364,floracion,85,71,19.4,0,47,9,60,p_deficiency_moderate,2025-05-06T01:23:00Z,1140.6611475759846
SJ-DEV-739,floracion,91,65,18.6,0,39,23,56,p_deficiency_moderate,2025-05-07T03:25:00Z,1036.6615445150185
SJ-DEV-1374,floracion,82,64,21.0,0,37,40,54,optimal_floracion,2025-05-29T00:47:00Z,1480.354656369606
SJ-DEV-150,floracion,84,69,19.9,1,47,36,52,optimal_floracion,2025-05-07T13:20:00Z,1017.2170159200114
SJ-DEV-813,floracion,85,67,22.2,0,43,20,56,p_deficiency_moderate,2025-05-08T13:03:00Z,1261.804146733421
SJ-DEV-175,floracion,92,65,21.1,0,40,20,45,p_deficiency_moderate,2025-05-16T08:45:00Z,1153.9842063393655
SJ-DEV-1249,floracion,85,28,21.0,0,42,39,47,water_deficit_floracion,2025-05-23T08:46:00Z,1437.5981978417371
SJ-DEV-1481,floracion,96,67,21.5,1,44,37,55,fungal_risk_botrytis_floracion,2025-05-03T19:58:00Z,1075.9693141931261
SJ-DEV-1423,floracion,81,69,20.2,0,41,42,52,optimal_floracion,2025-05-26T22:36:00Z,1129.2778458380242
SJ-DEV-882,floracion,87,35,20.1,0,48,38,57,water_deficit_floracion,2025-05-27T20:50:00Z,1344.6964246379557
SJ-DEV-1141,floracion,82,65,20.9,0,45,38,58,optimal_floracion,2025-05-21T13:35:00Z,1265.4111680570954
SJ-DEV-198,floracion,85,66,21.1,0,50,38,51,optimal_floracion,2025-05-20T01:06:00Z,1162.3369044545047
SJ-DEV-1267,floracion,83,67,20.2,0,42,37,50,optimal_floracion,2025-05-25T06:31:00Z,1121.0600370460718
SJ-DEV-528,floracion,85,31,19.8,0,45,43,51,water_deficit_floracion,2025-05-14T22:56:00Z,1223.0919598892442
SJ-DEV-962,floracion,94,67,21.3,0,48,38,54,fungal_risk_botrytis_floracion,2025-05-09T15:52:00Z,1264.5937187240916
SJ-DEV-599,fructificacion,83,70,23.9,1,46,33,64,pest_risk_broca_fructificacion,2025-05-21T07:39:00Z,1567.3035707431561
SJ-DEV-931,fructificacion,88,72,21.6,0,44,37,71,pest_risk_broca_fructificacion,2025-05-07T23:20:00Z,1299.5491006532955
SJ-DEV-479,fructificacion,92,70,23.5,0,45,34,67,pest_risk_broca_fructificacion,2025-05-22T09:27:00Z,1159.0461979931563
SJ-DEV-851,fructificacion,85,70,24.8,1,42,34,69,pest_risk_broca_fructificacion,2025-05-22T10:23:00Z,1556.275361697564
SJ-DEV-207,fructificacion,89,73,18.9,0,49,37,72,optimal_fructificacion,2025-05-03T01:00:00Z,1505.5159833588475
SJ-DEV-494,fructificacion,89,71,19.2,1,42,29,70,optimal_fructificacion,2025-05-06T01:43:00Z,1454.258463542757
SJ-DEV-1161,fructificacion,89,71,22.9,1,38,31,69,pest_risk_broca_fructificacion,2025-05-03T08:20:00Z,1130.4331952994341
SJ-DEV-287,fructificacion,90,68,18.0,0,40,36,32,k_deficiency_moderate,2025-05-21T03:58:00Z,1389.3728639891654
SJ-DEV-781,fructificacion,84,70,22.9,0,49,33,71,pest_risk_broca_fructificacion,2025-05-18T16:42:00Z,1293.6942350269182
SJ-DEV-853,fructificacion,86,47,21.1,0,44,39,71,water_deficit_fructificacion,2025-05-07T03:21:00Z,1222.666140636627
SJ-DEV-1364,fructificacion,88,36,20.3,0,39,37,68,water_deficit_fructificacion,2025-05-12T05:46:00Z,1549.1463369465255
SJ-DEV-1477,fructificacion,87,40,20.1,0,48,33,63,water_deficit_fructificacion,2025-05-06T10:49:00Z,1476.0792694405018
SJ-DEV-753,fructificacion,90,72,22.4,0,53,33,73,pest_risk_broca_fructificacion,2025-05-18T09:42:00Z,1504.5997586945948
SJ-DEV-652,fructificacion,88,74,18.5,0,47,38,71,optimal_fructificacion,2025-05-12T06:11:00Z,1194.9056491059132
SJ-DEV-939,fructificacion,89,72,18.8,0,52,33,42,k_deficiency_moderate,2025-05-10T05:59:00Z,1167.4751037613592
SJ-DEV-764,fructificacion,83,70,23.4,0,47,32,70,pest_risk_broca_fructificacion,2025-05-17T05:37:00Z,1567.3305977997113
SJ-DEV-960,fructificacion,89,42,19.4,0,44,30,67,water_deficit_fructificacion,2025-05-29T13:55:00Z,1445.8097497872632
SJ-DEV-426,fructificacion,90,72,18.8,0,44,30,66,optimal_fructificacion,2025-05-14T04:13:00Z,1106.9802357302615
SJ-DEV-178,fructificacion,87,73,18.9,0,36,33,70,optimal_fructificacion,2025-05-16T04:06:00Z,1250.8396240931343
SJ-DEV-1031,fructificacion,86,36,17.9,0,41,35,73,water_deficit_fructificacion,2025-05-20T13:54:00Z,1361.2870939274653
SJ-DEV-869,fructificacion,84,74,18.4,1,45,35,69,optimal_fructificacion,2025-05-11T06:48:00Z,1165.0136361331074
SJ-DEV-960,fructificacion,84,71,23.4,0,39,34,69,pest_risk_broca_fructificacion,2025-05-02T20:03:00Z,1384.2584797094569
SJ-DEV-040,fructificacion,88,73,23.3,0,43,38,62,pest_risk_broca_fructificacion,2025-05-14T00:36:00Z,1247.8434443068927
SJ-DEV-1254,fructificacion,93,70,18.0,1,43,31,35,k_deficiency_moderate,2025-05-16T15:55:00Z,1257.733148821236
SJ-DEV-1254,fructificacion,94,73,19.3,0,44,33,44,k_deficiency_moderate,2025-05-03T22:14:00Z,1324.781817314316
SJ-DEV-591,fructificacion,91,70,22.6,0,44,34,75,pest_risk_broca_fructificacion,2025-05-05T06:24:00Z,1218.9409947727663
SJ-DEV-630,fructificacion,90,40,19.8,0,48,34,71,water_deficit_fructificacion,2025-05-26T17:34:00Z,1480.3910320480936
SJ-DEV-882,fructificacion,86,68,19.1,0,37,34,19,k_deficiency_moderate,2025-05-02T17:20:00Z,1372.598981417929
SJ-DEV-380,fructificacion,86,71,18.5,1,43,34,34,k_deficiency_moderate,2025-05-01T23:34:00Z,1317.7121396859693
SJ-DEV-1290,fructificacion,90,70,18.6,0,50,38,33,k_deficiency_moderate,2025-05-17T18:06:00Z,1166.956079118636
SJ-DEV-1400,fructificacion,83,70,22.3,0,36,36,62,pest_risk_broca_fructificacion,2025-05-12T00:02:00Z,1258.991672728475
SJ-DEV-758,fructificacion,85,71,19.0,0,44,38,74,optimal_fructificacion,2025-05-14T15:36:00Z,1169.2331287778416
SJ-DEV-153,fructificacion,90,72,24.7,0,41,34,73,pest_risk_broca_fructificacion,2025-05-02T23:35:00Z,1502.6344509882258
SJ-DEV-318,fructificacion,90,68,19.1,0,48,38,32,k_deficiency_moderate,2025-05-18T18:44:00Z,1265.4568923409427
SJ-DEV-1190,fructificacion,91,71,18.4,0,46,34,28,k_deficiency_moderate,2025-05-30T02:02:00Z,1187.040335790138
SJ-DEV-1394,fructificacion,91,70,24.2,0,46,34,66,pest_risk_broca_fructificacion,2025-05-17T17:24:00Z,1204.6237688946107
SJ-DEV-814,fructificacion,82,71,22.7,1,40,35,75,pest_risk_broca_fructificacion,2025-05-25T08:55:00Z,1229.8766006731228
SJ-DEV-882,fructificacion,93,69,19.0,0,46,39,34,k_deficiency_moderate,2025-05-06T05:43:00Z,1280.4087112689201
SJ-DEV-676,fructificacion,85,74,18.7,1,49,39,70,optimal_fructificacion,2025-05-17T11:46:00Z,1502.7501846903697
SJ-DEV-346,fructificacion,87,70,24.3,0,57,37,68,pest_risk_broca_fructificacion,2025-05-04T12:17:00Z,1418.7368432980961
SJ-DEV-645,fructificacion,81,69,22.9,0,47,34,83,pest_risk_broca_fructificacion,2025-05-24T14:48:00Z,1242.210566280488
SJ-DEV-1424,fructificacion,87,72,19.6,1,50,29,70,optimal_fructificacion,2025-05-09T15:38:00Z,1589.6653689937652
SJ-DEV-834,fructificacion,88,72,17.8,1,43,39,70,optimal_fructificacion,2025-05-12T23:00:00Z,1366.9367767542021
SJ-DEV-1065,fructificacion,91,72,18.3,0,54,34,27,k_deficiency_moderate,2025-05-16T19:29:00Z,1140.3186617867602
SJ-DEV-725,fructificacion,89,69,18.3,0,40,37,25,k_deficiency_moderate,2025-05-11T18:50:00Z,1297.7523440834916
SJ-DEV-1233,fructificacion,89,30,18.1,0,49,36,70,water_deficit_fructificacion,2025-05-02T00:17:00Z,1298.751372801796
SJ-DEV-1434,fructificacion,91,72,18.5,1,52,34,23,k_deficiency_moderate,2025-05-16T04:28:00Z,1212.6043505690893
SJ-DEV-1178,fructificacion,89,73,19.5,0,52,36,61,optimal_fructificacion,2025-05-28T00:24:00Z,1519.8364315912268
SJ-DEV-397,fructificacion,86,71,19.1,0,44,39,65,optimal_fructificacion,2025-05-17T17:20:00Z,1279.3615141771763
SJ-DEV-139,fructificacion,89,49,18.2,0,46,37,69,water_deficit_fructificacion,2025-05-26T04:35:00Z,1227.824947850664
SJ-DEV-292,fructificacion,88,71,19.5,0,41,39,37,k_deficiency_moderate,2025-05-03T23:40:00Z,1168.079838836191
SJ-DEV-954,fructificacion,89,48,19.0,0,43,36,57,water_deficit_fructificacion,2025-05-14T20:21:00Z,1168.3879980266445
SJ-DEV-001,fructificacion,87,72,24.0,0,45,39,73,pest_risk_broca_fructificacion,2025-05-30T19:21:00Z,1582.742135416143
SJ-DEV-1326,fructificacion,86,70,24.7,0,40,35,76,pest_risk_broca_fructificacion,2025-05-01T12:52:00Z,1529.711653090651
SJ-DEV-330,fructificacion,91,42,20.3,0,50,36,69,water_deficit_fructificacion,2025-05-15T04:27:00Z,1328.4893925230422
SJ-DEV-388,fructificacion,87,71,19.8,1,46,43,69,optimal_fructificacion,2025-05-14T20:18:00Z,1317.7883358595336
SJ-DEV-1225,fructificacion,89,32,19.9,0,37,31,72,water_deficit_fructificacion,2025-05-06T00:44:00Z,1296.7162674626475
SJ-DEV-227,fructificacion,84,69,22.7,1,33,31,67,pest_risk_broca_fructificacion,2025-05-06T10:21:00Z,1295.9267596835568
SJ-DEV-730,fructificacion,88,70,19.3,0,40,35,43,k_deficiency_moderate,2025-05-31T05:35:00Z,1134.8945010990096
SJ-DEV-425,fructificacion,89,40,19.5,0,48,37,74,water_deficit_fructificacion,2025-05-06T22:08:00Z,1253.8064171449907
SJ-DEV-1383,fructificacion,90,35,19.0,0,43,37,65,water_deficit_fructificacion,2025-05-27T08:51:00Z,1401.5320921409598
SJ-DEV-027,fructificacion,91,46,19.7,0,55,33,66,water_deficit_fructificacion,2025-05-24T21:30:00Z,1127.311608049313
SJ-DEV-1473,fructificacion,91,70,24.0,0,44,38,70,pest_risk_broca_fructificacion,2025-05-09T18:23:00Z,1123.0238180383926
SJ-DEV-946,fructificacion,87,71,23.8,1,47,41,68,pest_risk_broca_fructificacion,2025-05-24T07:03:00Z,1449.1548151615889
SJ-DEV-933,fructificacion,91,34,18.4,0,48,32,67,water_deficit_fructificacion,2025-05-25T15:00:00Z,1134.002466067878
SJ-DEV-124,fructificacion,84,72,24.6,1,40,39,69,pest_risk_broca_fructificacion,2025-05-16T20:19:00Z,1458.9049587363616
SJ-DEV-046,fructificacion,91,32,19.7,0,40,39,74,water_deficit_fructificacion,2025-05-24T00:35:00Z,1215.115140586674
SJ-DEV-204,fructificacion,83,72,21.7,1,46,39,64,pest_risk_broca_fructificacion,2025-05-07T10:05:00Z,1193.1439738613958
SJ-DEV-1206,fructificacion,89,72,19.4,0,44,39,74,optimal_fructificacion,2025-05-06T08:38:00Z,1448.2358031895146
SJ-DEV-1464,fructificacion,88,70,19.6,0,51,44,31,k_deficiency_moderate,2025-05-26T10:08:00Z,1138.2647518477872
SJ-DEV-045,fructificacion,91,33,20.7,0,47,40,70,water_deficit_fructificacion,2025-05-10T10:00:00Z,1475.6569242275245
SJ-DEV-488,fructificacion,88,73,23.5,0,46,38,76,pest_risk_broca_fructificacion,2025-05-20T22:47:00Z,1476.776353793742
SJ-DEV-469,fructificacion,89,72,19.0,0,48,36,71,optimal_fructificacion,2025-05-28T21:57:00Z,1391.7103358752563
SJ-DEV-158,fructificacion,87,71,18.1,0,35,40,38,k_deficiency_moderate,2025-05-30T22:16:00Z,1283.3905365475157
SJ-DEV-155,fructificacion,87,72,19.0,0,41,38,71,optimal_fructificacion,2025-05-28T05:44:00Z,1170.0669305991214
SJ-DEV-1082,fructificacion,88,47,19.9,0,43,38,71,water_deficit_fructificacion,2025-05-25T13:47:00Z,1323.191065972671
SJ-DEV-1359,fructificacion,87,48,17.2,0,48,35,65,water_deficit_fructificacion,2025-05-03T07:48:00Z,1149.2107829399556
SJ-DEV-094,fructificacion,87,73,24.0,1,40,27,69,pest_risk_broca_fructificacion,2025-05-30T13:44:00Z,1483.2997770038396
SJ-DEV-302,fructificacion,87,47,18.6,0,49,27,68,water_deficit_fructificacion,2025-05-01T11:47:00Z,1320.626559520867
SJ-DEV-810,fructificacion,88,70,24.4,0,46,27,75,pest_risk_broca_fructificacion,2025-05-05T23:05:00Z,1338.5431869506504
SJ-DEV-1007,fructificacion,82,71,22.3,1,42,36,64,pest_risk_broca_fructificacion,2025-05-19T23:20:00Z,1323.3536755246196
SJ-DEV-1391,fructificacion,87,42,21.9,0,50,35,63,water_deficit_fructificacion,2025-05-13T12:13:00Z,1358.707362042627
SJ-DEV-425,fructificacion,90,70,25.1,0,45,35,66,pest_risk_broca_fructificacion,2025-05-05T18:38:00Z,1169.4015784192486
SJ-DEV-1200,fructificacion,94,71,18.3,0,49,36,27,k_deficiency_moderate,2025-05-15T11:00:00Z,1361.5279240966606
SJ-DEV-1247,fructificacion,93,73,19.7,0,48,35,41,k_deficiency_moderate,2025-05-17T16:00:00Z,1586.9762697177312
SJ-DEV-1379,fructificacion,92,69,19.2,0,47,32,41,k_deficiency_moderate,2025-05-19T19:58:00Z,1500.9320956974839
SJ-DEV-1470,fructificacion,89,74,19.2,0,42,37,75,optimal_fructificacion,2025-05-09T19:04:00Z,1203.1830157565694
SJ-DEV-1368,fructificacion,89,31,17.7,0,41,31,74,water_deficit_fructificacion,2025-05-21T00:56:00Z,1576.1747930013555
SJ-DEV-1430,fructificacion,80,70,22.9,0,51,38,74,pest_risk_broca_fructificacion,2025-05-28T03:30:00Z,1350.322098928876
SJ-DEV-725,fructificacion,89,47,19.2,0,45,38,65,water_deficit_fructificacion,2025-05-23T11:40:00Z,1218.1355625918695
SJ-DEV-147,fructificacion,89,34,19.8,0,45,35,74,water_deficit_fructificacion,2025-05-18T05:02:00Z,1542.5784871914545
SJ-DEV-951,fructificacion,84,72,19.1,0,43,34,70,optimal_fructificacion,2025-05-17T07:41:00Z,1163.834139502949
SJ-DEV-1067,fructificacion,86,73,20.0,0,46,44,73,optimal_fructificacion,2025-05-27T17:54:00Z,1277.8508989606914
SJ-DEV-1005,fructificacion,90,47,19.8,0,38,37,67,water_deficit_fructificacion,2025-05-09T12:37:00Z,1100.7623023795338
SJ-DEV-712,fructificacion,85,73,19.0,1,48,33,69,optimal_fructificacion,2025-05-25T04:00:00Z,1528.175517302228
SJ-DEV-281,fructificacion,83,71,23.5,1,39,36,75,pest_risk_broca_fructificacion,2025-05-25T00:54:00Z,1122.7418540830247
SJ-DEV-1393,fructificacion,81,70,23.7,0,44,35,73,pest_risk_broca_fructificacion,2025-05-29T11:48:00Z,1174.3463250118562
SJ-DEV-1038,fructificacion,82,72,24.4,0,50,35,73,pest_risk_broca_fructificacion,2025-05-11T18:11:00Z,1513.0729432431597
SJ-DEV-1396,fructificacion,85,70,22.1,0,50,32,68,pest_risk_broca_fructificacion,2025-05-16T09:20:00Z,1560.71993818606
SJ-DEV-456,fructificacion,90,73,22.3,0,40,38,74,pest_risk_broca_fructificacion,2025-05-21T12:24:00Z,1479.6469936765538
SJ-DEV-404,fructificacion,88,73,18.4,1,48,38,67,optimal_fructificacion,2025-05-16T07:05:00Z,1207.2227499821415
SJ-DEV-088,fructificacion,88,29,18.7,0,40,34,67,water_deficit_fructificacion,2025-05-06T10:47:00Z,1478.540113870151
SJ-DEV-994,fructificacion,87,72,18.7,1,43,36,68,optimal_fructificacion,2025-05-12T08:15:00Z,1256.0937905711933
SJ-DEV-869,fructificacion,88,31,18.9,0,48,37,75,water_deficit_fructificacion,2025-05-30T19:48:00Z,1269.1321460007546
SJ-DEV-1081,fructificacion,90,31,18.8,0,41,38,69,water_deficit_fructificacion,2025-05-26T17:42:00Z,1418.4365474898063
SJ-DEV-1114,fructificacion,90,33,18.1,0,53,35,66,water_deficit_fructificacion,2025-05-15T05:55:00Z,1296.0282972476373
SJ-DEV-1092,fructificacion,89,42,19.3,0,39,40,72,water_deficit_fructificacion,2025-05-24T05:34:00Z,1132.6545583308862
SJ-DEV-920,fructificacion,89,71,23.9,0,45,34,67,pest_risk_broca_fructificacion,2025-05-13T03:20:00Z,1237.2817854792627
SJ-DEV-487,fructificacion,89,49,19.0,0,49,30,70,water_deficit_fructificacion,2025-05-17T06:40:00Z,1412.9282551763133
SJ-DEV-643,fructificacion,85,70,23.6,0,37,35,67,pest_risk_broca_fructificacion,2025-05-14T00:18:00Z,1547.839347114032
SJ-DEV-1124,fructificacion,89,70,22.3,0,45,32,68,pest_risk_broca_fructificacion,2025-05-15T21:43:00Z,1294.5089169074593
SJ-DEV-1391,fructificacion,90,72,23.7,0,37,37,70,pest_risk_broca_fructificacion,2025-05-17T16:32:00Z,1165.6204375720924
SJ-DEV-1033,fructificacion,91,71,24.3,0,41,34,70,pest_risk_broca_fructificacion,2025-05-29T17:16:00Z,1115.891388972615
SJ-DEV-1201,fructificacion,85,70,19.7,0,45,38,69,optimal_fructificacion,2025-05-27T22:57:00Z,1516.9846223659763
SJ-DEV-1091,fructificacion,90,72,22.3,0,49,36,69,pest_risk_broca_fructificacion,2025-05-16T17:03:00Z,1366.3874436616973
SJ-DEV-179,fructificacion,83,72,22.9,0,45,32,70,pest_risk_broca_fructificacion,2025-05-03T20:26:00Z,1118.4055924765253
SJ-DEV-1326,fructificacion,86,47,19.7,0,45,41,70,water_deficit_fructificacion,2025-05-13T09:56:00Z,1176.11851802391
SJ-DEV-1311,fructificacion,88,73,24.5,0,49,43,60,pest_risk_broca_fructificacion,2025-05-24T14:36:00Z,1313.7702173544767
SJ-DEV-735,fructificacion,91,69,18.9,0,42,34,34,k_deficiency_moderate,2025-05-07T08:24:00Z,1422.4209266418097
SJ-DEV-600,fructificacion,89,70,19.1,1,48,39,25,k_deficiency_moderate,2025-05-16T13:13:00Z,1361.2314660529269
SJ-DEV-780,fructificacion,82,72,22.2,1,43,32,63,pest_risk_broca_fructificacion,2025-05-21T16:31:00Z,1550.0338485643426
SJ-DEV-1476,fructificacion,86,44,18.6,0,38,29,71,water_deficit_fructificacion,2025-05-06T10:28:00Z,1389.4459304782536
SJ-DEV-484,fructificacion,89,70,19.3,1,45,41,23,k_deficiency_moderate,2025-05-30T17:35:00Z,1520.235926521802
SJ-DEV-164,fructificacion,89,72,20.8,0,41,38,36,k_deficiency_moderate,2025-05-08T09:29:00Z,1514.720313239995
SJ-DEV-1482,fructificacion,89,28,18.9,0,43,36,67,water_deficit_fructificacion,2025-05-18T14:17:00Z,1394.8916295540598
SJ-DEV-579,fructificacion,87,72,23.3,0,41,39,69,pest_risk_broca_fructificacion,2025-05-25T18:15:00Z,1318.0981523353305
SJ-DEV-318,fructificacion,82,72,19.4,0,45,40,40,k_deficiency_moderate,2025-05-26T07:59:00Z,1250.6095267486658
SJ-DEV-008,fructificacion,90,37,18.3,0,44,35,65,water_deficit_fructificacion,2025-05-02T01:24:00Z,1256.4176666955702
SJ-DEV-1464,fructificacion,90,33,19.9,0,48,36,68,water_deficit_fructificacion,2025-05-13T18:08:00Z,1406.145340080605
SJ-DEV-110,fructificacion,89,73,18.1,0,47,32,69,optimal_fructificacion,2025-05-30T00:40:00Z,1466.4816570195233
SJ-DEV-941,fructificacion,87,71,18.6,1,46,33,71,optimal_fructificacion,2025-05-06T19:36:00Z,1462.3073979540031
SJ-DEV-219,fructificacion,88,32,18.1,0,38,37,75,water_deficit_fructificacion,2025-05-26T19:26:00Z,1189.132469446729
SJ-DEV-564,fructificacion,85,70,19.0,0,49,35,70,optimal_fructificacion,2025-05-13T17:47:00Z,1379.8134749246706
SJ-DEV-1440,fructificacion,93,69,18.7,0,49,40,29,k_deficiency_moderate,2025-05-09T03:33:00Z,1279.0034867708737
SJ-DEV-1143,fructificacion,86,45,18.7,0,49,38,77,water_deficit_fructificacion,2025-05-03T10:43:00Z,1323.8127518184178
SJ-DEV-145,fructificacion,89,70,18.8,0,47,36,35,k_deficiency_moderate,2025-05-30T04:15:00Z,1574.985897071174
SJ-DEV-1116,fructificacion,89,47,19.4,0,42,35,70,water_deficit_fructificacion,2025-05-22T10:41:00Z,1598.2477325253917
SJ-DEV-466,fructificacion,87,72,18.9,0,44,36,26,k_deficiency_moderate,2025-05-28T20:31:00Z,1361.8937152165076
SJ-DEV-1329,fructificacion,91,72,25.4,0,42,33,75,pest_risk_broca_fructificacion,2025-05-30T11:42:00Z,1560.077987712761
SJ-DEV-754,fructificacion,89,69,19.4,1,51,34,29,k_deficiency_moderate,2025-05-04T15:38:00Z,1323.7320427833006
SJ-DEV-839,fructificacion,90,38,18.2,0,40,28,67,water_deficit_fructificacion,2025-05-05T12:06:00Z,1403.649908055951
SJ-DEV-1113,fructificacion,92,69,24.4,0,50,34,66,pest_risk_broca_fructificacion,2025-05-08T17:36:00Z,1482.2081300606176
SJ-DEV-086,fructificacion,85,73,18.7,1,42,31,73,optimal_fructificacion,2025-05-17T15:11:00Z,1223.869779484243
SJ-DEV-1348,fructificacion,88,71,21.6,1,47,35,71,pest_risk_broca_fructificacion,2025-05-09T18:52:00Z,1158.8139846982535
SJ-DEV-115,fructificacion,92,72,19.2,0,49,37,26,k_deficiency_moderate,2025-05-26T11:17:00Z,1362.0732336260514
SJ-DEV-1032,fructificacion,90,70,23.3,0,44,33,66,pest_risk_broca_fructificacion,2025-05-30T22:37:00Z,1207.069408117948
SJ-DEV-625,fructificacion,88,45,18.4,0,46,40,67,water_deficit_fructificacion,2025-05-25T05:54:00Z,1596.6675767768538
SJ-DEV-1215,fructificacion,89,71,18.8,1,47,34,72,optimal_fructificacion,2025-05-27T23:08:00Z,1400.2595745722097
SJ-DEV-947,fructificacion,87,28,20.2,0,45,36,65,water_deficit_fructificacion,2025-05-16T20:13:00Z,1430.6934173183188
SJ-DEV-1118,fructificacion,86,45,18.4,0,47,30,71,water_deficit_fructificacion,2025-05-18T04:52:00Z,1231.9634167385339
SJ-DEV-1477,fructificacion,90,72,18.8,0,47,36,23,k_deficiency_moderate,2025-05-20T11:56:00Z,1156.1008166593533
SJ-DEV-324,fructificacion,92,71,18.0,0,45,32,25,k_deficiency_moderate,2025-05-19T03:02:00Z,1510.1131218712155
SJ-DEV-1133,fructificacion,83,72,23.3,0,49,33,68,pest_risk_broca_fructificacion,2025-05-01T00:49:00Z,1567.5947703830411
SJ-DEV-119,fructificacion,89,50,18.0,0,45,37,69,water_deficit_fructificacion,2025-05-10T00:04:00Z,1285.9967555556277
SJ-DEV-761,fructificacion,84,69,18.5,0,46,33,67,optimal_fructificacion,2025-05-24T23:08:00Z,1149.2881992940227
SJ-DEV-509,fructificacion,86,71,18.6,0,50,36,67,optimal_fructificacion,2025-05-07T17:18:00Z,1545.5929676191208
SJ-DEV-623,fructificacion,81,69,22.8,0,42,38,66,pest_risk_broca_fructificacion,2025-05-27T18:21:00Z,1285.9823946142433
SJ-DEV-282,fructificacion,86,73,19.4,0,42,40,71,optimal_fructificacion,2025-05-21T20:30:00Z,1251.7744728947607
SJ-DEV-1427,fructificacion,90,31,18.8,0,49,36,71,water_deficit_fructificacion,2025-05-30T14:58:00Z,1468.9497712773828
SJ-DEV-924,fructificacion,89,71,19.0,1,45,35,28,k_deficiency_moderate,2025-05-28T06:23:00Z,1322.4675704670353
SJ-DEV-885,fructificacion,87,46,18.8,0,45,32,70,water_deficit_fructificacion,2025-05-28T00:34:00Z,1157.0943490217655
SJ-DEV-488,fructificacion,91,71,19.5,0,44,33,38,k_deficiency_moderate,2025-05-24T15:31:00Z,1243.6948165524827
SJ-DEV-1042,fructificacion,87,72,21.7,1,42,32,66,pest_risk_broca_fructificacion,2025-05-10T09:39:00Z,1420.0215387213566
SJ-DEV-1056,fructificacion,89,69,19.2,0,42,37,42,k_deficiency_moderate,2025-05-26T19:14:00Z,1409.7397698388886
SJ-DEV-899,fructificacion,89,69,19.8,0,42,38,23,k_deficiency_moderate,2025-05-04T22:10:00Z,1349.8145966595273
SJ-DEV-1417,fructificacion,90,69,19.1,1,41,33,30,k_deficiency_moderate,2025-05-28T04:54:00Z,1479.6582550560097
SJ-DEV-516,fructificacion,81,71,22.7,1,44,39,75,pest_risk_broca_fructificacion,2025-05-17T20:20:00Z,1567.6836214556583
SJ-DEV-897,fructificacion,87,36,20.5,0,41,37,72,water_deficit_fructificacion,2025-05-16T10:31:00Z,1570.5770596698533
SJ-DEV-1184,fructificacion,82,73,23.8,0,49,40,69,pest_risk_broca_fructificacion,2025-05-05T05:37:00Z,1528.5049421974165
SJ-DEV-573,fructificacion,88,73,22.1,0,37,36,69,pest_risk_broca_fructificacion,2025-05-31T06:05:00Z,1126.8682404589154
SJ-DEV-1282,fructificacion,90,31,20.2,0,47,36,64,water_deficit_fructificacion,2025-05-29T03:52:00Z,1450.1234030527353
SJ-DEV-154,fructificacion,88,73,19.4,0,42,35,33,k_deficiency_moderate,2025-05-17T20:53:00Z,1521.9877285419552
SJ-DEV-495,fructificacion,89,72,18.8,0,53,37,72,optimal_fructificacion,2025-05-30T21:50:00Z,1573.9670491767288
SJ-DEV-1348,fructificacion,91,72,19.5,0,49,39,43,k_deficiency_moderate,2025-05-08T09:38:00Z,1120.4956917175969
SJ-DEV-178,fructificacion,88,47,20.5,0,52,37,72,water_deficit_fructificacion,2025-05-06T08:59:00Z,1523.0426497052651
SJ-DEV-610,fructificacion,88,70,18.7,0,45,34,74,optimal_fructificacion,2025-05-06T02:10:00Z,1462.521187495475
SJ-DEV-1142,fructificacion,90,73,24.1,1,39,35,71,pest_risk_broca_fructificacion,2025-05-12T09:31:00Z,1418.1749981145588
SJ-DEV-1374,fructificacion,95,70,18.2,0,51,30,23,k_deficiency_moderate,2025-05-05T15:52:00Z,1527.8261865037693
SJ-DEV-1487,fructificacion,90,30,18.7,0,48,36,67,water_deficit_fructificacion,2025-05-19T02:48:00Z,1212.975695929494
SJ-DEV-405,fructificacion,87,70,18.7,0,47,40,70,optimal_fructificacion,2025-05-15T23:35:00Z,1543.7546209248583
SJ-DEV-283,fructificacion,86,70,23.0,1,47,38,68,pest_risk_broca_fructificacion,2025-05-14T15:34:00Z,1451.7612590774916
SJ-DEV-344,fructificacion,90,71,23.3,0,47,37,70,pest_risk_broca_fructificacion,2025-05-31T16:50:00Z,1494.7456554822306
SJ-DEV-1273,fructificacion,90,71,18.1,0,41,33,40,k_deficiency_moderate,2025-05-24T00:05:00Z,1349.585368125273
SJ-DEV-1407,fructificacion,83,70,24.9,0,47,40,68,pest_risk_broca_fructificacion,2025-05-05T21:26:00Z,1541.116142744293
SJ-DEV-416,fructificacion,91,70,22.6,1,51,30,71,pest_risk_broca_fructificacion,2025-05-11T08:33:00Z,1394.974961579762
SJ-DEV-588,fructificacion,87,48,19.1,0,51,33,76,water_deficit_fructificacion,2025-05-25T22:01:00Z,1160.435286465966
SJ-DEV-615,fructificacion,89,70,18.2,0,39,36,25,k_deficiency_moderate,2025-05-31T18:25:00Z,1205.6161532516658
SJ-DEV-831,fructificacion,92,71,19.2,0,46,40,34,k_deficiency_moderate,2025-05-26T16:34:00Z,1272.0980799096715
SJ-DEV-1229,fructificacion,85,71,25.3,1,43,39,68,pest_risk_broca_fructificacion,2025-05-31T23:21:00Z,1314.3123976511408
SJ-DEV-579,fructificacion,84,70,18.5,1,47,35,67,optimal_fructificacion,2025-05-08T16:08:00Z,1115.928449829613
SJ-DEV-1157,fructificacion,90,39,18.5,0,46,35,70,water_deficit_fructificacion,2025-05-29T17:22:00Z,1370.8950836512756
SJ-DEV-887,fructificacion,85,73,18.7,0,42,34,64,optimal_fructificacion,2025-05-11T16:02:00Z,1474.7566625286318
SJ-DEV-316,fructificacion,88,70,18.8,0,43,36,71,optimal_fructificacion,2025-05-29T06:28:00Z,1489.9506861361633
SJ-DEV-448,fructificacion,93,69,19.5,0,45,36,35,k_deficiency_moderate,2025-05-27T22:47:00Z,1284.71283287643
SJ-DEV-338,fructificacion,90,72,19.1,1,42,36,18,k_deficiency_moderate,2025-05-09T07:46:00Z,1299.157643574146
SJ-DEV-024,fructificacion,89,70,19.3,1,47,39,38,k_deficiency_moderate,2025-05-29T15:32:00Z,1525.1030215888206
SJ-DEV-1349,fructificacion,90,71,19.6,0,39,37,25,k_deficiency_moderate,2025-05-02T17:32:00Z,1259.53823268175
SJ-DEV-136,fructificacion,87,72,23.9,0,41,29,72,pest_risk_broca_fructificacion,2025-05-09T02:07:00Z,1190.9928974884265
SJ-DEV-323,fructificacion,90,72,23.5,0,49,37,73,pest_risk_broca_fructificacion,2025-05-01T07:32:00Z,1310.2647341489824
SJ-DEV-1296,fructificacion,90,47,19.8,0,47,37,70,water_deficit_fructificacion,2025-05-14T11:53:00Z,1107.4688876647174
SJ-DEV-1369,fructificacion,89,73,18.9,0,40,35,71,optimal_fructificacion,2025-05-23T22:14:00Z,1338.406718837703
SJ-DEV-777,fructificacion,92,72,24.7,0,42,28,72,pest_risk_broca_fructificacion,2025-05-04T17:07:00Z,1358.6138595174598
SJ-DEV-532,fructificacion,86,71,17.6,0,44,34,71,optimal_fructificacion,2025-05-19T06:49:00Z,1387.7716704615345
SJ-DEV-1121,fructificacion,88,70,19.6,0,42,37,20,k_deficiency_moderate,2025-05-20T09:50:00Z,1271.1909528935332
SJ-DEV-851,fructificacion,90,70,24.4,0,41,31,71,pest_risk_broca_fructificacion,2025-05-03T15:25:00Z,1575.4316350471154
SJ-DEV-407,fructificacion,91,48,18.9,0,43,35,76,water_deficit_fructificacion,2025-05-03T18:24:00Z,1425.7633793393657
SJ-DEV-213,fructificacion,90,73,19.7,0,48,41,20,k_deficiency_moderate,2025-05-20T19:14:00Z,1371.0431883742576
SJ-DEV-1056,fructificacion,84,70,18.8,1,40,34,76,optimal_fructificacion,2025-05-21T02:23:00Z,1281.1685767239096
SJ-DEV-324,fructificacion,86,35,18.5,0,42,30,77,water_deficit_fructificacion,2025-05-18T20:50:00Z,1462.0982445998332
SJ-DEV-849,fructificacion,88,70,20.1,0,40,37,21,k_deficiency_moderate,2025-05-30T21:43:00Z,1191.7653663347241
SJ-DEV-938,fructificacion,87,70,22.0,0,51,30,66,pest_risk_broca_fructificacion,2025-05-24T11:12:00Z,1486.0679503535684
SJ-DEV-129,fructificacion,88,73,19.4,0,45,35,43,k_deficiency_moderate,2025-05-25T03:19:00Z,1570.5047405768933
SJ-DEV-144,fructificacion,89,72,19.6,1,49,37,19,k_deficiency_moderate,2025-05-03T06:31:00Z,1444.7722886892152
SJ-DEV-115,fructificacion,89,38,18.1,0,48,29,76,water_deficit_fructificacion,2025-05-20T23:52:00Z,1180.4703491235514
SJ-DEV-1189,fructificacion,86,71,19.4,0,43,33,73,optimal_fructificacion,2025-05-01T11:24:00Z,1449.6330905622908
SJ-DEV-285,fructificacion,86,72,19.1,0,49,30,72,optimal_fructificacion,2025-05-31T02:06:00Z,1580.538704015077
SJ-DEV-125,fructificacion,89,70,17.8,0,48,33,25,k_deficiency_moderate,2025-05-23T13:44:00Z,1541.7483882123902
SJ-DEV-341,fructificacion,85,71,18.6,1,51,36,72,optimal_fructificacion,2025-05-12T14:18:00Z,1568.5764937512092
SJ-DEV-557,fructificacion,89,69,19.7,1,41,40,73,optimal_fructificacion,2025-05-17T08:31:00Z,1511.8261079105878
SJ-DEV-1320,fructificacion,91,39,17.9,0,43,35,64,water_deficit_fructificacion,2025-05-04T06:10:00Z,1271.8417864861026
SJ-DEV-426,fructificacion,85,72,18.1,0,50,36,41,k_deficiency_moderate,2025-05-06T15:41:00Z,1396.029383384303
SJ-DEV-990,fructificacion,89,69,19.2,0,48,32,42,k_deficiency_moderate,2025-05-21T22:13:00Z,1365.232808998194
SJ-DEV-189,fructificacion,85,73,18.7,0,53,34,67,optimal_fructificacion,2025-05-22T01:48:00Z,1152.4643968564608
SJ-DEV-599,fructificacion,89,28,19.1,0,49,37,78,water_deficit_fructificacion,2025-05-27T05:52:00Z,1557.5731702753026
SJ-DEV-688,fructificacion,91,69,19.2,0,53,31,42,k_deficiency_moderate,2025-05-22T13:00:00Z,1346.3092489011954
SJ-DEV-280,fructificacion,93,72,20.3,1,48,36,24,k_deficiency_moderate,2025-05-18T01:15:00Z,1417.830604801973
SJ-DEV-922,fructificacion,84,72,19.2,0,41,39,66,optimal_fructificacion,2025-05-18T21:51:00Z,1510.501198761084
SJ-DEV-341,fructificacion,81,71,25.4,0,44,38,71,pest_risk_broca_fructificacion,2025-05-18T16:32:00Z,1312.2904927867269
SJ-DEV-377,fructificacion,90,68,19.6,0,40,39,39,k_deficiency_moderate,2025-05-12T21:37:00Z,1494.4334052088616
SJ-DEV-1129,fructificacion,87,46,18.6,0,45,33,72,water_deficit_fructificacion,2025-05-04T14:36:00Z,1130.4787200996693
SJ-DEV-842,fructificacion,94,72,21.2,0,42,30,26,k_deficiency_moderate,2025-05-19T08:41:00Z,1305.7200983275109
SJ-DEV-135,fructificacion,92,72,17.7,1,45,37,39,k_deficiency_moderate,2025-05-04T16:00:00Z,1590.9238583999886
SJ-DEV-157,fructificacion,87,70,22.9,1,46,34,75,pest_risk_broca_fructificacion,2025-05-31T00:26:00Z,1587.5471436327502
SJ-DEV-975,fructificacion,89,48,18.7,0,43,32,70,water_deficit_fructificacion,2025-05-12T19:40:00Z,1518.6545891387
SJ-DEV-875,fructificacion,96,71,18.1,0,46,33,41,k_deficiency_moderate,2025-05-26T21:40:00Z,1307.0332722161893
SJ-DEV-1177,fructificacion,90,72,19.3,0,44,38,29,k_deficiency_moderate,2025-05-07T22:54:00Z,1450.0683764377734
SJ-DEV-1294,fructificacion,81,72,23.2,1,43,39,70,pest_risk_broca_fructificacion,2025-05-12T01:34:00Z,1572.0934551314983
SJ-DEV-1471,fructificacion,85,70,18.2,1,47,36,67,optimal_fructificacion,2025-05-17T15:20:00Z,1429.9178697701877
SJ-DEV-397,fructificacion,89,72,18.2,0,45,37,74,optimal_fructificacion,2025-05-06T04:41:00Z,1401.4605448386055
SJ-DEV-512,fructificacion,81,71,24.0,0,37,41,73,pest_risk_broca_fructificacion,2025-05-26T06:10:00Z,1264.5279297006282
SJ-DEV-747,fructificacion,88,74,17.6,0,41,37,74,optimal_fructificacion,2025-05-20T07:48:00Z,1364.6109532052428
SJ-DEV-1182,fructificacion,89,29,19.0,0,39,35,65,water_deficit_fructificacion,2025-05-02T18:50:00Z,1155.8264457648881
SJ-DEV-442,fructificacion,88,70,18.9,0,47,29,81,optimal_fructificacion,2025-05-18T23:07:00Z,1192.4973488578719
SJ-DEV-199,fructificacion,92,73,20.1,0,45,35,32,k_deficiency_moderate,2025-05-02T02:21:00Z,1501.8492620488428
SJ-DEV-185,fructificacion,89,72,22.8,0,46,34,70,pest_risk_broca_fructificacion,2025-05-09T21:34:00Z,1243.3310672814355
SJ-DEV-934,fructificacion,90,70,19.3,0,46,35,39,k_deficiency_moderate,2025-05-22T05:55:00Z,1488.4638511006315
SJ-DEV-907,fructificacion,87,71,19.1,0,45,27,70,optimal_fructificacion,2025-05-16T05:50:00Z,1523.2573245029644
SJ-DEV-178,fructificacion,90,73,18.7,0,46,37,70,optimal_fructificacion,2025-05-29T07:40:00Z,1449.7718369580855
SJ-DEV-748,fructificacion,81,72,23.5,1,43,41,76,pest_risk_broca_fructificacion,2025-05-11T20:24:00Z,1500.5629406100518
SJ-DEV-1060,fructificacion,85,70,19.1,1,47,38,69,optimal_fructificacion,2025-05-05T06:02:00Z,1461.0046466792335
SJ-DEV-528,fructificacion,93,73,20.2,0,43,34,19,k_deficiency_moderate,2025-05-14T17:40:00Z,1529.7995510751844
SJ-DEV-1062,fructificacion,88,73,21.5,0,47,35,70,pest_risk_broca_fructificacion,2025-05-10T09:35:00Z,1138.4591664380196
SJ-DEV-163,fructificacion,87,71,19.0,0,47,38,67,optimal_fructificacion,2025-05-19T04:55:00Z,1236.952109466456
SJ-DEV-627,fructificacion,88,71,21.8,0,41,30,65,pest_risk_broca_fructificacion,2025-05-31T11:47:00Z,1574.4449514730547
SJ-DEV-054,fructificacion,87,73,19.2,0,40,35,32,k_deficiency_moderate,2025-05-20T07:38:00Z,1184.164384574519
SJ-DEV-793,fructificacion,93,69,19.5,0,40,35,32,k_deficiency_moderate,2025-05-16T08:48:00Z,1349.9743710372477
SJ-DEV-896,fructificacion,87,48,17.9,0,52,37,65,water_deficit_fructificacion,2025-05-18T00:54:00Z,1532.3310617048774
SJ-DEV-1210,fructificacion,87,72,19.1,0,45,36,71,optimal_fructificacion,2025-05-16T01:41:00Z,1420.0375434711489
SJ-DEV-080,fructificacion,86,70,19.3,1,42,34,66,optimal_fructificacion,2025-05-15T07:40:00Z,1186.051053440945
SJ-DEV-148,fructificacion,87,32,19.5,0,51,35,71,water_deficit_fructificacion,2025-05-26T03:40:00Z,1124.980946603685
SJ-DEV-1414,fructificacion,89,69,20.2,1,42,33,37,k_deficiency_moderate,2025-05-01T10:33:00Z,1593.9099723693644
SJ-DEV-669,fructificacion,86,69,18.9,0,45,37,65,optimal_fructificacion,2025-05-16T01:04:00Z,1423.137688333301
SJ-DEV-1295,fructificacion,92,70,24.2,1,40,40,66,pest_risk_broca_fructificacion,2025-05-25T14:13:00Z,1290.515094970104
SJ-DEV-083,fructificacion,90,43,18.5,0,50,30,77,water_deficit_fructificacion,2025-05-07T20:17:00Z,1426.1104851163816
SJ-DEV-1386,fructificacion,87,69,18.1,1,39,38,29,k_deficiency_moderate,2025-05-14T13:49:00Z,1130.9955740217974
SJ-DEV-935,fructificacion,91,73,24.5,0,43,41,74,pest_risk_broca_fructificacion,2025-05-02T04:06:00Z,1416.846597840867
SJ-DEV-283,fructificacion,87,45,18.4,0,43,33,66,water_deficit_fructificacion,2025-05-03T16:53:00Z,1522.0176240105252
SJ-DEV-1333,fructificacion,87,70,17.5,0,45,39,19,k_deficiency_moderate,2025-05-18T21:53:00Z,1259.6227439225925
SJ-DEV-724,fructificacion,92,70,20.8,0,40,35,27,k_deficiency_moderate,2025-05-01T22:22:00Z,1248.0574374149778
SJ-DEV-186,fructificacion,84,72,23.1,0,49,41,67,pest_risk_broca_fructificacion,2025-05-12T14:37:00Z,1276.5617326620552
SJ-DEV-724,fructificacion,89,40,17.5,0,49,33,66,water_deficit_fructificacion,2025-05-22T13:45:00Z,1158.195696762011
SJ-DEV-245,fructificacion,88,72,19.3,1,52,37,68,optimal_fructificacion,2025-05-06T10:09:00Z,1393.612407522972
SJ-DEV-1119,fructificacion,82,70,25.1,0,44,35,65,pest_risk_broca_fructificacion,2025-05-29T08:00:00Z,1410.2835645554403
SJ-DEV-239,fructificacion,88,71,25.2,0,41,36,75,pest_risk_broca_fructificacion,2025-05-05T22:06:00Z,1397.6044915896105
SJ-DEV-842,fructificacion,87,73,18.1,0,44,31,73,optimal_fructificacion,2025-05-27T07:35:00Z,1420.9470964875388
SJ-DEV-1454,fructificacion,87,68,19.3,0,47,36,31,k_deficiency_moderate,2025-05-16T15:33:00Z,1311.3826968262865
SJ-DEV-1018,fructificacion,88,72,25.2,0,41,33,59,pest_risk_broca_fructificacion,2025-05-14T03:22:00Z,1343.3506297515594
SJ-DEV-910,fructificacion,93,70,20.5,1,47,39,37,k_deficiency_moderate,2025-05-19T00:38:00Z,1121.0003944426371
SJ-DEV-580,fructificacion,91,71,20.2,0,43,34,27,k_deficiency_moderate,2025-05-21T10:37:00Z,1329.273139767256
SJ-DEV-1040,fructificacion,88,72,23.9,0,43,36,70,pest_risk_broca_fructificacion,2025-05-21T17:54:00Z,1393.578714783381
SJ-DEV-1079,fructificacion,90,41,19.0,0,48,41,72,water_deficit_fructificacion,2025-05-09T02:05:00Z,1117.061775171218
SJ-DEV-1434,fructificacion,90,31,16.7,0,39,41,67,water_deficit_fructificacion,2025-05-18T17:22:00Z,1505.041191155638
SJ-DEV-831,fructificacion,92,69,23.4,0,51,33,64,pest_risk_broca_fructificacion,2025-05-08T21:45:00Z,1135.4285675631888
SJ-DEV-756,fructificacion,91,71,19.3,0,45,30,25,k_deficiency_moderate,2025-05-30T09:43:00Z,1320.3745170969728
SJ-DEV-636,fructificacion,84,69,18.7,0,49,35,70,optimal_fructificacion,2025-05-22T20:49:00Z,1580.3565075470174
SJ-DEV-728,fructificacion,86,48,19.4,0,41,33,67,water_deficit_fructificacion,2025-05-29T03:31:00Z,1136.5324901766235
SJ-DEV-437,fructificacion,88,35,19.0,0,47,35,73,water_deficit_fructificacion,2025-05-25T17:17:00Z,1228.2230586731116
SJ-DEV-1369,fructificacion,86,74,19.0,0,40,34,72,optimal_fructificacion,2025-05-02T13:56:00Z,1425.9725436432414
SJ-DEV-860,fructificacion,85,70,19.5,0,46,38,70,optimal_fructificacion,2025-05-30T22:34:00Z,1550.0949814379792
SJ-DEV-255,fructificacion,85,73,18.3,0,46,34,72,optimal_fructificacion,2025-05-24T18:25:00Z,1538.794092233832
SJ-DEV-227,fructificacion,88,29,18.2,0,48,36,76,water_deficit_fructificacion,2025-05-25T10:45:00Z,1318.2941076295554
SJ-DEV-1316,fructificacion,86,44,19.8,0,41,39,64,water_deficit_fructificacion,2025-05-12T16:51:00Z,1115.0630622282051
SJ-DEV-075,fructificacion,90,32,19.5,0,38,35,67,water_deficit_fructificacion,2025-05-07T00:10:00Z,1369.7151385600685
SJ-DEV-1329,fructificacion,82,71,25.3,0,43,37,68,pest_risk_broca_fructificacion,2025-05-13T11:00:00Z,1485.6968623778503
SJ-DEV-005,fructificacion,91,71,24.5,0,49,35,64,pest_risk_broca_fructificacion,2025-05-24T11:15:00Z,1199.8840977787065
SJ-DEV-587,fructificacion,88,70,19.4,1,48,41,19,k_deficiency_moderate,2025-05-02T13:19:00Z,1527.190335583712
SJ-DEV-1267,fructificacion,89,70,23.5,1,44,32,75,pest_risk_broca_fructificacion,2025-05-14T03:05:00Z,1247.501091153257
SJ-DEV-031,fructificacion,88,71,18.9,0,52,33,71,optimal_fructificacion,2025-05-12T19:55:00Z,1516.0172952231726
SJ-DEV-831,fructificacion,85,70,18.0,1,40,40,71,optimal_fructificacion,2025-05-15T22:17:00Z,1431.7970200402035
SJ-DEV-919,fructificacion,90,73,20.6,0,49,35,79,optimal_fructificacion,2025-05-20T21:17:00Z,1220.7857786116854
SJ-DEV-1011,fructificacion,89,45,18.0,0,45,39,61,water_deficit_fructificacion,2025-05-31T07:25:00Z,1412.1610200463213
SJ-DEV-415,fructificacion,91,69,18.0,0,48,34,19,k_deficiency_moderate,2025-05-08T02:08:00Z,1373.6812849261394
SJ-DEV-711,fructificacion,90,43,19.5,0,46,35,70,water_deficit_fructificacion,2025-05-26T12:17:00Z,1178.5437709447233
SJ-DEV-029,fructificacion,90,70,19.4,0,43,35,34,k_deficiency_moderate,2025-05-05T00:28:00Z,1443.662352326549
SJ-DEV-632,fructificacion,86,49,18.3,0,44,40,70,water_deficit_fructificacion,2025-05-04T15:35:00Z,1124.4763589226009
SJ-DEV-715,fructificacion,88,40,19.1,0,41,38,75,water_deficit_fructificacion,2025-05-14T06:35:00Z,1498.6261573682273
SJ-DEV-1018,fructificacion,86,70,20.0,1,46,32,35,k_deficiency_moderate,2025-05-27T15:53:00Z,1149.0542846725905
SJ-DEV-812,fructificacion,92,72,19.4,1,50,37,23,k_deficiency_moderate,2025-05-13T14:40:00Z,1386.1366669175584
SJ-DEV-044,fructificacion,91,44,18.5,0,45,37,73,water_deficit_fructificacion,2025-05-30T21:50:00Z,1540.539945438823
SJ-DEV-838,fructificacion,82,73,23.7,0,45,33,64,pest_risk_broca_fructificacion,2025-05-03T22:05:00Z,1149.9968865145893
SJ-DEV-1453,fructificacion,91,69,21.7,1,47,35,69,pest_risk_broca_fructificacion,2025-05-01T13:05:00Z,1123.1538539636151
SJ-DEV-711,fructificacion,89,73,17.5,0,41,35,71,optimal_fructificacion,2025-05-31T21:45:00Z,1213.2120644219988
SJ-DEV-799,fructificacion,87,70,18.2,0,48,37,81,optimal_fructificacion,2025-05-07T12:00:00Z,1113.9001906803787
SJ-DEV-1071,fructificacion,86,72,19.4,0,45,36,73,optimal_fructificacion,2025-05-29T20:23:00Z,1304.1263872672603
SJ-DEV-480,fructificacion,90,49,19.2,0,44,36,67,water_deficit_fructificacion,2025-05-07T13:48:00Z,1438.6443238370732
SJ-DEV-777,fructificacion,87,72,18.4,0,44,38,66,optimal_fructificacion,2025-05-29T16:28:00Z,1264.6665768729274
SJ-DEV-049,fructificacion,87,49,20.1,0,53,36,69,water_deficit_fructificacion,2025-05-15T00:21:00Z,1272.6058317538104
SJ-DEV-656,fructificacion,93,71,19.0,0,45,36,41,k_deficiency_moderate,2025-05-25T22:07:00Z,1510.8766708286105
SJ-DEV-1154,fructificacion,85,72,22.0,1,44,38,68,pest_risk_broca_fructificacion,2025-05-29T08:06:00Z,1175.8716862207298
SJ-DEV-1198,fructificacion,92,71,15.8,0,44,32,33,k_deficiency_moderate,2025-05-27T05:51:00Z,1331.6082166557376
SJ-DEV-366,maduracion,85,30,19.2,0,36,34,78,water_deficit_maduracion,2025-05-24T07:21:00Z,1309.2967906847348
SJ-DEV-1360,maduracion,86,62,17.9,1,29,27,75,optimal_maduracion,2025-05-31T05:19:00Z,1311.3618366328717
SJ-DEV-835,maduracion,85,30,18.9,0,35,25,80,water_deficit_maduracion,2025-05-15T08:38:00Z,1524.2759913995344
SJ-DEV-475,maduracion,86,63,18.6,0,39,30,25,k_deficiency_severe,2025-05-24T06:19:00Z,1568.8890156710866
SJ-DEV-208,maduracion,84,37,18.8,0,35,30,82,water_deficit_maduracion,2025-05-30T23:26:00Z,1173.2970159731588
SJ-DEV-460,maduracion,87,90,19.2,1,35,27,75,excess_humidity_soil,2025-05-19T23:28:00Z,1377.4612888325642
SJ-DEV-497,maduracion,85,93,19.4,1,32,28,80,excess_humidity_soil,2025-05-28T10:09:00Z,1259.9509908861576
SJ-DEV-1001,maduracion,83,64,19.4,0,38,30,78,optimal_maduracion,2025-05-23T05:23:00Z,1110.2336878438666
SJ-DEV-1412,maduracion,82,96,18.7,1,36,29,79,excess_humidity_soil,2025-05-26T16:59:00Z,1378.3688021706062
SJ-DEV-161,maduracion,87,67,18.9,1,34,30,80,optimal_maduracion,2025-05-30T06:17:00Z,1408.9093461054554
SJ-DEV-542,maduracion,86,62,19.6,1,33,30,19,k_deficiency_severe,2025-05-14T04:44:00Z,1363.9128369020173
SJ-DEV-479,maduracion,91,63,18.8,0,36,37,18,k_deficiency_severe,2025-05-23T19:38:00Z,1676.4878007547156
SJ-DEV-632,maduracion,91,61,18.4,1,37,31,19,k_deficiency_severe,2025-05-09T05:31:00Z,1687.058405454455
SJ-DEV-644,maduracion,85,66,18.9,1,41,32,24,k_deficiency_severe,2025-05-03T18:04:00Z,1432.8311827604005
SJ-DEV-254,maduracion,92,66,19.1,0,36,26,23,k_deficiency_severe,2025-05-21T19:30:00Z,1544.438093691118
SJ-DEV-245,maduracion,83,30,19.4,0,33,27,75,water_deficit_maduracion,2025-05-03T04:24:00Z,1241.159839106344
SJ-DEV-807,maduracion,94,95,19.0,0,35,33,80,excess_humidity_soil,2025-05-29T23:28:00Z,1685.8976664091704
SJ-DEV-1279,maduracion,87,45,20.2,0,32,22,80,water_deficit_maduracion,2025-05-03T20:13:00Z,1265.5487603236431
SJ-DEV-1432,maduracion,88,92,19.3,1,36,26,74,excess_humidity_soil,2025-05-20T11:10:00Z,1286.4483887864626
SJ-DEV-378,maduracion,86,33,19.3,0,31,26,80,water_deficit_maduracion,2025-05-21T17:32:00Z,1400.4213305383555
SJ-DEV-262,maduracion,82,63,19.1,0,35,30,83,optimal_maduracion,2025-05-31T09:43:00Z,1450.4488729924046
SJ-DEV-1251,maduracion,90,89,18.8,1,38,32,81,excess_humidity_soil,2025-05-30T14:37:00Z,1406.5086920970405
SJ-DEV-040,maduracion,83,94,18.9,1,30,31,73,excess_humidity_soil,2025-05-29T07:24:00Z,1194.0098193473345
SJ-DEV-246,maduracion,84,63,19.6,1,37,32,25,k_deficiency_severe,2025-05-10T04:16:00Z,1135.8062508918313
SJ-DEV-1347,maduracion,85,35,19.8,0,32,31,76,water_deficit_maduracion,2025-05-05T16:06:00Z,1153.8242508753478
SJ-DEV-033,maduracion,86,94,20.0,1,37,32,77,excess_humidity_soil,2025-05-09T14:31:00Z,1615.7264962077538
SJ-DEV-410,maduracion,88,38,18.8,0,32,30,76,water_deficit_maduracion,2025-05-31T15:12:00Z,1588.8323986929306
SJ-DEV-665,maduracion,84,64,18.4,0,38,30,75,optimal_maduracion,2025-05-29T20:18:00Z,1125.08954727075
SJ-DEV-460,maduracion,86,96,19.5,1,32,31,77,excess_humidity_soil,2025-05-19T16:38:00Z,1329.3844979464461
SJ-DEV-215,maduracion,84,65,18.5,1,33,27,78,optimal_maduracion,2025-05-11T12:50:00Z,1567.4762712252054
SJ-DEV-442,maduracion,89,63,18.3,0,32,26,25,k_deficiency_severe,2025-05-10T05:14:00Z,1308.2201015803223
SJ-DEV-532,maduracion,90,64,19.0,0,33,33,20,k_deficiency_severe,2025-05-29T09:46:00Z,1399.9200685296173
SJ-DEV-783,maduracion,89,62,18.7,0,34,28,25,k_deficiency_severe,2025-05-04T22:10:00Z,1529.2588978056422
SJ-DEV-559,maduracion,85,63,19.7,1,35,27,69,optimal_maduracion,2025-05-13T22:22:00Z,1254.02343840619
SJ-DEV-723,maduracion,86,63,19.7,0,39,32,85,optimal_maduracion,2025-05-24T08:13:00Z,1223.2652493957726
SJ-DEV-106,maduracion,85,42,19.8,0,34,29,72,water_deficit_maduracion,2025-05-09T08:45:00Z,1566.2473271838298
SJ-DEV-577,maduracion,83,63,19.4,1,34,34,85,optimal_maduracion,2025-05-12T16:22:00Z,1572.1581685112687
SJ-DEV-142,maduracion,85,66,19.1,0,34,29,86,optimal_maduracion,2025-05-18T15:41:00Z,1423.8817133118857
SJ-DEV-1448,maduracion,89,63,18.1,0,37,34,18,k_deficiency_severe,2025-05-30T17:13:00Z,1598.1650936398623
SJ-DEV-1271,maduracion,86,94,19.3,1,40,32,79,excess_humidity_soil,2025-05-13T19:18:00Z,1399.0371958604437
SJ-DEV-582,maduracion,85,94,20.2,1,37,29,84,excess_humidity_soil,2025-05-05T06:37:00Z,1424.4152888198248
SJ-DEV-769,maduracion,87,30,19.0,0,42,28,71,water_deficit_maduracion,2025-05-13T07:47:00Z,1402.9170432387727
SJ-DEV-017,maduracion,86,91,19.3,1,38,30,80,excess_humidity_soil,2025-05-20T18:14:00Z,1172.4089689411442
SJ-DEV-850,maduracion,89,63,18.1,0,36,31,19,k_deficiency_severe,2025-05-31T12:31:00Z,1506.751474941006
SJ-DEV-533,maduracion,82,63,19.2,0,33,33,76,optimal_maduracion,2025-05-15T11:23:00Z,1352.685244361081
SJ-DEV-1198,maduracion,89,93,18.7,1,34,31,78,excess_humidity_soil,2025-05-12T12:01:00Z,1684.1108030240675
SJ-DEV-469,maduracion,82,63,19.5,0,35,33,82,optimal_maduracion,2025-05-06T04:58:00Z,1676.7429864649603
SJ-DEV-595,maduracion,85,64,18.4,1,32,30,21,k_deficiency_severe,2025-05-04T03:23:00Z,1146.7274452406841
SJ-DEV-1262,maduracion,87,65,19.4,1,43,31,26,k_deficiency_severe,2025-05-02T23:13:00Z,1500.639399738689
SJ-DEV-683,maduracion,82,62,20.1,0,32,32,76,optimal_maduracion,2025-05-22T04:56:00Z,1142.4383718995668
SJ-DEV-424,maduracion,86,64,19.1,0,41,27,76,optimal_maduracion,2025-05-01T16:19:00Z,1565.1011836541022
SJ-DEV-1192,maduracion,92,64,18.8,0,37,29,20,k_deficiency_severe,2025-05-31T14:01:00Z,1429.6080584470767
SJ-DEV-203,maduracion,84,63,18.8,1,35,31,22,k_deficiency_severe,2025-05-26T18:21:00Z,1505.4889892802469
SJ-DEV-848,maduracion,88,64,18.5,0,35,29,18,k_deficiency_severe,2025-05-27T04:26:00Z,1307.2805650449388
SJ-DEV-1464,maduracion,82,65,19.7,0,27,28,78,optimal_maduracion,2025-05-17T05:46:00Z,1550.7959863844806
SJ-DEV-1019,maduracion,82,65,19.6,1,33,28,77,optimal_maduracion,2025-05-15T21:47:00Z,1649.146682927722
SJ-DEV-187,maduracion,86,64,18.9,0,36,30,19,k_deficiency_severe,2025-05-16T14:02:00Z,1221.639783731027
SJ-DEV-790,maduracion,91,63,17.7,1,34,32,20,k_deficiency_severe,2025-05-28T18:55:00Z,1272.3122458056532
SJ-DEV-382,maduracion,84,64,19.2,0,37,27,21,k_deficiency_severe,2025-05-13T06:18:00Z,1611.581319233769
SJ-DEV-927,maduracion,87,95,20.4,0,34,28,86,excess_humidity_soil,2025-05-11T20:54:00Z,1254.9019078789502
SJ-DEV-900,maduracion,85,97,20.1,0,34,34,79,excess_humidity_soil,2025-05-19T08:53:00Z,1194.291113929172
SJ-DEV-1064,maduracion,84,31,18.5,0,34,32,83,water_deficit_maduracion,2025-05-14T02:12:00Z,1182.0026516150656
SJ-DEV-1157,maduracion,87,49,18.1,0,31,30,76,water_deficit_maduracion,2025-05-20T13:49:00Z,1404.9353579464573
SJ-DEV-058,maduracion,86,43,19.5,0,34,33,71,water_deficit_maduracion,2025-05-14T01:05:00Z,1138.3697042656518
SJ-DEV-1476,maduracion,85,95,20.2,0,33,31,76,excess_humidity_soil,2025-05-24T10:06:00Z,1540.5551330037586
SJ-DEV-998,maduracion,83,66,18.7,1,37,27,76,optimal_maduracion,2025-05-30T10:45:00Z,1398.1691591542087
SJ-DEV-1370,maduracion,83,64,18.4,1,36,33,77,optimal_maduracion,2025-05-09T13:11:00Z,1359.9434153580055
SJ-DEV-191,maduracion,85,91,18.7,1,44,28,78,excess_humidity_soil,2025-05-05T04:37:00Z,1248.1969691124082
SJ-DEV-072,maduracion,89,90,20.4,0,34,34,78,excess_humidity_soil,2025-05-31T05:23:00Z,1198.0545386245676
SJ-DEV-1326,maduracion,86,38,19.2,0,38,28,67,water_deficit_maduracion,2025-05-29T00:23:00Z,1250.8093405825816
SJ-DEV-1164,maduracion,84,40,19.9,0,34,28,84,water_deficit_maduracion,2025-05-14T02:42:00Z,1348.3161348349227
SJ-DEV-1351,maduracion,86,63,18.6,1,36,29,23,k_deficiency_severe,2025-05-19T13:48:00Z,1411.4557019649208
SJ-DEV-1152,maduracion,88,63,17.9,0,34,31,21,k_deficiency_severe,2025-05-05T01:45:00Z,1312.130737328996
SJ-DEV-1143,maduracion,84,45,19.5,0,38,37,79,water_deficit_maduracion,2025-05-07T04:31:00Z,1404.8376113484494
SJ-DEV-298,maduracion,85,64,18.6,0,34,25,19,k_deficiency_severe,2025-05-05T23:09:00Z,1258.3210696374188
SJ-DEV-577,maduracion,86,94,17.8,0,34,29,75,excess_humidity_soil,2025-05-01T11:45:00Z,1419.4023988626057
SJ-DEV-232,maduracion,85,28,18.4,0,39,28,78,water_deficit_maduracion,2025-05-23T09:35:00Z,1316.7022083479997
SJ-DEV-1321,maduracion,89,97,18.9,0,34,29,75,excess_humidity_soil,2025-05-04T11:58:00Z,1129.5094565445752
SJ-DEV-271,maduracion,86,65,19.2,0,30,31,84,optimal_maduracion,2025-05-03T11:44:00Z,1579.7458646839848
SJ-DEV-716,maduracion,87,65,19.7,0,35,27,23,k_deficiency_severe,2025-05-22T09:30:00Z,1611.5791089937086
SJ-DEV-411,maduracion,85,89,18.5,1,38,34,73,excess_humidity_soil,2025-05-28T14:50:00Z,1419.6286600605767
SJ-DEV-459,maduracion,85,62,17.9,0,32,31,26,k_deficiency_severe,2025-05-29T20:10:00Z,1154.9158268690824
SJ-DEV-109,maduracion,87,30,19.2,0,42,29,78,water_deficit_maduracion,2025-05-20T22:05:00Z,1116.666386992641
SJ-DEV-1015,maduracion,88,65,19.4,0,34,25,25,k_deficiency_severe,2025-05-31T06:18:00Z,1690.934600914085
SJ-DEV-333,maduracion,84,34,18.4,0,37,29,74,water_deficit_maduracion,2025-05-16T03:37:00Z,1574.5082563762242
SJ-DEV-419,maduracion,79,90,18.9,1,37,36,93,excess_humidity_soil,2025-05-14T17:16:00Z,1504.5267109386587
SJ-DEV-1202,maduracion,87,67,19.1,0,34,32,79,optimal_maduracion,2025-05-16T13:15:00Z,1219.04931650126
SJ-DEV-366,maduracion,90,96,18.8,0,35,38,73,excess_humidity_soil,2025-05-24T05:06:00Z,1327.8521349196244
SJ-DEV-112,maduracion,85,65,20.3,0,35,27,84,optimal_maduracion,2025-05-25T13:42:00Z,1184.4237965915115
SJ-DEV-981,maduracion,86,50,17.3,0,30,27,81,water_deficit_maduracion,2025-05-01T13:35:00Z,1599.6076260872046
SJ-DEV-018,maduracion,83,65,18.8,1,35,29,81,optimal_maduracion,2025-05-26T00:40:00Z,1368.6042813410143
SJ-DEV-1394,maduracion,84,67,17.5,0,34,26,72,optimal_maduracion,2025-05-09T16:05:00Z,1691.4531419742543
SJ-DEV-833,maduracion,88,39,19.5,0,36,30,78,water_deficit_maduracion,2025-05-28T23:46:00Z,1398.3507146892107
SJ-DEV-962,maduracion,87,65,19.1,0,35,28,74,optimal_maduracion,2025-05-25T11:35:00Z,1352.14667367305
SJ-DEV-414,maduracion,85,96,20.3,1,35,30,80,excess_humidity_soil,2025-05-26T18:37:00Z,1266.965725621193
SJ-DEV-308,maduracion,88,66,19.1,1,38,34,22,k_deficiency_severe,2025-05-13T03:42:00Z,1557.4042502237746
SJ-DEV-987,maduracion,81,63,18.0,1,40,31,76,optimal_maduracion,2025-05-27T02:18:00Z,1473.9661737389895
SJ-DEV-1033,maduracion,85,43,19.4,0,33,31,79,water_deficit_maduracion,2025-05-24T03:34:00Z,1576.488996159648
SJ-DEV-1401,maduracion,86,65,19.5,1,35,37,76,optimal_maduracion,2025-05-19T04:30:00Z,1171.6182157783514
SJ-DEV-855,maduracion,86,50,19.2,0,33,32,79,water_deficit_maduracion,2025-05-03T05:32:00Z,1183.4694897418603
SJ-DEV-644,maduracion,86,93,19.1,0,33,24,81,excess_humidity_soil,2025-05-11T15:22:00Z,1401.8182908043636
SJ-DEV-1323,maduracion,87,29,19.0,0,36,28,78,water_deficit_maduracion,2025-05-07T02:41:00Z,1416.74088799835
SJ-DEV-337,maduracion,88,42,19.4,0,34,29,73,water_deficit_maduracion,2025-05-31T05:48:00Z,1333.9649334586509
SJ-DEV-280,maduracion,85,35,19.4,0,34,30,75,water_deficit_maduracion,2025-05-27T10:51:00Z,1301.53231850047
SJ-DEV-306,maduracion,82,66,17.7,1,34,30,80,optimal_maduracion,2025-05-16T01:54:00Z,1217.3199983636396
SJ-DEV-1431,maduracion,84,94,18.0,1,35,25,82,excess_humidity_soil,2025-05-02T05:42:00Z,1120.7968209293097
SJ-DEV-471,maduracion,87,40,18.6,0,33,36,84,water_deficit_maduracion,2025-05-14T14:59:00Z,1593.2736696600002
SJ-DEV-550,maduracion,88,41,19.2,0,31,29,76,water_deficit_maduracion,2025-05-30T17:23:00Z,1485.1998549597747
SJ-DEV-1127,maduracion,88,65,18.7,0,36,36,19,k_deficiency_severe,2025-05-25T01:08:00Z,1156.166214338533
SJ-DEV-862,maduracion,87,32,21.2,0,27,28,80,water_deficit_maduracion,2025-05-09T08:18:00Z,1626.510465383974
SJ-DEV-1319,maduracion,86,44,18.6,0,32,33,79,water_deficit_maduracion,2025-05-02T20:38:00Z,1362.4508944611598
SJ-DEV-745,maduracion,89,94,20.2,1,35,33,81,excess_humidity_soil,2025-05-12T00:12:00Z,1351.622663057675
SJ-DEV-013,maduracion,82,95,19.9,0,44,32,79,excess_humidity_soil,2025-05-31T21:37:00Z,1259.746256978244
SJ-DEV-1415,maduracion,83,29,18.9,0,29,29,73,water_deficit_maduracion,2025-05-09T10:19:00Z,1448.0256824064272
SJ-DEV-463,maduracion,83,64,18.6,0,35,24,25,k_deficiency_severe,2025-05-19T05:39:00Z,1206.7857153497664
SJ-DEV-281,maduracion,89,63,19.1,0,34,30,25,k_deficiency_severe,2025-05-28T18:35:00Z,1274.548043210799
SJ-DEV-1088,maduracion,84,63,19.1,0,30,34,66,optimal_maduracion,2025-05-16T01:46:00Z,1609.4617719158764
SJ-DEV-154,maduracion,82,66,18.1,0,34,28,26,k_deficiency_severe,2025-05-23T00:50:00Z,1415.8485763326382
SJ-DEV-854,maduracion,85,62,19.7,1,36,30,81,optimal_maduracion,2025-05-17T23:46:00Z,1646.4406569716964
SJ-DEV-089,maduracion,87,66,18.8,1,32,34,21,k_deficiency_severe,2025-05-10T00:18:00Z,1567.4707528116583
SJ-DEV-485,maduracion,85,64,18.7,0,37,33,83,optimal_maduracion,2025-05-27T18:13:00Z,1467.3001394111307
SJ-DEV-1228,maduracion,86,89,18.6,0,35,27,87,excess_humidity_soil,2025-05-31T09:11:00Z,1161.9644289311466
SJ-DEV-1340,maduracion,85,65,19.4,0,33,32,78,optimal_maduracion,2025-05-22T17:14:00Z,1445.4481553455025
SJ-DEV-465,maduracion,83,66,17.4,1,36,29,75,optimal_maduracion,2025-05-23T06:39:00Z,1377.3628973749371
SJ-DEV-046,maduracion,86,64,19.5,1,30,34,85,optimal_maduracion,2025-05-03T01:19:00Z,1295.3884991764446
SJ-DEV-1106,maduracion,84,90,18.3,1,38,37,79,excess_humidity_soil,2025-05-13T20:55:00Z,1282.9818029322469
SJ-DEV-842,maduracion,86,32,19.5,0,37,24,78,water_deficit_maduracion,2025-05-29T06:45:00Z,1568.2157354975848
SJ-DEV-960,maduracion,87,63,18.5,1,30,34,26,k_deficiency_severe,2025-05-13T17:44:00Z,1572.1280291907046
SJ-DEV-1288,maduracion,86,64,18.3,0,33,34,77,optimal_maduracion,2025-05-14T14:01:00Z,1275.7632869548838
SJ-DEV-1442,maduracion,89,66,19.8,0,37,29,26,k_deficiency_severe,2025-05-10T17:29:00Z,1568.6569821695707
SJ-DEV-1089,maduracion,88,90,19.7,0,38,33,77,excess_humidity_soil,2025-05-22T15:45:00Z,1187.924508659499
SJ-DEV-1027,maduracion,85,61,18.6,0,33,31,21,k_deficiency_severe,2025-05-25T16:45:00Z,1208.8635225599444
SJ-DEV-590,maduracion,82,61,18.0,0,40,31,23,k_deficiency_severe,2025-05-20T18:31:00Z,1123.7479464992193
SJ-DEV-1229,maduracion,90,89,19.4,1,30,34,73,excess_humidity_soil,2025-05-20T09:19:00Z,1484.1598960082652
SJ-DEV-847,maduracion,91,96,18.3,1,31,28,76,excess_humidity_soil,2025-05-12T01:44:00Z,1592.896607169293
SJ-DEV-658,maduracion,84,45,18.6,0,32,32,76,water_deficit_maduracion,2025-05-05T20:46:00Z,1121.3505313669493
SJ-DEV-804,maduracion,86,92,19.1,0,31,27,80,excess_humidity_soil,2025-05-01T17:48:00Z,1657.0618224129594
SJ-DEV-820,maduracion,86,66,17.6,0,31,32,21,k_deficiency_severe,2025-05-11T21:21:00Z,1306.3575989970268
SJ-DEV-087,maduracion,87,94,19.3,0,35,30,76,excess_humidity_soil,2025-05-05T05:39:00Z,1211.6475191299166
SJ-DEV-048,maduracion,89,95,19.2,1,33,26,78,excess_humidity_soil,2025-05-14T16:12:00Z,1311.7877842632888
SJ-DEV-1285,maduracion,85,41,18.4,0,34,24,79,water_deficit_maduracion,2025-05-21T09:29:00Z,1586.0616069345037
SJ-DEV-198,maduracion,84,67,18.1,0,33,28,77,optimal_maduracion,2025-05-10T17:38:00Z,1159.9045728450658
SJ-DEV-065,maduracion,86,65,19.3,0,41,32,72,optimal_maduracion,2025-05-06T17:27:00Z,1608.188249323313
SJ-DEV-1240,maduracion,90,63,18.2,1,37,30,23,k_deficiency_severe,2025-05-29T17:22:00Z,1438.8875550816942
SJ-DEV-086,maduracion,90,94,19.1,0,32,27,80,excess_humidity_soil,2025-05-09T08:35:00Z,1676.7371783945637
SJ-DEV-135,maduracion,85,94,19.0,1,37,37,78,excess_humidity_soil,2025-05-12T10:51:00Z,1550.0037368328
SJ-DEV-1005,maduracion,86,66,19.4,1,36,26,83,optimal_maduracion,2025-05-10T05:36:00Z,1619.2210361319253
SJ-DEV-1295,maduracion,86,65,19.4,0,38,29,79,optimal_maduracion,2025-05-21T05:58:00Z,1369.1189154453928
SJ-DEV-334,maduracion,84,32,17.4,0,35,27,79,water_deficit_maduracion,2025-05-23T18:32:00Z,1277.8928388655634
SJ-DEV-1109,maduracion,84,36,18.6,0,33,26,81,water_deficit_maduracion,2025-05-26T07:16:00Z,1447.1973689726628
SJ-DEV-1485,maduracion,89,97,19.8,1,31,32,75,excess_humidity_soil,2025-05-02T06:33:00Z,1463.5702082354421
SJ-DEV-1302,maduracion,86,64,19.1,0,34,24,81,optimal_maduracion,2025-05-27T09:35:00Z,1451.2303167311393
SJ-DEV-144,maduracion,84,96,19.5,0,36,30,76,excess_humidity_soil,2025-05-02T07:49:00Z,1228.1296556217721
SJ-DEV-359,maduracion,83,39,20.3,0,36,30,81,water_deficit_maduracion,2025-05-25T15:31:00Z,1465.7403692863854
SJ-DEV-1349,maduracion,88,40,19.7,0,36,25,74,water_deficit_maduracion,2025-05-11T06:21:00Z,1109.5708593702798
SJ-DEV-434,maduracion,89,65,18.4,1,31,28,25,k_deficiency_severe,2025-05-07T15:18:00Z,1180.1547906032217
SJ-DEV-378,maduracion,86,66,18.2,1,34,35,73,optimal_maduracion,2025-05-09T18:35:00Z,1400.316169245692
SJ-DEV-762,maduracion,86,66,19.4,0,30,24,23,k_deficiency_severe,2025-05-06T10:03:00Z,1360.0183096925148
SJ-DEV-1484,maduracion,89,62,19.0,0,37,28,22,k_deficiency_severe,2025-05-24T16:34:00Z,1100.1328431310812
SJ-DEV-931,maduracion,83,93,19.6,0,38,30,69,excess_humidity_soil,2025-05-31T23:59:00Z,1455.8438666571724
SJ-DEV-783,maduracion,84,96,19.3,1,34,23,72,excess_humidity_soil,2025-05-05T20:45:00Z,1667.7329851087948
SJ-DEV-406,maduracion,86,65,19.4,0,32,31,24,k_deficiency_severe,2025-05-29T06:11:00Z,1224.7349371359057
SJ-DEV-1163,maduracion,86,63,18.3,0,35,32,83,optimal_maduracion,2025-05-13T09:01:00Z,1491.6268160850586
SJ-DEV-1390,maduracion,87,62,19.3,0,34,32,23,k_deficiency_severe,2025-05-08T09:32:00Z,1300.8300934783924
SJ-DEV-466,maduracion,82,66,18.7,0,38,27,78,optimal_maduracion,2025-05-05T02:02:00Z,1484.4564240107757
SJ-DEV-150,maduracion,85,66,19.7,1,38,30,78,optimal_maduracion,2025-05-04T02:46:00Z,1614.2719486428532
SJ-DEV-395,maduracion,85,64,18.5,1,27,32,73,optimal_maduracion,2025-05-28T22:38:00Z,1616.927439178443
SJ-DEV-1256,maduracion,88,34,19.7,0,36,29,82,water_deficit_maduracion,2025-05-15T16:56:00Z,1482.9126223452222
SJ-DEV-189,maduracion,85,64,19.2,0,38,31,22,k_deficiency_severe,2025-05-28T09:00:00Z,1348.266173783189
SJ-DEV-819,maduracion,90,65,18.1,0,36,28,22,k_deficiency_severe,2025-05-21T18:44:00Z,1376.4490088996206
SJ-DEV-433,maduracion,87,39,18.5,0,35,31,79,water_deficit_maduracion,2025-05-11T17:15:00Z,1561.2282725285945
SJ-DEV-1345,maduracion,84,63,18.9,1,33,25,83,optimal_maduracion,2025-05-12T14:53:00Z,1138.4946109148118
SJ-DEV-1194,maduracion,81,63,18.9,0,38,36,71,optimal_maduracion,2025-05-26T13:39:00Z,1484.3855765677781
SJ-DEV-985,maduracion,83,64,19.4,0,36,35,82,optimal_maduracion,2025-05-16T15:45:00Z,1479.0481244370844
SJ-DEV-261,maduracion,85,63,19.5,0,36,30,81,optimal_maduracion,2025-05-20T23:37:00Z,1167.811739449728
SJ-DEV-722,maduracion,81,66,18.6,1,32,31,78,optimal_maduracion,2025-05-29T06:05:00Z,1525.6109173278996
SJ-DEV-289,maduracion,81,65,19.7,0,31,25,77,optimal_maduracion,2025-05-25T17:24:00Z,1257.5340194183202
SJ-DEV-571,maduracion,86,62,17.7,0,33,33,21,k_deficiency_severe,2025-05-29T06:03:00Z,1641.7522114836866
SJ-DEV-631,maduracion,86,43,19.1,0,35,31,78,water_deficit_maduracion,2025-05-15T20:59:00Z,1600.9874877725742
SJ-DEV-117,maduracion,84,39,18.1,0,34,32,80,water_deficit_maduracion,2025-05-09T12:21:00Z,1376.2438434328214
SJ-DEV-040,maduracion,84,65,18.5,0,36,26,80,optimal_maduracion,2025-05-13T10:06:00Z,1532.2249386064473
SJ-DEV-1207,maduracion,90,93,18.2,1,31,26,84,excess_humidity_soil,2025-05-10T22:22:00Z,1421.6635821793054
SJ-DEV-1072,maduracion,87,50,19.5,0,36,22,79,water_deficit_maduracion,2025-05-21T20:27:00Z,1491.7172158658918
SJ-DEV-1215,maduracion,87,36,17.7,0,37,26,73,water_deficit_maduracion,2025-05-02T10:11:00Z,1490.2282091515315
SJ-DEV-1298,maduracion,85,64,21.1,0,32,30,24,k_deficiency_severe,2025-05-23T22:00:00Z,1509.6005994103525
SJ-DEV-1399,maduracion,88,95,17.8,1,35,36,77,excess_humidity_soil,2025-05-19T04:58:00Z,1620.415761750206
SJ-DEV-087,maduracion,83,62,19.1,0,38,34,26,k_deficiency_severe,2025-05-06T03:36:00Z,1671.0759080148578
SJ-DEV-373,maduracion,86,96,18.2,1,37,28,79,excess_humidity_soil,2025-05-21T06:23:00Z,1698.6630276847536
SJ-DEV-161,maduracion,88,89,19.4,1,36,36,78,excess_humidity_soil,2025-05-09T21:12:00Z,1401.430447609072
SJ-DEV-1408,maduracion,85,66,19.6,0,36,27,76,optimal_maduracion,2025-05-04T14:11:00Z,1115.3413540861804
SJ-DEV-1103,maduracion,87,63,18.6,0,36,28,76,optimal_maduracion,2025-05-15T07:54:00Z,1322.9407119689834
SJ-DEV-117,maduracion,83,66,19.2,0,36,33,79,optimal_maduracion,2025-05-15T19:31:00Z,1126.341581433067
SJ-DEV-014,maduracion,84,63,18.3,0,34,31,20,k_deficiency_severe,2025-05-06T23:49:00Z,1378.2506623506792
SJ-DEV-123,maduracion,88,96,18.8,1,35,31,77,excess_humidity_soil,2025-05-04T14:17:00Z,1404.347866633249
SJ-DEV-646,maduracion,89,66,18.6,0,36,31,20,k_deficiency_severe,2025-05-12T07:52:00Z,1107.5423932417866
SJ-DEV-867,maduracion,84,90,17.9,1,34,33,70,excess_humidity_soil,2025-05-09T16:17:00Z,1126.3713231303038
SJ-DEV-1094,maduracion,91,94,18.9,0,38,28,74,excess_humidity_soil,2025-05-19T04:20:00Z,1555.045411678124
SJ-DEV-448,maduracion,83,65,19.8,1,35,24,24,k_deficiency_severe,2025-05-19T02:45:00Z,1323.1556402326144
SJ-DEV-1421,maduracion,85,96,19.3,0,31,28,83,excess_humidity_soil,2025-05-16T22:03:00Z,1225.6278940310904
SJ-DEV-416,maduracion,87,62,20.8,0,29,26,19,k_deficiency_severe,2025-05-16T12:26:00Z,1663.6376543686574
SJ-DEV-963,maduracion,87,91,19.9,1,29,30,80,excess_humidity_soil,2025-05-08T03:06:00Z,1287.5023006957776
SJ-DEV-1088,maduracion,92,97,20.4,1,40,29,85,excess_humidity_soil,2025-05-17T00:13:00Z,1189.164339195553
SJ-DEV-011,maduracion,86,32,18.3,0,37,31,83,water_deficit_maduracion,2025-05-02T10:35:00Z,1135.327828587326
SJ-DEV-1014,maduracion,90,91,20.3,1,34,27,77,excess_humidity_soil,2025-05-05T16:42:00Z,1156.7549059081098
SJ-DEV-108,maduracion,89,64,18.0,1,40,27,19,k_deficiency_severe,2025-05-27T06:56:00Z,1236.6101225836044
SJ-DEV-818,maduracion,88,95,17.8,1,34,32,80,excess_humidity_soil,2025-05-29T14:26:00Z,1266.674271029049
SJ-DEV-724,maduracion,83,66,18.7,1,37,32,20,k_deficiency_severe,2025-05-25T10:39:00Z,1690.8452889309451
SJ-DEV-1059,maduracion,86,38,18.0,0,36,29,79,water_deficit_maduracion,2025-05-26T08:09:00Z,1201.030417420975
SJ-DEV-329,maduracion,88,92,18.7,1,34,25,80,excess_humidity_soil,2025-05-30T05:33:00Z,1270.2308297972027
SJ-DEV-1309,maduracion,90,96,17.5,0,36,35,79,excess_humidity_soil,2025-05-27T14:11:00Z,1111.3146593727777
SJ-DEV-965,maduracion,85,41,19.5,0,34,26,71,water_deficit_maduracion,2025-05-06T17:47:00Z,1640.188092138898
SJ-DEV-298,maduracion,84,65,19.0,0,32,29,74,optimal_maduracion,2025-05-10T07:02:00Z,1605.7033616481158
SJ-DEV-513,maduracion,87,28,18.5,0,35,27,79,water_deficit_maduracion,2025-05-30T19:24:00Z,1177.2657523175646
SJ-DEV-1199,maduracion,88,61,19.5,0,42,24,24,k_deficiency_severe,2025-05-08T21:39:00Z,1514.8421678132052
SJ-DEV-063,maduracion,85,36,19.3,0,35,28,78,water_deficit_maduracion,2025-05-24T05:02:00Z,1392.8876612952313
SJ-DEV-044,maduracion,87,94,19.8,1,38,31,75,excess_humidity_soil,2025-05-04T12:37:00Z,1611.1031265170755
SJ-DEV-684,maduracion,86,49,19.9,0,32,31,72,water_deficit_maduracion,2025-05-26T01:57:00Z,1580.7587615656878
SJ-DEV-1056,maduracion,85,95,17.6,1,33,38,79,excess_humidity_soil,2025-05-13T08:54:00Z,1668.0519565407503
SJ-DEV-122,maduracion,80,64,17.7,1,40,26,19,k_deficiency_severe,2025-05-10T01:12:00Z,1377.8457957852877
SJ-DEV-514,maduracion,89,92,19.0,0,39,33,83,excess_humidity_soil,2025-05-02T15:00:00Z,1299.7669675985057
SJ-DEV-394,maduracion,84,64,19.1,0,33,32,18,k_deficiency_severe,2025-05-22T21:46:00Z,1442.5559404508883
SJ-DEV-1453,maduracion,83,43,18.5,0,34,27,75,water_deficit_maduracion,2025-05-11T14:28:00Z,1487.8709830506582
SJ-DEV-1144,maduracion,82,62,18.7,0,36,30,73,optimal_maduracion,2025-05-10T01:57:00Z,1218.0386885688881
SJ-DEV-1204,maduracion,87,94,19.0,1,37,34,77,excess_humidity_soil,2025-05-22T23:17:00Z,1296.0758339616827
SJ-DEV-202,maduracion,84,95,20.0,0,33,27,82,excess_humidity_soil,2025-05-01T16:15:00Z,1485.5388868689681
SJ-DEV-774,maduracion,86,98,18.5,1,41,33,82,excess_humidity_soil,2025-05-30T01:09:00Z,1191.2987707617392
SJ-DEV-941,maduracion,87,90,20.1,1,35,30,77,excess_humidity_soil,2025-05-05T08:13:00Z,1526.594558459345
SJ-DEV-336,maduracion,89,63,21.1,0,37,27,24,k_deficiency_severe,2025-05-20T08:44:00Z,1384.3336883941872
SJ-DEV-199,maduracion,82,66,18.8,1,36,27,80,optimal_maduracion,2025-05-08T23:06:00Z,1413.896579886751
SJ-DEV-1072,maduracion,87,65,19.2,0,37,35,20,k_deficiency_severe,2025-05-19T23:55:00Z,1274.3303490807211
SJ-DEV-242,maduracion,87,65,18.9,1,33,31,76,optimal_maduracion,2025-05-13T15:42:00Z,1339.038950560321
SJ-DEV-538,maduracion,87,37,18.7,0,38,29,73,water_deficit_maduracion,2025-05-13T08:06:00Z,1191.2629230202706
SJ-DEV-861,maduracion,86,65,18.7,0,38,29,81,optimal_maduracion,2025-05-29T02:31:00Z,1441.3386504443724
SJ-DEV-1353,maduracion,84,63,18.6,0,32,30,21,k_deficiency_severe,2025-05-03T21:10:00Z,1657.4639862690433
SJ-DEV-482,maduracion,83,64,19.4,0,34,31,80,optimal_maduracion,2025-05-16T12:18:00Z,1270.0877143831847
SJ-DEV-867,maduracion,93,63,17.8,1,36,34,20,k_deficiency_severe,2025-05-14T00:04:00Z,1448.863348089823
SJ-DEV-979,maduracion,84,66,19.6,1,35,30,85,optimal_maduracion,2025-05-01T04:24:00Z,1346.296579497324
SJ-DEV-240,maduracion,81,64,19.6,0,35,25,81,optimal_maduracion,2025-05-28T04:25:00Z,1499.0446220193883
SJ-DEV-803,maduracion,85,64,18.3,0,38,36,74,optimal_maduracion,2025-05-26T05:21:00Z,1531.3657652521604
SJ-DEV-1082,maduracion,85,93,18.7,1,36,30,74,excess_humidity_soil,2025-05-21T08:09:00Z,1350.6769612174326
SJ-DEV-502,maduracion,86,65,17.8,0,31,33,23,k_deficiency_severe,2025-05-04T02:25:00Z,1450.0321800015429
SJ-DEV-610,maduracion,85,64,20.3,0,45,32,71,optimal_maduracion,2025-05-30T14:37:00Z,1263.5939204363488
SJ-DEV-986,maduracion,84,88,20.1,1,36,29,77,excess_humidity_soil,2025-05-24T14:35:00Z,1304.5982749944476
SJ-DEV-212,maduracion,89,66,19.2,1,33,28,20,k_deficiency_severe,2025-05-14T02:17:00Z,1507.725479989349
SJ-DEV-858,maduracion,84,47,18.7,0,32,27,77,water_deficit_maduracion,2025-05-13T21:31:00Z,1242.5304330085512
SJ-DEV-1399,maduracion,87,28,19.2,0,38,32,71,water_deficit_maduracion,2025-05-18T00:04:00Z,1302.3560327669302
SJ-DEV-1114,maduracion,86,97,17.3,1,33,32,79,excess_humidity_soil,2025-05-26T04:22:00Z,1218.043001755596
SJ-DEV-001,maduracion,92,97,19.5,1,30,25,78,excess_humidity_soil,2025-05-23T02:24:00Z,1221.848997257845
SJ-DEV-382,maduracion,86,98,19.2,1,29,29,83,excess_humidity_soil,2025-05-02T20:31:00Z,1442.7797128828431
SJ-DEV-1190,maduracion,88,92,19.1,1,37,34,77,excess_humidity_soil,2025-05-12T12:56:00Z,1140.740724368202
SJ-DEV-672,maduracion,82,66,18.7,1,33,30,85,optimal_maduracion,2025-05-19T09:11:00Z,1659.1051411500657
SJ-DEV-108,maduracion,84,89,19.7,0,36,28,80,excess_humidity_soil,2025-05-15T00:50:00Z,1616.149849369749
SJ-DEV-1225,maduracion,87,49,17.6,0,38,28,85,water_deficit_maduracion,2025-05-26T15:12:00Z,1618.5984549738973
SJ-DEV-916,maduracion,83,67,19.0,0,32,35,78,optimal_maduracion,2025-05-09T11:13:00Z,1442.4304075121504
SJ-DEV-706,maduracion,82,92,18.7,1,30,31,75,excess_humidity_soil,2025-05-28T22:14:00Z,1589.742501165811
SJ-DEV-832,maduracion,92,90,18.7,1,38,30,73,excess_humidity_soil,2025-05-10T21:04:00Z,1143.7387003639924
SJ-DEV-860,maduracion,89,62,19.6,0,34,31,22,k_deficiency_severe,2025-05-25T11:49:00Z,1667.3993491707583
SJ-DEV-815,maduracion,90,63,18.3,0,33,29,21,k_deficiency_severe,2025-05-24T00:49:00Z,1248.324189013912
SJ-DEV-1009,maduracion,85,33,17.4,0,31,35,75,water_deficit_maduracion,2025-05-07T06:08:00Z,1110.2266988664849
SJ-DEV-1222,maduracion,84,36,19.0,0,31,32,81,water_deficit_maduracion,2025-05-13T22:30:00Z,1647.1577537391959
SJ-DEV-306,maduracion,83,63,19.2,0,31,29,79,optimal_maduracion,2025-05-28T01:18:00Z,1290.5639917336791
SJ-DEV-1114,maduracion,83,97,19.7,0,34,34,75,excess_humidity_soil,2025-05-15T18:44:00Z,1665.8879390560478
SJ-DEV-1050,maduracion,87,65,18.7,0,33,32,24,k_deficiency_severe,2025-05-23T21:10:00Z,1633.2171235393905
SJ-DEV-240,maduracion,85,63,18.6,0,32,33,20,k_deficiency_severe,2025-05-31T09:50:00Z,1615.5936080642127
SJ-DEV-201,maduracion,84,65,19.4,0,37,26,21,k_deficiency_severe,2025-05-24T18:38:00Z,1581.7098194394348
SJ-DEV-1218,maduracion,87,63,19.6,0,35,31,84,optimal_maduracion,2025-05-25T23:34:00Z,1445.4101590698656
SJ-DEV-124,maduracion,83,65,19.4,0,37,28,81,optimal_maduracion,2025-05-14T12:11:00Z,1162.5270381804112
SJ-DEV-999,maduracion,85,63,18.5,0,33,30,24,k_deficiency_severe,2025-05-11T14:30:00Z,1508.119120068994
SJ-DEV-225,maduracion,85,40,18.6,0,36,30,79,water_deficit_maduracion,2025-05-11T14:35:00Z,1275.5010355339787
SJ-DEV-629,maduracion,83,97,20.3,1,33,27,83,excess_humidity_soil,2025-05-28T08:27:00Z,1675.900892179783
SJ-DEV-570,maduracion,88,65,19.4,1,35,28,20,k_deficiency_severe,2025-05-19T23:26:00Z,1320.1842951215074
SJ-DEV-530,maduracion,86,63,19.4,1,31,31,77,optimal_maduracion,2025-05-04T00:06:00Z,1190.5352319992887
SJ-DEV-831,maduracion,88,89,19.8,1,37,31,67,excess_humidity_soil,2025-05-20T03:56:00Z,1581.8700312578583
SJ-DEV-906,maduracion,84,67,19.5,0,34,32,82,optimal_maduracion,2025-05-14T23:15:00Z,1293.4552771455337
SJ-DEV-416,maduracion,85,63,18.2,0,38,32,20,k_deficiency_severe,2025-05-10T00:04:00Z,1175.9584570612656
SJ-DEV-1376,maduracion,82,63,19.3,0,38,30,76,optimal_maduracion,2025-05-11T13:37:00Z,1513.1176691337491
SJ-DEV-1276,maduracion,91,65,20.1,0,35,31,25,k_deficiency_severe,2025-05-10T00:28:00Z,1323.7823417390832
SJ-DEV-525,maduracion,85,63,18.7,0,38,33,84,optimal_maduracion,2025-05-30T16:34:00Z,1290.1929687490242
SJ-DEV-656,maduracion,84,35,18.2,0,30,31,83,water_deficit_maduracion,2025-05-07T21:55:00Z,1324.2168833871046
SJ-DEV-1423,maduracion,86,93,18.3,0,35,27,81,excess_humidity_soil,2025-05-31T16:09:00Z,1341.4626802112841
SJ-DEV-249,maduracion,83,41,19.5,0,36,30,78,water_deficit_maduracion,2025-05-10T18:57:00Z,1664.8622202171796
SJ-DEV-895,maduracion,86,64,20.1,0,36,34,18,k_deficiency_severe,2025-05-01T16:33:00Z,1129.8428180459625
SJ-DEV-1463,maduracion,86,66,18.0,0,37,32,26,k_deficiency_severe,2025-05-16T14:38:00Z,1642.0943822617983
SJ-DEV-1149,maduracion,90,97,19.5,0,36,29,75,excess_humidity_soil,2025-05-05T16:37:00Z,1677.3404878255683
SJ-DEV-1213,maduracion,88,31,20.0,0,30,31,86,water_deficit_maduracion,2025-05-27T23:59:00Z,1412.5381912460361
SJ-DEV-297,maduracion,84,33,17.8,0,29,31,80,water_deficit_maduracion,2025-05-14T18:14:00Z,1681.4034295528395
SJ-DEV-783,maduracion,81,67,19.8,0,36,29,79,optimal_maduracion,2025-05-20T23:03:00Z,1631.7744587212114
SJ-DEV-733,maduracion,84,38,19.7,0,37,28,77,water_deficit_maduracion,2025-05-08T03:24:00Z,1163.4026786198708
SJ-DEV-1171,maduracion,84,90,19.4,1,32,35,78,excess_humidity_soil,2025-05-20T18:44:00Z,1517.4611319835753
SJ-DEV-700,maduracion,87,89,19.7,1,34,33,73,excess_humidity_soil,2025-05-07T06:31:00Z,1189.2839790203273
SJ-DEV-292,maduracion,85,89,18.1,1,36,30,75,excess_humidity_soil,2025-05-09T19:18:00Z,1413.8391588934342
SJ-DEV-291,maduracion,86,36,19.1,0,39,29,76,water_deficit_maduracion,2025-05-25T17:21:00Z,1408.5485296104162
SJ-DEV-944,maduracion,84,62,19.1,0,40,22,23,k_deficiency_severe,2025-05-16T05:36:00Z,1197.5472224134085
SJ-DEV-1085,maduracion,86,66,19.8,1,34,33,24,k_deficiency_severe,2025-05-28T02:18:00Z,1367.6919577002527
SJ-DEV-1128,maduracion,85,34,19.4,0,40,32,83,water_deficit_maduracion,2025-05-10T18:48:00Z,1402.788275346499
SJ-DEV-052,maduracion,83,96,17.9,0,39,30,75,excess_humidity_soil,2025-05-20T12:04:00Z,1277.667051838494
SJ-DEV-069,maduracion,85,62,18.7,0,32,28,22,k_deficiency_severe,2025-05-27T21:20:00Z,1105.560625722964
SJ-DEV-1456,maduracion,85,95,17.8,1,35,28,85,excess_humidity_soil,2025-05-26T00:49:00Z,1694.5208200434067
SJ-DEV-665,maduracion,84,63,18.4,0,34,30,81,optimal_maduracion,2025-05-12T10:02:00Z,1320.2929170761715
SJ-DEV-625,maduracion,87,46,19.4,0,32,23,71,water_deficit_maduracion,2025-05-22T12:15:00Z,1684.901482519179
SJ-DEV-585,cosecha,85,67,20.7,0,32,95,58,p_excess,2025-05-20T04:53:00Z,1052.1308959996654
SJ-DEV-1455,cosecha,84,64,20.6,0,33,31,66,optimal_cosecha,2025-05-26T08:10:00Z,1266.722261217716
SJ-DEV-1097,cosecha,84,59,20.7,0,29,76,58,p_excess,2025-05-17T19:27:00Z,1482.4198100428832
SJ-DEV-865,cosecha,81,60,18.8,1,33,25,58,optimal_cosecha,2025-05-11T16:38:00Z,1278.8625709411679
SJ-DEV-335,cosecha,85,41,20.2,0,31,24,64,water_deficit_cosecha,2025-05-12T13:46:00Z,1189.5844375623356
SJ-DEV-243,cosecha,84,62,20.8,0,31,24,57,optimal_cosecha,2025-05-20T15:08:00Z,1025.7888333690164
SJ-DEV-404,cosecha,84,61,20.0,1,32,78,59,p_excess,2025-05-03T11:42:00Z,1221.989529235803
SJ-DEV-053,cosecha,85,60,20.0,0,30,28,59,optimal_cosecha,2025-05-17T04:40:00Z,1000.492084815322
SJ-DEV-1332,cosecha,84,42,19.3,0,30,26,56,water_deficit_cosecha,2025-05-04T19:29:00Z,1489.6047819253656
SJ-DEV-301,cosecha,84,63,17.8,0,96,27,58,n_excess,2025-05-17T20:03:00Z,1101.5263743214114
SJ-DEV-208,cosecha,84,41,18.5,0,32,26,64,water_deficit_cosecha,2025-05-27T08:09:00Z,1192.8032272814175
SJ-DEV-1365,cosecha,84,65,20.8,0,29,28,60,optimal_cosecha,2025-05-16T23:15:00Z,1209.7661834564244
SJ-DEV-1159,cosecha,81,61,20.9,1,31,26,57,optimal_cosecha,2025-05-10T00:51:00Z,1040.9660267071022
SJ-DEV-274,cosecha,85,65,18.2,0,36,82,61,p_excess,2025-05-20T17:11:00Z,1478.2066786380503
SJ-DEV-934,cosecha,84,61,20.1,0,34,26,59,optimal_cosecha,2025-05-19T08:10:00Z,1373.0787303370566
SJ-DEV-838,cosecha,85,29,19.4,0,34,26,59,water_deficit_cosecha,2025-05-05T14:25:00Z,1397.1335735462058
SJ-DEV-389,cosecha,86,67,20.6,0,34,89,61,p_excess,2025-05-19T09:17:00Z,1440.3926160720277
SJ-DEV-629,cosecha,85,63,20.1,0,31,23,58,optimal_cosecha,2025-05-18T23:00:00Z,1155.1745379633774
SJ-DEV-351,cosecha,85,62,21.0,0,93,25,58,n_excess,2025-05-01T23:22:00Z,1280.8731684619397
SJ-DEV-1397,cosecha,80,61,20.1,0,35,31,60,optimal_cosecha,2025-05-29T21:13:00Z,1491.6827089758358
SJ-DEV-670,cosecha,85,65,20.2,0,109,25,60,n_excess,2025-05-22T14:56:00Z,1264.0087845251298
SJ-DEV-1252,cosecha,85,63,19.4,0,93,25,62,n_excess,2025-05-24T16:26:00Z,1270.1131164799237
SJ-DEV-875,cosecha,83,65,21.7,0,35,67,55,p_excess,2025-05-02T13:11:00Z,1207.7523719611936
SJ-DEV-004,cosecha,84,59,21.0,0,33,86,58,p_excess,2025-05-11T14:06:00Z,1387.476187839649
SJ-DEV-483,cosecha,82,41,18.4,0,40,22,60,water_deficit_cosecha,2025-05-30T04:56:00Z,1067.3671443180917
SJ-DEV-1363,cosecha,84,41,19.0,0,28,30,61,water_deficit_cosecha,2025-05-09T15:29:00Z,1184.1629603311133
SJ-DEV-965,cosecha,86,63,21.3,1,29,90,58,p_excess,2025-05-29T07:26:00Z,1164.2653903033404
SJ-DEV-1384,cosecha,82,61,20.1,0,32,32,52,optimal_cosecha,2025-05-25T01:30:00Z,1077.2900660325545
SJ-DEV-300,cosecha,82,61,20.3,0,32,30,56,optimal_cosecha,2025-05-22T23:48:00Z,1274.173540144563
SJ-DEV-465,cosecha,80,62,19.9,1,39,26,55,optimal_cosecha,2025-05-19T10:07:00Z,1075.5907715551816
SJ-DEV-888,cosecha,86,61,20.6,0,34,71,63,p_excess,2025-05-27T22:59:00Z,1353.9333777778104
SJ-DEV-661,cosecha,83,60,19.4,1,37,30,64,optimal_cosecha,2025-05-17T06:34:00Z,1448.4423264131347
SJ-DEV-1278,cosecha,81,63,19.6,1,36,26,55,optimal_cosecha,2025-05-09T02:10:00Z,1282.1708061607962
SJ-DEV-017,cosecha,80,60,20.2,0,35,28,64,optimal_cosecha,2025-05-18T02:31:00Z,1491.952692121075
SJ-DEV-840,cosecha,86,50,18.3,0,31,26,64,water_deficit_cosecha,2025-05-28T21:50:00Z,1051.474259118806
SJ-DEV-1396,cosecha,86,65,19.9,1,110,27,60,n_excess,2025-05-06T19:32:00Z,1320.002824083446
SJ-DEV-467,cosecha,82,60,19.2,1,36,22,58,optimal_cosecha,2025-05-09T17:47:00Z,1235.0532806181786
SJ-DEV-635,cosecha,81,63,19.5,0,31,27,56,optimal_cosecha,2025-05-11T12:44:00Z,1387.6777223142087
SJ-DEV-368,cosecha,82,64,19.5,1,33,21,49,optimal_cosecha,2025-05-20T16:28:00Z,1278.3968215473074
SJ-DEV-631,cosecha,86,30,20.9,0,35,25,53,water_deficit_cosecha,2025-05-29T01:35:00Z,1227.3243538782185
SJ-DEV-510,cosecha,83,58,19.5,0,37,90,58,p_excess,2025-05-04T04:19:00Z,1154.1531893762694
SJ-DEV-987,cosecha,82,63,20.4,0,34,76,62,p_excess,2025-05-30T03:00:00Z,1387.8284331275154
SJ-DEV-116,cosecha,82,49,20.6,0,32,26,53,water_deficit_cosecha,2025-05-09T11:13:00Z,1396.796653294891
SJ-DEV-434,cosecha,86,60,20.2,1,95,24,64,n_excess,2025-05-19T18:33:00Z,1290.6359345305132
SJ-DEV-1033,cosecha,80,61,20.1,0,34,30,60,optimal_cosecha,2025-05-15T23:43:00Z,1475.7825293924993
SJ-DEV-688,cosecha,84,35,19.4,0,31,27,57,water_deficit_cosecha,2025-05-26T15:10:00Z,1419.5641177481748
SJ-DEV-801,cosecha,84,64,20.5,0,33,24,54,optimal_cosecha,2025-05-21T20:48:00Z,1158.442450945198
SJ-DEV-804,cosecha,83,33,20.0,0,36,22,54,water_deficit_cosecha,2025-05-08T04:37:00Z,1385.8761415092615
SJ-DEV-166,cosecha,83,43,21.2,0,34,31,55,water_deficit_cosecha,2025-05-08T04:39:00Z,1042.2331259403581
SJ-DEV-1155,cosecha,84,46,20.8,0,34,23,58,water_deficit_cosecha,2025-05-30T01:27:00Z,1317.3711075485658
SJ-DEV-1442,cosecha,85,67,21.0,1,91,24,59,n_excess,2025-05-15T06:55:00Z,1433.2082281587482
SJ-DEV-1393,cosecha,83,64,19.4,0,35,26,57,optimal_cosecha,2025-05-19T11:33:00Z,1216.1310902199675
SJ-DEV-366,cosecha,83,33,21.1,0,36,23,60,water_deficit_cosecha,2025-05-13T08:23:00Z,1142.0129485351329
SJ-DEV-060,cosecha,82,61,19.5,0,35,24,61,optimal_cosecha,2025-05-05T00:50:00Z,1319.9805471099667
SJ-DEV-889,cosecha,81,63,19.3,0,32,77,56,p_excess,2025-05-10T04:14:00Z,1130.1211751804794
SJ-DEV-334,cosecha,82,28,21.3,0,34,26,59,water_deficit_cosecha,2025-05-06T23:32:00Z,1435.5641845557877
SJ-DEV-928,cosecha,85,61,20.8,1,39,27,66,optimal_cosecha,2025-05-25T18:20:00Z,1433.8666003183735
SJ-DEV-504,cosecha,82,62,20.2,1,34,28,66,optimal_cosecha,2025-05-10T04:29:00Z,1378.5753628783189
SJ-DEV-043,cosecha,85,44,20.1,0,30,27,55,water_deficit_cosecha,2025-05-03T21:15:00Z,1415.2666313046511
SJ-DEV-817,cosecha,81,39,20.4,0,35,22,62,water_deficit_cosecha,2025-05-09T00:26:00Z,1225.9293650497852
SJ-DEV-630,cosecha,84,69,20.7,1,30,81,62,p_excess,2025-05-30T00:03:00Z,1259.936950412299
SJ-DEV-800,cosecha,85,64,22.3,0,39,93,61,p_excess,2025-05-16T07:40:00Z,1454.3251722786722
SJ-DEV-1009,cosecha,86,63,19.8,1,98,31,56,n_excess,2025-05-16T16:57:00Z,1413.1134833888964
SJ-DEV-306,cosecha,85,32,20.4,0,33,22,63,water_deficit_cosecha,2025-05-19T01:39:00Z,1165.6661716436804
SJ-DEV-951,cosecha,85,35,20.0,0,44,26,62,water_deficit_cosecha,2025-05-15T06:56:00Z,1145.3569296479684
SJ-DEV-022,cosecha,82,61,21.4,0,119,24,59,n_excess,2025-05-17T03:03:00Z,1451.651935739391
SJ-DEV-1040,cosecha,81,42,21.7,0,31,24,67,water_deficit_cosecha,2025-05-25T03:41:00Z,1071.6694712509172
SJ-DEV-1140,cosecha,91,61,20.6,0,95,29,64,n_excess,2025-05-29T05:40:00Z,1389.2980191705433
SJ-DEV-130,cosecha,88,65,20.7,0,35,90,61,p_excess,2025-05-03T05:04:00Z,1102.115286288629
SJ-DEV-421,cosecha,81,64,19.9,0,29,29,61,optimal_cosecha,2025-05-25T14:22:00Z,1345.342459300651
SJ-DEV-578,cosecha,82,63,19.5,0,34,91,62,p_excess,2025-05-21T11:03:00Z,1028.7921614969819
SJ-DEV-1259,cosecha,85,69,19.8,0,27,82,59,p_excess,2025-05-07T10:40:00Z,1381.8680177855313
SJ-DEV-102,cosecha,80,64,20.0,0,34,17,63,optimal_cosecha,2025-05-29T16:37:00Z,1191.2370498221944
SJ-DEV-997,cosecha,84,35,20.3,0,37,25,54,water_deficit_cosecha,2025-05-23T05:39:00Z,1478.2323515466483
SJ-DEV-120,cosecha,80,60,19.9,1,30,69,60,p_excess,2025-05-18T00:39:00Z,1297.6770564968867
SJ-DEV-1402,cosecha,85,63,19.8,0,98,28,62,n_excess,2025-05-25T16:07:00Z,1495.6767806773178
SJ-DEV-410,cosecha,85,65,20.1,0,37,90,54,p_excess,2025-05-09T17:30:00Z,1309.7132737162424
SJ-DEV-474,cosecha,84,58,20.8,0,34,87,58,p_excess,2025-05-18T15:52:00Z,1354.625299030923
SJ-DEV-588,cosecha,81,62,19.3,0,28,31,59,optimal_cosecha,2025-05-23T04:32:00Z,1389.2397637534016
SJ-DEV-670,cosecha,83,62,20.0,0,37,29,55,optimal_cosecha,2025-05-24T11:18:00Z,1157.75803544534
SJ-DEV-670,cosecha,85,49,20.5,0,37,34,67,water_deficit_cosecha,2025-05-24T04:24:00Z,1228.6380552779121
SJ-DEV-1099,cosecha,84,61,19.1,1,120,23,61,n_excess,2025-05-21T00:16:00Z,1122.4978096961488
SJ-DEV-214,cosecha,82,64,19.3,0,33,23,63,optimal_cosecha,2025-05-25T14:32:00Z,1253.4709691925445
SJ-DEV-1174,cosecha,81,59,20.1,0,32,68,65,p_excess,2025-05-03T15:33:00Z,1005.2544294091152
SJ-DEV-108,cosecha,81,41,19.4,0,37,27,53,water_deficit_cosecha,2025-05-09T23:32:00Z,1175.7276634324555
SJ-DEV-1131,cosecha,90,60,19.5,0,38,76,53,p_excess,2025-05-19T05:07:00Z,1454.4075767648226
SJ-DEV-688,cosecha,82,42,21.2,0,33,25,59,water_deficit_cosecha,2025-05-03T18:47:00Z,1362.1259272573557
SJ-DEV-1352,cosecha,87,64,20.1,0,34,95,61,p_excess,2025-05-07T22:42:00Z,1463.7544114536925
SJ-DEV-276,cosecha,84,60,18.7,0,101,27,59,n_excess,2025-05-04T14:36:00Z,1422.460450388456
SJ-DEV-279,cosecha,84,63,19.1,1,88,21,62,n_excess,2025-05-27T22:27:00Z,1468.9967706778962
SJ-DEV-997,cosecha,82,62,20.8,1,30,81,64,p_excess,2025-05-24T13:41:00Z,1271.6941503293247
SJ-DEV-918,cosecha,84,40,19.7,0,32,21,62,water_deficit_cosecha,2025-05-13T11:04:00Z,1192.4084482009855
SJ-DEV-1082,cosecha,81,64,20.4,0,32,28,65,optimal_cosecha,2025-05-11T13:31:00Z,1044.233933709235
SJ-DEV-741,cosecha,82,64,19.4,0,35,26,57,optimal_cosecha,2025-05-03T08:31:00Z,1097.696536858066
SJ-DEV-470,cosecha,84,31,20.8,0,34,27,61,water_deficit_cosecha,2025-05-17T16:04:00Z,1339.8566290057088
SJ-DEV-589,cosecha,82,29,21.1,0,35,27,64,water_deficit_cosecha,2025-05-04T04:10:00Z,1405.3911222591403
SJ-DEV-526,cosecha,82,61,18.9,0,29,27,52,optimal_cosecha,2025-05-23T03:55:00Z,1426.569148446722
SJ-DEV-040,cosecha,85,59,20.4,0,103,26,65,n_excess,2025-05-28T11:21:00Z,1474.4190128529435
SJ-DEV-884,cosecha,82,62,18.6,1,32,76,59,p_excess,2025-05-19T15:04:00Z,1318.394706846149
SJ-DEV-1454,cosecha,83,67,20.6,1,35,89,55,p_excess,2025-05-15T08:43:00Z,1346.1827031959597
SJ-DEV-1149,cosecha,83,63,19.7,0,30,27,60,optimal_cosecha,2025-05-20T18:46:00Z,1022.9882465390777
SJ-DEV-1319,cosecha,81,65,20.4,1,103,26,50,n_excess,2025-05-17T04:47:00Z,1218.4073340444352
SJ-DEV-143,cosecha,85,60,19.9,1,114,29,61,n_excess,2025-05-10T15:29:00Z,1346.85534673226
SJ-DEV-743,cosecha,86,63,19.2,0,99,26,59,n_excess,2025-05-17T14:09:00Z,1241.672675469265
SJ-DEV-1256,cosecha,81,63,19.4,1,100,23,58,n_excess,2025-05-27T20:54:00Z,1122.683654092786
SJ-DEV-1143,cosecha,82,62,20.1,1,34,86,61,p_excess,2025-05-31T22:18:00Z,1045.7450963293682
SJ-DEV-1056,cosecha,86,64,20.1,1,103,26,60,n_excess,2025-05-28T11:00:00Z,1071.4374586586298
SJ-DEV-1253,cosecha,87,60,19.7,1,107,22,52,n_excess,2025-05-14T01:10:00Z,1420.6649457170058
SJ-DEV-1126,cosecha,80,60,19.9,1,35,24,63,optimal_cosecha,2025-05-07T09:24:00Z,1186.8074470272222
SJ-DEV-900,cosecha,85,33,19.5,0,35,31,59,water_deficit_cosecha,2025-05-26T23:09:00Z,1372.0464800722818
SJ-DEV-1328,cosecha,84,62,19.8,0,108,27,65,n_excess,2025-05-11T06:04:00Z,1293.651166568505
SJ-DEV-1424,cosecha,80,63,20.6,0,40,26,61,optimal_cosecha,2025-05-17T22:57:00Z,1361.4793927873134
SJ-DEV-896,cosecha,82,32,20.0,0,34,30,56,water_deficit_cosecha,2025-05-19T11:42:00Z,1484.0016017159696
SJ-DEV-048,cosecha,80,63,20.6,0,34,28,59,optimal_cosecha,2025-05-16T11:09:00Z,1188.6004512396573
SJ-DEV-656,cosecha,82,60,21.3,1,99,27,65,n_excess,2025-05-06T07:38:00Z,1473.2129995284588
SJ-DEV-935,cosecha,87,65,20.2,1,102,27,60,n_excess,2025-05-23T02:32:00Z,1051.3659621997663
SJ-DEV-078,cosecha,88,63,18.9,1,89,25,59,n_excess,2025-05-06T07:15:00Z,1350.6382599748888
SJ-DEV-1316,cosecha,89,61,19.9,0,32,71,56,p_excess,2025-05-08T22:51:00Z,1343.6990342719494
SJ-DEV-781,cosecha,86,64,18.8,0,33,92,61,p_excess,2025-05-21T08:34:00Z,1154.483219770759
SJ-DEV-672,cosecha,86,49,18.8,0,35,29,60,water_deficit_cosecha,2025-05-10T16:02:00Z,1322.0582580112305
SJ-DEV-744,cosecha,80,63,20.1,0,41,31,70,optimal_cosecha,2025-05-23T15:27:00Z,1312.8024308898969
SJ-DEV-309,cosecha,85,62,19.3,0,28,30,62,optimal_cosecha,2025-05-02T07:39:00Z,1295.5027373280748
SJ-DEV-1197,cosecha,86,66,21.7,0,34,75,59,p_excess,2025-05-26T12:22:00Z,1475.513922449762
SJ-DEV-1013,cosecha,83,63,20.9,0,32,27,58,optimal_cosecha,2025-05-09T23:52:00Z,1320.9467827702858
SJ-DEV-1412,cosecha,84,61,18.8,0,114,28,59,n_excess,2025-05-25T08:10:00Z,1022.6996346603685
SJ-DEV-407,cosecha,85,37,20.5,0,32,22,64,water_deficit_cosecha,2025-05-07T15:24:00Z,1054.2996120572943
SJ-DEV-787,cosecha,82,60,19.4,1,29,30,54,optimal_cosecha,2025-05-04T13:56:00Z,1089.1379019903238
SJ-DEV-1364,cosecha,83,60,20.4,0,37,83,62,p_excess,2025-05-03T08:54:00Z,1110.0091883920438
SJ-DEV-739,cosecha,84,61,18.7,1,37,29,61,optimal_cosecha,2025-05-22T11:39:00Z,1180.9360391460361
SJ-DEV-1272,cosecha,83,39,19.8,0,31,27,60,water_deficit_cosecha,2025-05-01T07:34:00Z,1277.8123832949282
SJ-DEV-017,cosecha,81,37,19.3,0,36,31,65,water_deficit_cosecha,2025-05-07T05:01:00Z,1389.7261744027658
SJ-DEV-873,cosecha,89,67,20.4,0,91,23,58,n_excess,2025-05-30T16:39:00Z,1037.9958582303445
SJ-DEV-1114,cosecha,84,58,19.4,1,112,27,62,n_excess,2025-05-03T09:08:00Z,1274.1564256600827
SJ-DEV-1263,cosecha,85,41,19.8,0,30,25,60,water_deficit_cosecha,2025-05-16T02:45:00Z,1458.0655035903283
SJ-DEV-924,cosecha,88,62,19.6,1,34,82,59,p_excess,2025-05-09T15:20:00Z,1250.901647380278
SJ-DEV-136,cosecha,84,64,20.3,0,34,31,59,optimal_cosecha,2025-05-28T11:14:00Z,1344.2206999560137
SJ-DEV-1272,cosecha,83,50,18.6,0,32,24,53,water_deficit_cosecha,2025-05-06T21:51:00Z,1409.825940831764
SJ-DEV-971,cosecha,82,45,19.6,0,37,21,70,water_deficit_cosecha,2025-05-16T21:32:00Z,1024.0624005477516
SJ-DEV-1344,cosecha,85,63,20.3,0,36,80,62,p_excess,2025-05-30T09:29:00Z,1265.2669832049905
SJ-DEV-001,cosecha,85,62,20.0,1,30,29,58,optimal_cosecha,2025-05-16T17:00:00Z,1444.1834873600792
SJ-DEV-137,cosecha,86,60,20.7,0,115,29,68,n_excess,2025-05-14T17:29:00Z,1293.3765140242185
SJ-DEV-415,cosecha,87,62,20.9,0,104,22,63,n_excess,2025-05-19T06:10:00Z,1183.398998605673
SJ-DEV-006,cosecha,86,47,18.0,0,35,30,57,water_deficit_cosecha,2025-05-21T11:55:00Z,1368.7287599806773
SJ-DEV-243,cosecha,79,60,20.0,1,28,23,66,optimal_cosecha,2025-05-10T03:47:00Z,1391.7934776511597
SJ-DEV-1434,cosecha,86,63,20.5,0,31,75,59,p_excess,2025-05-26T23:32:00Z,1011.6246413042418
SJ-DEV-1477,cosecha,87,64,19.3,1,107,25,59,n_excess,2025-05-03T19:52:00Z,1130.8125533429375
SJ-DEV-365,cosecha,81,61,20.9,0,34,31,59,optimal_cosecha,2025-05-04T19:30:00Z,1385.6540016378742
SJ-DEV-1024,cosecha,82,46,20.0,0,33,26,62,water_deficit_cosecha,2025-05-31T02:37:00Z,1022.6368280991705
SJ-DEV-1015,cosecha,83,66,20.0,0,31,80,64,p_excess,2025-05-06T17:51:00Z,1289.4188158578904
SJ-DEV-1317,cosecha,81,63,20.7,0,36,25,58,optimal_cosecha,2025-05-18T23:39:00Z,1452.4193511087367
SJ-DEV-824,cosecha,82,65,18.7,0,103,28,74,n_excess,2025-05-02T12:33:00Z,1389.0087056991963
SJ-DEV-848,cosecha,84,68,20.9,1,33,80,66,p_excess,2025-05-23T20:09:00Z,1275.8489516653779
SJ-DEV-1003,cosecha,80,63,21.2,1,26,21,60,optimal_cosecha,2025-05-19T16:20:00Z,1294.6094113245235
SJ-DEV-1352,cosecha,89,64,17.8,1,39,68,63,p_excess,2025-05-06T00:20:00Z,1235.8203945149992
SJ-DEV-1458,cosecha,83,65,20.5,0,32,94,56,p_excess,2025-05-05T08:50:00Z,1007.9124536278334
SJ-DEV-1434,cosecha,82,46,19.8,0,34,25,60,water_deficit_cosecha,2025-05-03T07:12:00Z,1296.6255200018336
SJ-DEV-1427,cosecha,86,69,20.6,0,35,94,59,p_excess,2025-05-16T01:08:00Z,1056.7504347426852
SJ-DEV-989,cosecha,79,61,19.8,0,30,27,58,optimal_cosecha,2025-05-29T14:48:00Z,1379.353287185882
SJ-DEV-1292,cosecha,83,61,19.0,1,36,94,58,p_excess,2025-05-26T08:48:00Z,1455.5004174425023
SJ-DEV-969,cosecha,87,61,20.4,0,33,74,61,p_excess,2025-05-18T08:39:00Z,1435.6788703949633
SJ-DEV-351,cosecha,82,63,20.1,0,34,28,66,optimal_cosecha,2025-05-07T13:49:00Z,1449.7527160317763
SJ-DEV-004,cosecha,83,34,19.0,0,30,25,65,water_deficit_cosecha,2025-05-13T13:13:00Z,1135.909999013732
SJ-DEV-055,cosecha,85,64,20.1,0,36,24,64,optimal_cosecha,2025-05-25T13:23:00Z,1317.7316262466861
SJ-DEV-441,cosecha,82,60,22.4,1,119,26,55,n_excess,2025-05-08T13:43:00Z,1317.6423911044965
SJ-DEV-1272,cosecha,85,72,20.9,0,33,84,59,p_excess,2025-05-19T08:36:00Z,1348.0767131214752
SJ-DEV-599,cosecha,81,67,18.8,0,104,26,52,n_excess,2025-05-17T19:01:00Z,1010.5093089151765
SJ-DEV-1178,cosecha,85,65,19.4,0,32,27,64,optimal_cosecha,2025-05-05T03:44:00Z,1013.9237919234358
SJ-DEV-399,cosecha,84,60,19.7,0,37,24,66,optimal_cosecha,2025-05-22T23:50:00Z,1107.4485840305533
SJ-DEV-1459,cosecha,85,43,19.9,0,39,27,64,water_deficit_cosecha,2025-05-31T03:53:00Z,1154.4415579748759
SJ-DEV-1040,cosecha,82,62,19.8,0,96,27,63,n_excess,2025-05-27T00:22:00Z,1260.4974515878828
SJ-DEV-837,cosecha,85,60,19.0,1,32,26,57,optimal_cosecha,2025-05-21T12:52:00Z,1207.3064067883672
SJ-DEV-1336,cosecha,83,57,19.8,0,106,26,56,n_excess,2025-05-13T00:44:00Z,1076.6959379540122
SJ-DEV-721,cosecha,83,64,20.0,0,113,27,63,n_excess,2025-05-29T12:14:00Z,1489.5971830676945
SJ-DEV-1371,cosecha,84,71,19.2,1,96,30,64,n_excess,2025-05-04T12:06:00Z,1067.4527065367204
SJ-DEV-193,cosecha,85,71,20.0,0,36,74,58,p_excess,2025-05-21T23:57:00Z,1191.5363684425492
SJ-DEV-313,cosecha,82,62,19.3,0,32,88,60,p_excess,2025-05-16T07:53:00Z,1214.4652546490777
SJ-DEV-006,cosecha,82,61,20.4,0,31,24,62,optimal_cosecha,2025-05-03T17:44:00Z,1124.6432095283858
SJ-DEV-280,cosecha,85,68,18.8,1,30,79,64,p_excess,2025-05-25T18:13:00Z,1206.6503166004456
SJ-DEV-1077,cosecha,82,64,21.2,0,35,23,64,optimal_cosecha,2025-05-30T17:58:00Z,1277.1172178561737
SJ-DEV-448,cosecha,82,34,21.2,0,33,27,61,water_deficit_cosecha,2025-05-02T18:23:00Z,1372.018547514645
SJ-DEV-143,cosecha,84,41,19.8,0,36,27,61,water_deficit_cosecha,2025-05-15T11:10:00Z,1435.3816865550318
SJ-DEV-238,cosecha,86,64,20.8,1,95,24,55,n_excess,2025-05-08T08:14:00Z,1066.210989450935
SJ-DEV-721,cosecha,90,65,19.6,0,34,66,56,p_excess,2025-05-23T09:13:00Z,1105.348593738399
SJ-DEV-414,cosecha,82,62,19.3,0,37,25,55,optimal_cosecha,2025-05-24T10:00:00Z,1129.2707968065308
SJ-DEV-700,cosecha,85,64,20.1,0,35,82,63,p_excess,2025-05-20T14:44:00Z,1319.0906274867157
SJ-DEV-1011,cosecha,82,47,19.7,0,35,24,63,water_deficit_cosecha,2025-05-03T20:14:00Z,1363.9337309799844
SJ-DEV-874,cosecha,81,61,19.6,1,35,77,62,p_excess,2025-05-13T14:08:00Z,1379.2883978852067
SJ-DEV-1495,cosecha,80,62,20.4,1,36,20,65,optimal_cosecha,2025-05-21T21:37:00Z,1024.109161633452
SJ-DEV-862,cosecha,86,62,20.3,0,99,25,62,n_excess,2025-05-19T21:44:00Z,1287.0757316657273
SJ-DEV-979,cosecha,84,62,20.0,0,33,27,62,optimal_cosecha,2025-05-25T20:06:00Z,1395.0562073026847
SJ-DEV-373,cosecha,86,66,19.6,0,42,73,61,p_excess,2025-05-08T13:38:00Z,1197.5832644940285
SJ-DEV-040,cosecha,85,32,20.5,0,31,26,62,water_deficit_cosecha,2025-05-29T20:13:00Z,1131.9573929503251
SJ-DEV-866,cosecha,82,60,19.4,0,35,27,56,optimal_cosecha,2025-05-14T20:21:00Z,1491.5954957308616
SJ-DEV-179,cosecha,82,62,19.3,1,33,21,59,optimal_cosecha,2025-05-15T13:39:00Z,1133.7870533725384
SJ-DEV-600,cosecha,84,60,18.2,1,38,91,57,p_excess,2025-05-31T15:52:00Z,1148.8688992953078
SJ-DEV-1434,cosecha,84,66,20.0,0,107,27,58,n_excess,2025-05-31T11:19:00Z,1128.6316447282784
SJ-DEV-710,cosecha,81,65,20.6,1,39,66,57,p_excess,2025-05-03T10:47:00Z,1316.7883108399242
SJ-DEV-032,cosecha,84,62,20.0,0,31,28,61,optimal_cosecha,2025-05-06T14:10:00Z,1004.6332245051472
SJ-DEV-1033,cosecha,83,66,20.2,0,39,82,63,p_excess,2025-05-25T19:07:00Z,1259.6206407818518
SJ-DEV-985,cosecha,88,62,19.1,0,34,74,51,p_excess,2025-05-19T18:53:00Z,1416.5070921947413
SJ-DEV-1271,cosecha,84,42,19.6,0,39,26,60,water_deficit_cosecha,2025-05-11T08:27:00Z,1040.2286685989488
SJ-DEV-778,cosecha,82,44,20.2,0,32,26,53,water_deficit_cosecha,2025-05-05T16:30:00Z,1333.0144921698845
SJ-DEV-278,cosecha,80,64,20.2,0,34,23,56,optimal_cosecha,2025-05-06T06:50:00Z,1223.0108804449144
SJ-DEV-353,cosecha,83,46,20.9,0,36,26,65,water_deficit_cosecha,2025-05-08T15:20:00Z,1470.920680714858
SJ-DEV-368,cosecha,81,62,21.4,0,34,26,63,optimal_cosecha,2025-05-26T10:38:00Z,1388.699442362981
SJ-DEV-440,cosecha,87,63,19.4,0,32,85,63,p_excess,2025-05-25T01:22:00Z,1435.3159630374632
SJ-DEV-1077,cosecha,86,49,20.0,0,36,24,63,water_deficit_cosecha,2025-05-13T21:36:00Z,1471.2415461672267
SJ-DEV-670,cosecha,85,63,20.1,0,33,26,70,optimal_cosecha,2025-05-17T10:42:00Z,1296.958755983077
SJ-DEV-718,cosecha,85,59,19.8,0,33,86,67,p_excess,2025-05-10T21:21:00Z,1083.617462196681
SJ-DEV-665,cosecha,83,64,19.6,1,35,25,64,optimal_cosecha,2025-05-14T19:36:00Z,1165.629301663851
SJ-DEV-858,cosecha,81,62,19.7,1,30,19,55,optimal_cosecha,2025-05-12T12:56:00Z,1196.9437697192907
SJ-DEV-828,cosecha,87,60,20.0,1,32,89,64,p_excess,2025-05-19T11:15:00Z,1301.9328794411126
SJ-DEV-1472,cosecha,84,63,20.5,0,103,28,54,n_excess,2025-05-12T10:41:00Z,1099.2472911346292
SJ-DEV-1485,cosecha,86,63,19.2,0,39,94,59,p_excess,2025-05-12T17:36:00Z,1459.1868511919465
SJ-DEV-943,cosecha,87,65,20.8,1,34,92,57,p_excess,2025-05-05T04:11:00Z,1437.1937040925468
SJ-DEV-1103,cosecha,83,42,18.8,0,37,33,62,water_deficit_cosecha,2025-05-10T05:01:00Z,1447.079148935427
SJ-DEV-917,cosecha,86,59,20.0,0,36,92,64,p_excess,2025-05-10T04:25:00Z,1307.777699149287
SJ-DEV-445,cosecha,85,63,19.6,0,38,93,56,p_excess,2025-05-25T15:45:00Z,1442.7497875110755
SJ-DEV-1039,cosecha,84,46,21.6,0,36,27,64,water_deficit_cosecha,2025-05-19T04:58:00Z,1329.640395205773
SJ-DEV-510,cosecha,86,65,19.2,0,103,29,63,n_excess,2025-05-01T15:47:00Z,1203.488877694208
SJ-DEV-673,cosecha,85,63,19.1,0,96,22,60,n_excess,2025-05-13T00:45:00Z,1099.2165071234585
SJ-DEV-591,cosecha,85,63,22.5,0,28,66,62,p_excess,2025-05-14T11:20:00Z,1431.6419536250717
SJ-DEV-860,cosecha,79,61,20.6,1,33,22,56,optimal_cosecha,2025-05-12T21:20:00Z,1020.0944766842927
SJ-DEV-248,cosecha,84,61,18.4,0,31,28,59,optimal_cosecha,2025-05-31T06:21:00Z,1459.0755223167973
SJ-DEV-526,cosecha,87,63,19.4,1,32,90,64,p_excess,2025-05-17T17:56:00Z,1399.4616825394007
SJ-DEV-1396,cosecha,87,63,21.0,1,104,25,58,n_excess,2025-05-25T03:49:00Z,1296.4784097907186
SJ-DEV-1422,cosecha,81,62,19.7,1,32,95,60,p_excess,2025-05-07T19:16:00Z,1247.2837958076457
SJ-DEV-525,cosecha,84,48,19.0,0,35,26,66,water_deficit_cosecha,2025-05-11T03:37:00Z,1337.6507122732103
SJ-DEV-421,cosecha,87,64,20.8,0,37,72,56,p_excess,2025-05-13T13:18:00Z,1189.0685783857268
SJ-DEV-359,cosecha,85,64,20.3,0,36,25,55,optimal_cosecha,2025-05-04T12:56:00Z,1120.8574306477176
SJ-DEV-1208,cosecha,83,29,20.2,0,30,24,57,water_deficit_cosecha,2025-05-01T12:21:00Z,1184.760556972696
SJ-DEV-1484,cosecha,85,62,18.8,1,36,68,59,p_excess,2025-05-25T11:29:00Z,1127.6281331447117
SJ-DEV-741,cosecha,87,68,20.6,1,100,31,50,n_excess,2025-05-31T14:39:00Z,1221.6915983208005
SJ-DEV-792,cosecha,83,61,20.8,1,25,22,62,optimal_cosecha,2025-05-15T04:54:00Z,1352.0314972979072
SJ-DEV-1403,cosecha,85,59,19.6,0,90,29,64,n_excess,2025-05-17T04:44:00Z,1044.8166797285242
SJ-DEV-1494,cosecha,81,66,21.6,1,37,85,61,p_excess,2025-05-18T07:46:00Z,1214.3034459789712
SJ-DEV-728,cosecha,86,68,19.3,0,36,86,61,p_excess,2025-05-29T07:15:00Z,1213.0106619834796
SJ-DEV-771,cosecha,84,39,20.9,0,36,30,62,water_deficit_cosecha,2025-05-05T19:15:00Z,1152.067316121419
SJ-DEV-050,cosecha,84,66,19.7,1,89,26,63,n_excess,2025-05-10T22:35:00Z,1280.197560184295
SJ-DEV-1063,cosecha,83,62,19.9,0,34,23,67,optimal_cosecha,2025-05-09T18:47:00Z,1237.28520202866
SJ-DEV-896,cosecha,80,60,21.0,0,32,26,59,optimal_cosecha,2025-05-14T21:11:00Z,1374.4899206003815
SJ-DEV-779,cosecha,86,33,21.4,0,37,23,67,water_deficit_cosecha,2025-05-30T16:47:00Z,1468.8941137751626
SJ-DEV-585,cosecha,88,64,18.8,0,114,27,56,n_excess,2025-05-31T06:09:00Z,1452.6660372305244
SJ-DEV-1241,cosecha,85,63,20.5,0,32,70,60,p_excess,2025-05-31T17:55:00Z,1203.8755106199962
SJ-DEV-822,cosecha,86,60,20.5,0,103,21,58,n_excess,2025-05-22T13:55:00Z,1180.0943550748361
SJ-DEV-1175,cosecha,82,65,19.1,1,32,29,54,optimal_cosecha,2025-05-15T12:08:00Z,1257.5718361406657
SJ-DEV-362,cosecha,89,66,19.7,0,114,24,63,n_excess,2025-05-01T04:36:00Z,1204.0872725435997
SJ-DEV-744,cosecha,81,61,19.5,0,105,30,52,n_excess,2025-05-29T02:07:00Z,1197.1377012342673
SJ-DEV-655,cosecha,84,30,20.6,0,27,25,59,water_deficit_cosecha,2025-05-13T10:55:00Z,1142.6647567771652
SJ-DEV-1186,cosecha,84,48,20.2,0,26,22,57,water_deficit_cosecha,2025-05-10T08:33:00Z,1322.3476086922842
SJ-DEV-1263,cosecha,89,62,21.7,0,120,24,63,n_excess,2025-05-16T01:17:00Z,1083.2877691006365
SJ-DEV-649,cosecha,85,62,20.3,0,112,25,61,n_excess,2025-05-10T05:37:00Z,1272.233533480888
SJ-DEV-1172,cosecha,83,35,18.7,0,37,26,60,water_deficit_cosecha,2025-05-13T18:00:00Z,1389.4773186119824
SJ-DEV-660,cosecha,89,57,19.0,0,117,22,59,n_excess,2025-05-29T03:22:00Z,1133.7488438952164
SJ-DEV-353,cosecha,79,62,18.9,0,33,22,58,optimal_cosecha,2025-05-27T04:20:00Z,1111.6291836005394
SJ-DEV-101,cosecha,86,66,18.8,0,113,26,72,n_excess,2025-05-09T10:18:00Z,1035.390741815384
SJ-DEV-439,cosecha,84,64,19.5,1,32,29,59,optimal_cosecha,2025-05-09T08:44:00Z,1047.2432619440178
SJ-DEV-840,cosecha,79,61,18.9,0,29,28,69,optimal_cosecha,2025-05-22T22:40:00Z,1446.3153945332183
SJ-DEV-1084,cosecha,84,45,19.6,0,36,30,54,water_deficit_cosecha,2025-05-07T17:26:00Z,1339.2628887212086
SJ-DEV-425,cosecha,83,65,18.6,0,116,31,58,n_excess,2025-05-28T05:12:00Z,1018.107316021511
SJ-DEV-718,cosecha,88,62,20.7,0,38,88,55,p_excess,2025-05-07T23:22:00Z,1481.203156929009
SJ-DEV-1441,cosecha,82,31,18.1,0,32,26,66,water_deficit_cosecha,2025-05-10T22:39:00Z,1219.609959821679
SJ-DEV-1082,cosecha,83,64,19.4,0,31,92,61,p_excess,2025-05-04T08:07:00Z,1006.5754705909716
SJ-DEV-567,cosecha,83,64,21.1,0,33,32,61,optimal_cosecha,2025-05-29T12:43:00Z,1420.1158156400093
SJ-DEV-344,cosecha,80,64,19.7,0,34,29,62,optimal_cosecha,2025-05-30T17:13:00Z,1023.8940860895428
SJ-DEV-195,cosecha,83,31,19.8,0,34,27,61,water_deficit_cosecha,2025-05-25T21:44:00Z,1428.9055992323688
SJ-DEV-591,cosecha,81,61,20.1,1,34,93,63,p_excess,2025-05-05T20:06:00Z,1228.419406949333
SJ-DEV-612,cosecha,81,41,18.2,0,37,23,57,water_deficit_cosecha,2025-05-16T16:56:00Z,1455.3279423937956
SJ-DEV-077,cosecha,88,63,20.8,1,37,84,59,p_excess,2025-05-05T11:46:00Z,1400.8334898177588
SJ-DEV-023,cosecha,82,61,21.1,0,28,30,60,optimal_cosecha,2025-05-25T06:12:00Z,1288.2373548412143
SJ-DEV-348,cosecha,82,61,19.9,1,32,30,66,optimal_cosecha,2025-05-27T05:14:00Z,1491.82683750974
SJ-DEV-1053,cosecha,83,59,20.2,1,32,66,55,p_excess,2025-05-01T10:46:00Z,1447.0104296049515
SJ-DEV-1333,cosecha,85,66,21.4,0,43,77,58,p_excess,2025-05-04T19:24:00Z,1288.208340263218
SJ-DEV-1417,cosecha,85,37,21.1,0,39,26,63,water_deficit_cosecha,2025-05-26T04:43:00Z,1023.7060074263838
SJ-DEV-543,cosecha,86,46,20.5,0,40,26,63,water_deficit_cosecha,2025-05-12T19:32:00Z,1335.2723575441998
SJ-DEV-1341,cosecha,81,64,20.2,1,40,29,65,optimal_cosecha,2025-05-25T09:35:00Z,1076.1612597560327
SJ-DEV-1018,cosecha,79,63,20.1,0,36,26,64,optimal_cosecha,2025-05-16T22:17:00Z,1050.3366475044345
SJ-DEV-899,cosecha,83,60,21.1,0,37,28,60,optimal_cosecha,2025-05-13T01:09:00Z,1150.2955314588253
SJ-DEV-979,cosecha,84,58,19.8,1,33,82,64,p_excess,2025-05-25T10:48:00Z,1388.9739821193982
SJ-DEV-496,cosecha,84,57,21.0,1,33,82,60,p_excess,2025-05-16T23:38:00Z,1414.7724143452688
