mean_fit_time,std_fit_time,mean_score_time,std_score_time,param_clf,param_clf__class_weight,param_clf__criterion,param_clf__max_depth,param_clf__max_features,param_clf__min_samples_leaf,param_clf__min_samples_split,param_clf__n_estimators,param_sampler,params,split0_test_score,split1_test_score,split2_test_score,split3_test_score,mean_test_score,std_test_score,rank_test_score
40.5943198800087,3.493030012208319,6.04057115316391,1.2740687858261572,"RandomForestClassifier(class_weight='balanced_subsample', n_estimators=900,
                       n_jobs=-1, random_state=42)",balanced_subsample,gini,,,1,2,900,"RandomOverSampler(random_state=42,
                  sampling_strategy={'excess_humidity_soil': 220,
                                     'fungal_risk_botrytis_floracion': 220,
                                     'fungal_risk_ojo_gallo_maduracion': 220,
                                     'fungal_risk_roya_vegetativo': 220,
                                     'k_excess': 220,
                                     'p_deficiency_moderate': 220,
                                     'pest_risk_broca_fructificacion': 220,
                                     'water_deficit_cosecha': 220,
                                     'water_deficit_maduracion': 220,
                                     'water_deficit_plantula': 220})","{'clf': RandomForestClassifier(class_weight='balanced_subsample', n_estimators=900,
                       n_jobs=-1, random_state=42), 'clf__class_weight': 'balanced_subsample', 'clf__criterion': 'gini', 'clf__max_depth': None, 'clf__max_features': None, 'clf__min_samples_leaf': 1, 'clf__min_samples_split': 2, 'clf__n_estimators': 900, 'sampler': RandomOverSampler(random_state=42,
                  sampling_strategy={'excess_humidity_soil': 220,
                                     'fungal_risk_botrytis_floracion': 220,
                                     'fungal_risk_ojo_gallo_maduracion': 220,
                                     'fungal_risk_roya_vegetativo': 220,
                                     'k_excess': 220,
                                     'p_deficiency_moderate': 220,
                                     'pest_risk_broca_fructificacion': 220,
                                     'water_deficit_cosecha': 220,
                                     'water_deficit_maduracion': 220,
                                     'water_deficit_plantula': 220})}",0.9494058300221655,0.8460957816755272,0.9096313716182608,0.9769375075624178,0.9205176227195928,0.049180414837268975,9
52.14334326982498,0.9763498433403965,3.0387688279151917,0.06567391728574125,"RandomForestClassifier(class_weight='balanced_subsample', n_estimators=900,
                       n_jobs=-1, random_state=42)",balanced_subsample,gini,,,1,2,900,"SMOTE(k_neighbors=1, random_state=42,
      sampling_strategy={'excess_humidity_soil': 220,
                         'fungal_risk_botrytis_floracion': 220,
                         'fungal_risk_ojo_gallo_maduracion': 220,
                         'fungal_risk_roya_vegetativo': 220, 'k_excess': 220,
                         'p_deficiency_moderate': 220,
                         'pest_risk_broca_fructificacion': 220,
                         'water_deficit_cosecha': 220,
                         'water_deficit_maduracion': 220,
                         'water_deficit_plantula': 220})","{'clf': RandomForestClassifier(class_weight='balanced_subsample', n_estimators=900,
                       n_jobs=-1, random_state=42), 'clf__class_weight': 'balanced_subsample', 'clf__criterion': 'gini', 'clf__max_depth': None, 'clf__max_features': None, 'clf__min_samples_leaf': 1, 'clf__min_samples_split': 2, 'clf__n_estimators': 900, 'sampler': SMOTE(k_neighbors=1, random_state=42,
      sampling_strategy={'excess_humidity_soil': 220,
                         'fungal_risk_botrytis_floracion': 220,
                         'fungal_risk_ojo_gallo_maduracion': 220,
                         'fungal_risk_roya_vegetativo': 220, 'k_excess': 220,
                         'p_deficiency_moderate': 220,
                         'pest_risk_broca_fructificacion': 220,
                         'water_deficit_cosecha': 220,
                         'water_deficit_maduracion': 220,
                         'water_deficit_plantula': 220})}",0.9582885909905021,0.88691679473259,0.867557004019385,0.9567911091079562,0.9173883747126084,0.04073415600283413,17
47.03641015291214,0.5275906990099042,3.622307538986206,0.19697126100731957,"RandomForestClassifier(class_weight='balanced_subsample', n_estimators=900,
                       n_jobs=-1, random_state=42)",balanced_subsample,gini,,,2,2,900,"RandomOverSampler(random_state=42,
                  sampling_strategy={'excess_humidity_soil': 220,
                                     'fungal_risk_botrytis_floracion': 220,
                                     'fungal_risk_ojo_gallo_maduracion': 220,
                                     'fungal_risk_roya_vegetativo': 220,
                                     'k_excess': 220,
                                     'p_deficiency_moderate': 220,
                                     'pest_risk_broca_fructificacion': 220,
                                     'water_deficit_cosecha': 220,
                                     'water_deficit_maduracion': 220,
                                     'water_deficit_plantula': 220})","{'clf': RandomForestClassifier(class_weight='balanced_subsample', n_estimators=900,
                       n_jobs=-1, random_state=42), 'clf__class_weight': 'balanced_subsample', 'clf__criterion': 'gini', 'clf__max_depth': None, 'clf__max_features': None, 'clf__min_samples_leaf': 2, 'clf__min_samples_split': 2, 'clf__n_estimators': 900, 'sampler': RandomOverSampler(random_state=42,
                  sampling_strategy={'excess_humidity_soil': 220,
                                     'fungal_risk_botrytis_floracion': 220,
                                     'fungal_risk_ojo_gallo_maduracion': 220,
                                     'fungal_risk_roya_vegetativo': 220,
                                     'k_excess': 220,
                                     'p_deficiency_moderate': 220,
                                     'pest_risk_broca_fructificacion': 220,
                                     'water_deficit_cosecha': 220,
                                     'water_deficit_maduracion': 220,
                                     'water_deficit_plantula': 220})}",0.9471493703720133,0.8471355677731632,0.9045406221663458,0.9793963711886385,0.9195554828750402,0.04952889229232954,13
56.82491362094879,1.555252832638572,4.1428157687187195,0.4649215669635299,"RandomForestClassifier(class_weight='balanced_subsample', n_estimators=900,
                       n_jobs=-1, random_state=42)",balanced_subsample,gini,,,2,2,900,"SMOTE(k_neighbors=1, random_state=42,
      sampling_strategy={'excess_humidity_soil': 220,
                         'fungal_risk_botrytis_floracion': 220,
                         'fungal_risk_ojo_gallo_maduracion': 220,
                         'fungal_risk_roya_vegetativo': 220, 'k_excess': 220,
                         'p_deficiency_moderate': 220,
                         'pest_risk_broca_fructificacion': 220,
                         'water_deficit_cosecha': 220,
                         'water_deficit_maduracion': 220,
                         'water_deficit_plantula': 220})","{'clf': RandomForestClassifier(class_weight='balanced_subsample', n_estimators=900,
                       n_jobs=-1, random_state=42), 'clf__class_weight': 'balanced_subsample', 'clf__criterion': 'gini', 'clf__max_depth': None, 'clf__max_features': None, 'clf__min_samples_leaf': 2, 'clf__min_samples_split': 2, 'clf__n_estimators': 900, 'sampler': SMOTE(k_neighbors=1, random_state=42,
      sampling_strategy={'excess_humidity_soil': 220,
                         'fungal_risk_botrytis_floracion': 220,
                         'fungal_risk_ojo_gallo_maduracion': 220,
                         'fungal_risk_roya_vegetativo': 220, 'k_excess': 220,
                         'p_deficiency_moderate': 220,
                         'pest_risk_broca_fructificacion': 220,
                         'water_deficit_cosecha': 220,
                         'water_deficit_maduracion': 220,
                         'water_deficit_plantula': 220})}",0.9585439570395762,0.8868202547264115,0.8448280339654767,0.9543797014089541,0.9111429867851046,0.04771146019248928,27
50.33706194162369,0.4336534782090065,4.777192294597626,0.3292934666340922,"RandomForestClassifier(class_weight='balanced_subsample', n_estimators=900,
                       n_jobs=-1, random_state=42)",balanced_subsample,gini,32,,1,2,900,"RandomOverSampler(random_state=42,
                  sampling_strategy={'excess_humidity_soil': 220,
                                     'fungal_risk_botrytis_floracion': 220,
                                     'fungal_risk_ojo_gallo_maduracion': 220,
                                     'fungal_risk_roya_vegetativo': 220,
                                     'k_excess': 220,
                                     'p_deficiency_moderate': 220,
                                     'pest_risk_broca_fructificacion': 220,
                                     'water_deficit_cosecha': 220,
                                     'water_deficit_maduracion': 220,
                                     'water_deficit_plantula': 220})","{'clf': RandomForestClassifier(class_weight='balanced_subsample', n_estimators=900,
                       n_jobs=-1, random_state=42), 'clf__class_weight': 'balanced_subsample', 'clf__criterion': 'gini', 'clf__max_depth': 32, 'clf__max_features': None, 'clf__min_samples_leaf': 1, 'clf__min_samples_split': 2, 'clf__n_estimators': 900, 'sampler': RandomOverSampler(random_state=42,
                  sampling_strategy={'excess_humidity_soil': 220,
                                     'fungal_risk_botrytis_floracion': 220,
                                     'fungal_risk_ojo_gallo_maduracion': 220,
                                     'fungal_risk_roya_vegetativo': 220,
                                     'k_excess': 220,
                                     'p_deficiency_moderate': 220,
                                     'pest_risk_broca_fructificacion': 220,
                                     'water_deficit_cosecha': 220,
                                     'water_deficit_maduracion': 220,
                                     'water_deficit_plantula': 220})}",0.9494058300221655,0.8460957816755272,0.9096313716182608,0.9769375075624178,0.9205176227195928,0.049180414837268975,9
55.246673464775085,0.8324542487653928,4.52445924282074,1.418934332434354,"RandomForestClassifier(class_weight='balanced_subsample', n_estimators=900,
                       n_jobs=-1, random_state=42)",balanced_subsample,gini,32,,1,2,900,"SMOTE(k_neighbors=1, random_state=42,
      sampling_strategy={'excess_humidity_soil': 220,
                         'fungal_risk_botrytis_floracion': 220,
                         'fungal_risk_ojo_gallo_maduracion': 220,
                         'fungal_risk_roya_vegetativo': 220, 'k_excess': 220,
                         'p_deficiency_moderate': 220,
                         'pest_risk_broca_fructificacion': 220,
                         'water_deficit_cosecha': 220,
                         'water_deficit_maduracion': 220,
                         'water_deficit_plantula': 220})","{'clf': RandomForestClassifier(class_weight='balanced_subsample', n_estimators=900,
                       n_jobs=-1, random_state=42), 'clf__class_weight': 'balanced_subsample', 'clf__criterion': 'gini', 'clf__max_depth': 32, 'clf__max_features': None, 'clf__min_samples_leaf': 1, 'clf__min_samples_split': 2, 'clf__n_estimators': 900, 'sampler': SMOTE(k_neighbors=1, random_state=42,
      sampling_strategy={'excess_humidity_soil': 220,
                         'fungal_risk_botrytis_floracion': 220,
                         'fungal_risk_ojo_gallo_maduracion': 220,
                         'fungal_risk_roya_vegetativo': 220, 'k_excess': 220,
                         'p_deficiency_moderate': 220,
                         'pest_risk_broca_fructificacion': 220,
                         'water_deficit_cosecha': 220,
                         'water_deficit_maduracion': 220,
                         'water_deficit_plantula': 220})}",0.9582885909905021,0.88691679473259,0.867557004019385,0.9567911091079562,0.9173883747126084,0.04073415600283413,17
43.59065043926239,0.6077291047125235,7.268979430198669,0.5669996617654911,"RandomForestClassifier(class_weight='balanced_subsample', n_estimators=900,
                       n_jobs=-1, random_state=42)",balanced_subsample,gini,32,,2,2,900,"RandomOverSampler(random_state=42,
                  sampling_strategy={'excess_humidity_soil': 220,
                                     'fungal_risk_botrytis_floracion': 220,
                                     'fungal_risk_ojo_gallo_maduracion': 220,
                                     'fungal_risk_roya_vegetativo': 220,
                                     'k_excess': 220,
                                     'p_deficiency_moderate': 220,
                                     'pest_risk_broca_fructificacion': 220,
                                     'water_deficit_cosecha': 220,
                                     'water_deficit_maduracion': 220,
                                     'water_deficit_plantula': 220})","{'clf': RandomForestClassifier(class_weight='balanced_subsample', n_estimators=900,
                       n_jobs=-1, random_state=42), 'clf__class_weight': 'balanced_subsample', 'clf__criterion': 'gini', 'clf__max_depth': 32, 'clf__max_features': None, 'clf__min_samples_leaf': 2, 'clf__min_samples_split': 2, 'clf__n_estimators': 900, 'sampler': RandomOverSampler(random_state=42,
                  sampling_strategy={'excess_humidity_soil': 220,
                                     'fungal_risk_botrytis_floracion': 220,
                                     'fungal_risk_ojo_gallo_maduracion': 220,
                                     'fungal_risk_roya_vegetativo': 220,
                                     'k_excess': 220,
                                     'p_deficiency_moderate': 220,
                                     'pest_risk_broca_fructificacion': 220,
                                     'water_deficit_cosecha': 220,
                                     'water_deficit_maduracion': 220,
                                     'water_deficit_plantula': 220})}",0.9471493703720133,0.8471355677731632,0.9045406221663458,0.9793963711886385,0.9195554828750402,0.04952889229232954,13
53.45296800136566,1.8252470111144705,5.698553442955017,1.100702390001915,"RandomForestClassifier(class_weight='balanced_subsample', n_estimators=900,
                       n_jobs=-1, random_state=42)",balanced_subsample,gini,32,,2,2,900,"SMOTE(k_neighbors=1, random_state=42,
      sampling_strategy={'excess_humidity_soil': 220,
                         'fungal_risk_botrytis_floracion': 220,
                         'fungal_risk_ojo_gallo_maduracion': 220,
                         'fungal_risk_roya_vegetativo': 220, 'k_excess': 220,
                         'p_deficiency_moderate': 220,
                         'pest_risk_broca_fructificacion': 220,
                         'water_deficit_cosecha': 220,
                         'water_deficit_maduracion': 220,
                         'water_deficit_plantula': 220})","{'clf': RandomForestClassifier(class_weight='balanced_subsample', n_estimators=900,
                       n_jobs=-1, random_state=42), 'clf__class_weight': 'balanced_subsample', 'clf__criterion': 'gini', 'clf__max_depth': 32, 'clf__max_features': None, 'clf__min_samples_leaf': 2, 'clf__min_samples_split': 2, 'clf__n_estimators': 900, 'sampler': SMOTE(k_neighbors=1, random_state=42,
      sampling_strategy={'excess_humidity_soil': 220,
                         'fungal_risk_botrytis_floracion': 220,
                         'fungal_risk_ojo_gallo_maduracion': 220,
                         'fungal_risk_roya_vegetativo': 220, 'k_excess': 220,
                         'p_deficiency_moderate': 220,
                         'pest_risk_broca_fructificacion': 220,
                         'water_deficit_cosecha': 220,
                         'water_deficit_maduracion': 220,
                         'water_deficit_plantula': 220})}",0.9585439570395762,0.8868202547264115,0.8448280339654767,0.9543797014089541,0.9111429867851046,0.04771146019248928,27
112.84054172039032,2.6961306039129256,8.214582800865173,1.0030524777286791,"RandomForestClassifier(class_weight='balanced_subsample', n_estimators=900,
                       n_jobs=-1, random_state=42)",balanced_subsample,entropy,,,1,2,900,"RandomOverSampler(random_state=42,
                  sampling_strategy={'excess_humidity_soil': 220,
                                     'fungal_risk_botrytis_floracion': 220,
                                     'fungal_risk_ojo_gallo_maduracion': 220,
                                     'fungal_risk_roya_vegetativo': 220,
                                     'k_excess': 220,
                                     'p_deficiency_moderate': 220,
                                     'pest_risk_broca_fructificacion': 220,
                                     'water_deficit_cosecha': 220,
                                     'water_deficit_maduracion': 220,
                                     'water_deficit_plantula': 220})","{'clf': RandomForestClassifier(class_weight='balanced_subsample', n_estimators=900,
                       n_jobs=-1, random_state=42), 'clf__class_weight': 'balanced_subsample', 'clf__criterion': 'entropy', 'clf__max_depth': None, 'clf__max_features': None, 'clf__min_samples_leaf': 1, 'clf__min_samples_split': 2, 'clf__n_estimators': 900, 'sampler': RandomOverSampler(random_state=42,
                  sampling_strategy={'excess_humidity_soil': 220,
                                     'fungal_risk_botrytis_floracion': 220,
                                     'fungal_risk_ojo_gallo_maduracion': 220,
                                     'fungal_risk_roya_vegetativo': 220,
                                     'k_excess': 220,
                                     'p_deficiency_moderate': 220,
                                     'pest_risk_broca_fructificacion': 220,
                                     'water_deficit_cosecha': 220,
                                     'water_deficit_maduracion': 220,
                                     'water_deficit_plantula': 220})}",0.9056689427285758,0.856393664991145,0.8977131773352437,0.8251172360033086,0.8712232552645682,0.03253422473325515,71
145.48174262046814,0.9226254338936636,5.271528780460358,0.3149186704568601,"RandomForestClassifier(class_weight='balanced_subsample', n_estimators=900,
                       n_jobs=-1, random_state=42)",balanced_subsample,entropy,,,1,2,900,"SMOTE(k_neighbors=1, random_state=42,
      sampling_strategy={'excess_humidity_soil': 220,
                         'fungal_risk_botrytis_floracion': 220,
                         'fungal_risk_ojo_gallo_maduracion': 220,
                         'fungal_risk_roya_vegetativo': 220, 'k_excess': 220,
                         'p_deficiency_moderate': 220,
                         'pest_risk_broca_fructificacion': 220,
                         'water_deficit_cosecha': 220,
                         'water_deficit_maduracion': 220,
                         'water_deficit_plantula': 220})","{'clf': RandomForestClassifier(class_weight='balanced_subsample', n_estimators=900,
                       n_jobs=-1, random_state=42), 'clf__class_weight': 'balanced_subsample', 'clf__criterion': 'entropy', 'clf__max_depth': None, 'clf__max_features': None, 'clf__min_samples_leaf': 1, 'clf__min_samples_split': 2, 'clf__n_estimators': 900, 'sampler': SMOTE(k_neighbors=1, random_state=42,
      sampling_strategy={'excess_humidity_soil': 220,
                         'fungal_risk_botrytis_floracion': 220,
                         'fungal_risk_ojo_gallo_maduracion': 220,
                         'fungal_risk_roya_vegetativo': 220, 'k_excess': 220,
                         'p_deficiency_moderate': 220,
                         'pest_risk_broca_fructificacion': 220,
                         'water_deficit_cosecha': 220,
                         'water_deficit_maduracion': 220,
                         'water_deficit_plantula': 220})}",0.9234140739535878,0.8986274051047854,0.9070081588622664,0.8607001990466786,0.8974374592418296,0.023007743592705646,37
124.37437450885773,2.036177070231849,7.696895360946655,1.350140069537851,"RandomForestClassifier(class_weight='balanced_subsample', n_estimators=900,
                       n_jobs=-1, random_state=42)",balanced_subsample,entropy,,,2,2,900,"RandomOverSampler(random_state=42,
                  sampling_strategy={'excess_humidity_soil': 220,
                                     'fungal_risk_botrytis_floracion': 220,
                                     'fungal_risk_ojo_gallo_maduracion': 220,
                                     'fungal_risk_roya_vegetativo': 220,
                                     'k_excess': 220,
                                     'p_deficiency_moderate': 220,
                                     'pest_risk_broca_fructificacion': 220,
                                     'water_deficit_cosecha': 220,
                                     'water_deficit_maduracion': 220,
                                     'water_deficit_plantula': 220})","{'clf': RandomForestClassifier(class_weight='balanced_subsample', n_estimators=900,
                       n_jobs=-1, random_state=42), 'clf__class_weight': 'balanced_subsample', 'clf__criterion': 'entropy', 'clf__max_depth': None, 'clf__max_features': None, 'clf__min_samples_leaf': 2, 'clf__min_samples_split': 2, 'clf__n_estimators': 900, 'sampler': RandomOverSampler(random_state=42,
                  sampling_strategy={'excess_humidity_soil': 220,
                                     'fungal_risk_botrytis_floracion': 220,
                                     'fungal_risk_ojo_gallo_maduracion': 220,
                                     'fungal_risk_roya_vegetativo': 220,
                                     'k_excess': 220,
                                     'p_deficiency_moderate': 220,
                                     'pest_risk_broca_fructificacion': 220,
                                     'water_deficit_cosecha': 220,
                                     'water_deficit_maduracion': 220,
                                     'water_deficit_plantula': 220})}",0.9137942877767276,0.8539844179467635,0.898511321857803,0.8233987068370526,0.8724221836045867,0.035831364107635044,69
148.00285303592682,1.4904624598239542,5.021779894828796,0.468175126193636,"RandomForestClassifier(class_weight='balanced_subsample', n_estimators=900,
                       n_jobs=-1, random_state=42)",balanced_subsample,entropy,,,2,2,900,"SMOTE(k_neighbors=1, random_state=42,
      sampling_strategy={'excess_humidity_soil': 220,
                         'fungal_risk_botrytis_floracion': 220,
                         'fungal_risk_ojo_gallo_maduracion': 220,
                         'fungal_risk_roya_vegetativo': 220, 'k_excess': 220,
                         'p_deficiency_moderate': 220,
                         'pest_risk_broca_fructificacion': 220,
                         'water_deficit_cosecha': 220,
                         'water_deficit_maduracion': 220,
                         'water_deficit_plantula': 220})","{'clf': RandomForestClassifier(class_weight='balanced_subsample', n_estimators=900,
                       n_jobs=-1, random_state=42), 'clf__class_weight': 'balanced_subsample', 'clf__criterion': 'entropy', 'clf__max_depth': None, 'clf__max_features': None, 'clf__min_samples_leaf': 2, 'clf__min_samples_split': 2, 'clf__n_estimators': 900, 'sampler': SMOTE(k_neighbors=1, random_state=42,
      sampling_strategy={'excess_humidity_soil': 220,
                         'fungal_risk_botrytis_floracion': 220,
                         'fungal_risk_ojo_gallo_maduracion': 220,
                         'fungal_risk_roya_vegetativo': 220, 'k_excess': 220,
                         'p_deficiency_moderate': 220,
                         'pest_risk_broca_fructificacion': 220,
                         'water_deficit_cosecha': 220,
                         'water_deficit_maduracion': 220,
                         'water_deficit_plantula': 220})}",0.9181202575779395,0.8905239759789821,0.9070081588622664,0.8562159855866495,0.8929670945014593,0.023379723777877583,47
121.62214601039886,2.7664368645782975,5.300399422645569,0.6470229718125518,"RandomForestClassifier(class_weight='balanced_subsample', n_estimators=900,
                       n_jobs=-1, random_state=42)",balanced_subsample,entropy,32,,1,2,900,"RandomOverSampler(random_state=42,
                  sampling_strategy={'excess_humidity_soil': 220,
                                     'fungal_risk_botrytis_floracion': 220,
                                     'fungal_risk_ojo_gallo_maduracion': 220,
                                     'fungal_risk_roya_vegetativo': 220,
                                     'k_excess': 220,
                                     'p_deficiency_moderate': 220,
                                     'pest_risk_broca_fructificacion': 220,
                                     'water_deficit_cosecha': 220,
                                     'water_deficit_maduracion': 220,
                                     'water_deficit_plantula': 220})","{'clf': RandomForestClassifier(class_weight='balanced_subsample', n_estimators=900,
                       n_jobs=-1, random_state=42), 'clf__class_weight': 'balanced_subsample', 'clf__criterion': 'entropy', 'clf__max_depth': 32, 'clf__max_features': None, 'clf__min_samples_leaf': 1, 'clf__min_samples_split': 2, 'clf__n_estimators': 900, 'sampler': RandomOverSampler(random_state=42,
                  sampling_strategy={'excess_humidity_soil': 220,
                                     'fungal_risk_botrytis_floracion': 220,
                                     'fungal_risk_ojo_gallo_maduracion': 220,
                                     'fungal_risk_roya_vegetativo': 220,
                                     'k_excess': 220,
                                     'p_deficiency_moderate': 220,
                                     'pest_risk_broca_fructificacion': 220,
                                     'water_deficit_cosecha': 220,
                                     'water_deficit_maduracion': 220,
                                     'water_deficit_plantula': 220})}",0.9056689427285758,0.856393664991145,0.8977131773352437,0.8251172360033086,0.8712232552645682,0.03253422473325515,71
154.83848959207535,0.7552702702757542,4.46231997013092,0.15009199391216588,"RandomForestClassifier(class_weight='balanced_subsample', n_estimators=900,
                       n_jobs=-1, random_state=42)",balanced_subsample,entropy,32,,1,2,900,"SMOTE(k_neighbors=1, random_state=42,
      sampling_strategy={'excess_humidity_soil': 220,
                         'fungal_risk_botrytis_floracion': 220,
                         'fungal_risk_ojo_gallo_maduracion': 220,
                         'fungal_risk_roya_vegetativo': 220, 'k_excess': 220,
                         'p_deficiency_moderate': 220,
                         'pest_risk_broca_fructificacion': 220,
                         'water_deficit_cosecha': 220,
                         'water_deficit_maduracion': 220,
                         'water_deficit_plantula': 220})","{'clf': RandomForestClassifier(class_weight='balanced_subsample', n_estimators=900,
                       n_jobs=-1, random_state=42), 'clf__class_weight': 'balanced_subsample', 'clf__criterion': 'entropy', 'clf__max_depth': 32, 'clf__max_features': None, 'clf__min_samples_leaf': 1, 'clf__min_samples_split': 2, 'clf__n_estimators': 900, 'sampler': SMOTE(k_neighbors=1, random_state=42,
      sampling_strategy={'excess_humidity_soil': 220,
                         'fungal_risk_botrytis_floracion': 220,
                         'fungal_risk_ojo_gallo_maduracion': 220,
                         'fungal_risk_roya_vegetativo': 220, 'k_excess': 220,
                         'p_deficiency_moderate': 220,
                         'pest_risk_broca_fructificacion': 220,
                         'water_deficit_cosecha': 220,
                         'water_deficit_maduracion': 220,
                         'water_deficit_plantula': 220})}",0.9234140739535878,0.8986274051047854,0.9070081588622664,0.8607001990466786,0.8974374592418296,0.023007743592705646,37
119.02975231409073,0.5052380540256117,4.639943361282349,0.6143861253299043,"RandomForestClassifier(class_weight='balanced_subsample', n_estimators=900,
                       n_jobs=-1, random_state=42)",balanced_subsample,entropy,32,,2,2,900,"RandomOverSampler(random_state=42,
                  sampling_strategy={'excess_humidity_soil': 220,
                                     'fungal_risk_botrytis_floracion': 220,
                                     'fungal_risk_ojo_gallo_maduracion': 220,
                                     'fungal_risk_roya_vegetativo': 220,
                                     'k_excess': 220,
                                     'p_deficiency_moderate': 220,
                                     'pest_risk_broca_fructificacion': 220,
                                     'water_deficit_cosecha': 220,
                                     'water_deficit_maduracion': 220,
                                     'water_deficit_plantula': 220})","{'clf': RandomForestClassifier(class_weight='balanced_subsample', n_estimators=900,
                       n_jobs=-1, random_state=42), 'clf__class_weight': 'balanced_subsample', 'clf__criterion': 'entropy', 'clf__max_depth': 32, 'clf__max_features': None, 'clf__min_samples_leaf': 2, 'clf__min_samples_split': 2, 'clf__n_estimators': 900, 'sampler': RandomOverSampler(random_state=42,
                  sampling_strategy={'excess_humidity_soil': 220,
                                     'fungal_risk_botrytis_floracion': 220,
                                     'fungal_risk_ojo_gallo_maduracion': 220,
                                     'fungal_risk_roya_vegetativo': 220,
                                     'k_excess': 220,
                                     'p_deficiency_moderate': 220,
                                     'pest_risk_broca_fructificacion': 220,
                                     'water_deficit_cosecha': 220,
                                     'water_deficit_maduracion': 220,
                                     'water_deficit_plantula': 220})}",0.9137942877767276,0.8539844179467635,0.898511321857803,0.8233987068370526,0.8724221836045867,0.035831364107635044,69
139.39209949970245,4.342071192512982,3.3938225507736206,0.9097275502318074,"RandomForestClassifier(class_weight='balanced_subsample', n_estimators=900,
                       n_jobs=-1, random_state=42)",balanced_subsample,entropy,32,,2,2,900,"SMOTE(k_neighbors=1, random_state=42,
      sampling_strategy={'excess_humidity_soil': 220,
                         'fungal_risk_botrytis_floracion': 220,
                         'fungal_risk_ojo_gallo_maduracion': 220,
                         'fungal_risk_roya_vegetativo': 220, 'k_excess': 220,
                         'p_deficiency_moderate': 220,
                         'pest_risk_broca_fructificacion': 220,
                         'water_deficit_cosecha': 220,
                         'water_deficit_maduracion': 220,
                         'water_deficit_plantula': 220})","{'clf': RandomForestClassifier(class_weight='balanced_subsample', n_estimators=900,
                       n_jobs=-1, random_state=42), 'clf__class_weight': 'balanced_subsample', 'clf__criterion': 'entropy', 'clf__max_depth': 32, 'clf__max_features': None, 'clf__min_samples_leaf': 2, 'clf__min_samples_split': 2, 'clf__n_estimators': 900, 'sampler': SMOTE(k_neighbors=1, random_state=42,
      sampling_strategy={'excess_humidity_soil': 220,
                         'fungal_risk_botrytis_floracion': 220,
                         'fungal_risk_ojo_gallo_maduracion': 220,
                         'fungal_risk_roya_vegetativo': 220, 'k_excess': 220,
                         'p_deficiency_moderate': 220,
                         'pest_risk_broca_fructificacion': 220,
                         'water_deficit_cosecha': 220,
                         'water_deficit_maduracion': 220,
                         'water_deficit_plantula': 220})}",0.9181202575779395,0.8905239759789821,0.9070081588622664,0.8562159855866495,0.8929670945014593,0.023379723777877583,47
48.389367163181305,0.6723562177385104,3.213424324989319,0.052217242022158,"RandomForestClassifier(class_weight='balanced_subsample', n_estimators=900,
                       n_jobs=-1, random_state=42)",balanced,gini,,,1,2,900,"RandomOverSampler(random_state=42,
                  sampling_strategy={'excess_humidity_soil': 220,
                                     'fungal_risk_botrytis_floracion': 220,
                                     'fungal_risk_ojo_gallo_maduracion': 220,
                                     'fungal_risk_roya_vegetativo': 220,
                                     'k_excess': 220,
                                     'p_deficiency_moderate': 220,
                                     'pest_risk_broca_fructificacion': 220,
                                     'water_deficit_cosecha': 220,
                                     'water_deficit_maduracion': 220,
                                     'water_deficit_plantula': 220})","{'clf': RandomForestClassifier(class_weight='balanced_subsample', n_estimators=900,
                       n_jobs=-1, random_state=42), 'clf__class_weight': 'balanced', 'clf__criterion': 'gini', 'clf__max_depth': None, 'clf__max_features': None, 'clf__min_samples_leaf': 1, 'clf__min_samples_split': 2, 'clf__n_estimators': 900, 'sampler': RandomOverSampler(random_state=42,
                  sampling_strategy={'excess_humidity_soil': 220,
                                     'fungal_risk_botrytis_floracion': 220,
                                     'fungal_risk_ojo_gallo_maduracion': 220,
                                     'fungal_risk_roya_vegetativo': 220,
                                     'k_excess': 220,
                                     'p_deficiency_moderate': 220,
                                     'pest_risk_broca_fructificacion': 220,
                                     'water_deficit_cosecha': 220,
                                     'water_deficit_maduracion': 220,
                                     'water_deficit_plantula': 220})}",0.9450021661778492,0.8531691166223454,0.9165486312933762,0.9781509929945693,0.923217726772035,0.04594428733941817,7
55.20605480670929,2.050734886661352,1.5642462968826294,0.581874915766426,"RandomForestClassifier(class_weight='balanced_subsample', n_estimators=900,
                       n_jobs=-1, random_state=42)",balanced,gini,,,1,2,900,"SMOTE(k_neighbors=1, random_state=42,
      sampling_strategy={'excess_humidity_soil': 220,
                         'fungal_risk_botrytis_floracion': 220,
                         'fungal_risk_ojo_gallo_maduracion': 220,
                         'fungal_risk_roya_vegetativo': 220, 'k_excess': 220,
                         'p_deficiency_moderate': 220,
                         'pest_risk_broca_fructificacion': 220,
                         'water_deficit_cosecha': 220,
                         'water_deficit_maduracion': 220,
                         'water_deficit_plantula': 220})","{'clf': RandomForestClassifier(class_weight='balanced_subsample', n_estimators=900,
                       n_jobs=-1, random_state=42), 'clf__class_weight': 'balanced', 'clf__criterion': 'gini', 'clf__max_depth': None, 'clf__max_features': None, 'clf__min_samples_leaf': 1, 'clf__min_samples_split': 2, 'clf__n_estimators': 900, 'sampler': SMOTE(k_neighbors=1, random_state=42,
      sampling_strategy={'excess_humidity_soil': 220,
                         'fungal_risk_botrytis_floracion': 220,
                         'fungal_risk_ojo_gallo_maduracion': 220,
                         'fungal_risk_roya_vegetativo': 220, 'k_excess': 220,
                         'p_deficiency_moderate': 220,
                         'pest_risk_broca_fructificacion': 220,
                         'water_deficit_cosecha': 220,
                         'water_deficit_maduracion': 220,
                         'water_deficit_plantula': 220})}",0.9558329769842551,0.915372194906243,0.8682361790813612,0.9777207399343935,0.9292905227265632,0.04174727698928279,3
47.72837781906128,0.6229822277151421,1.549646258354187,0.1644626850428132,"RandomForestClassifier(class_weight='balanced_subsample', n_estimators=900,
                       n_jobs=-1, random_state=42)",balanced,gini,,,2,2,900,"RandomOverSampler(random_state=42,
                  sampling_strategy={'excess_humidity_soil': 220,
                                     'fungal_risk_botrytis_floracion': 220,
                                     'fungal_risk_ojo_gallo_maduracion': 220,
                                     'fungal_risk_roya_vegetativo': 220,
                                     'k_excess': 220,
                                     'p_deficiency_moderate': 220,
                                     'pest_risk_broca_fructificacion': 220,
                                     'water_deficit_cosecha': 220,
                                     'water_deficit_maduracion': 220,
                                     'water_deficit_plantula': 220})","{'clf': RandomForestClassifier(class_weight='balanced_subsample', n_estimators=900,
                       n_jobs=-1, random_state=42), 'clf__class_weight': 'balanced', 'clf__criterion': 'gini', 'clf__max_depth': None, 'clf__max_features': None, 'clf__min_samples_leaf': 2, 'clf__min_samples_split': 2, 'clf__n_estimators': 900, 'sampler': RandomOverSampler(random_state=42,
                  sampling_strategy={'excess_humidity_soil': 220,
                                     'fungal_risk_botrytis_floracion': 220,
                                     'fungal_risk_ojo_gallo_maduracion': 220,
                                     'fungal_risk_roya_vegetativo': 220,
                                     'k_excess': 220,
                                     'p_deficiency_moderate': 220,
                                     'pest_risk_broca_fructificacion': 220,
                                     'water_deficit_cosecha': 220,
                                     'water_deficit_maduracion': 220,
                                     'water_deficit_plantula': 220})}",0.9564517638756467,0.8529769194878299,0.9122962015674921,0.9602404860391519,0.9204913427425301,0.0432969512990813,11
50.929428815841675,0.8009070143026538,2.5555701851844788,0.5210164205209131,"RandomForestClassifier(class_weight='balanced_subsample', n_estimators=900,
                       n_jobs=-1, random_state=42)",balanced,gini,,,2,2,900,"SMOTE(k_neighbors=1, random_state=42,
      sampling_strategy={'excess_humidity_soil': 220,
                         'fungal_risk_botrytis_floracion': 220,
                         'fungal_risk_ojo_gallo_maduracion': 220,
                         'fungal_risk_roya_vegetativo': 220, 'k_excess': 220,
                         'p_deficiency_moderate': 220,
                         'pest_risk_broca_fructificacion': 220,
                         'water_deficit_cosecha': 220,
                         'water_deficit_maduracion': 220,
                         'water_deficit_plantula': 220})","{'clf': RandomForestClassifier(class_weight='balanced_subsample', n_estimators=900,
                       n_jobs=-1, random_state=42), 'clf__class_weight': 'balanced', 'clf__criterion': 'gini', 'clf__max_depth': None, 'clf__max_features': None, 'clf__min_samples_leaf': 2, 'clf__min_samples_split': 2, 'clf__n_estimators': 900, 'sampler': SMOTE(k_neighbors=1, random_state=42,
      sampling_strategy={'excess_humidity_soil': 220,
                         'fungal_risk_botrytis_floracion': 220,
                         'fungal_risk_ojo_gallo_maduracion': 220,
                         'fungal_risk_roya_vegetativo': 220, 'k_excess': 220,
                         'p_deficiency_moderate': 220,
                         'pest_risk_broca_fructificacion': 220,
                         'water_deficit_cosecha': 220,
                         'water_deficit_maduracion': 220,
                         'water_deficit_plantula': 220})}",0.9438825308830161,0.9152765220219644,0.8928547661567491,0.9777207399343935,0.9324336397490307,0.03179171462398322,1
44.04284471273422,0.510037123292946,4.311079740524292,0.13436759348659894,"RandomForestClassifier(class_weight='balanced_subsample', n_estimators=900,
                       n_jobs=-1, random_state=42)",balanced,gini,32,,1,2,900,"RandomOverSampler(random_state=42,
                  sampling_strategy={'excess_humidity_soil': 220,
                                     'fungal_risk_botrytis_floracion': 220,
                                     'fungal_risk_ojo_gallo_maduracion': 220,
                                     'fungal_risk_roya_vegetativo': 220,
                                     'k_excess': 220,
                                     'p_deficiency_moderate': 220,
                                     'pest_risk_broca_fructificacion': 220,
                                     'water_deficit_cosecha': 220,
                                     'water_deficit_maduracion': 220,
                                     'water_deficit_plantula': 220})","{'clf': RandomForestClassifier(class_weight='balanced_subsample', n_estimators=900,
                       n_jobs=-1, random_state=42), 'clf__class_weight': 'balanced', 'clf__criterion': 'gini', 'clf__max_depth': 32, 'clf__max_features': None, 'clf__min_samples_leaf': 1, 'clf__min_samples_split': 2, 'clf__n_estimators': 900, 'sampler': RandomOverSampler(random_state=42,
                  sampling_strategy={'excess_humidity_soil': 220,
                                     'fungal_risk_botrytis_floracion': 220,
                                     'fungal_risk_ojo_gallo_maduracion': 220,
                                     'fungal_risk_roya_vegetativo': 220,
                                     'k_excess': 220,
                                     'p_deficiency_moderate': 220,
                                     'pest_risk_broca_fructificacion': 220,
                                     'water_deficit_cosecha': 220,
                                     'water_deficit_maduracion': 220,
                                     'water_deficit_plantula': 220})}",0.9450021661778492,0.8531691166223454,0.9165486312933762,0.9781509929945693,0.923217726772035,0.04594428733941817,7
52.3051723241806,0.30283686936146487,3.692256212234497,0.4287722124992878,"RandomForestClassifier(class_weight='balanced_subsample', n_estimators=900,
                       n_jobs=-1, random_state=42)",balanced,gini,32,,1,2,900,"SMOTE(k_neighbors=1, random_state=42,
      sampling_strategy={'excess_humidity_soil': 220,
                         'fungal_risk_botrytis_floracion': 220,
                         'fungal_risk_ojo_gallo_maduracion': 220,
                         'fungal_risk_roya_vegetativo': 220, 'k_excess': 220,
                         'p_deficiency_moderate': 220,
                         'pest_risk_broca_fructificacion': 220,
                         'water_deficit_cosecha': 220,
                         'water_deficit_maduracion': 220,
                         'water_deficit_plantula': 220})","{'clf': RandomForestClassifier(class_weight='balanced_subsample', n_estimators=900,
                       n_jobs=-1, random_state=42), 'clf__class_weight': 'balanced', 'clf__criterion': 'gini', 'clf__max_depth': 32, 'clf__max_features': None, 'clf__min_samples_leaf': 1, 'clf__min_samples_split': 2, 'clf__n_estimators': 900, 'sampler': SMOTE(k_neighbors=1, random_state=42,
      sampling_strategy={'excess_humidity_soil': 220,
                         'fungal_risk_botrytis_floracion': 220,
                         'fungal_risk_ojo_gallo_maduracion': 220,
                         'fungal_risk_roya_vegetativo': 220, 'k_excess': 220,
                         'p_deficiency_moderate': 220,
                         'pest_risk_broca_fructificacion': 220,
                         'water_deficit_cosecha': 220,
                         'water_deficit_maduracion': 220,
                         'water_deficit_plantula': 220})}",0.9558329769842551,0.915372194906243,0.8682361790813612,0.9777207399343935,0.9292905227265632,0.04174727698928279,3
38.34394329786301,0.5262804460647755,4.421199858188629,0.22667104250816023,"RandomForestClassifier(class_weight='balanced_subsample', n_estimators=900,
                       n_jobs=-1, random_state=42)",balanced,gini,32,,2,2,900,"RandomOverSampler(random_state=42,
                  sampling_strategy={'excess_humidity_soil': 220,
                                     'fungal_risk_botrytis_floracion': 220,
                                     'fungal_risk_ojo_gallo_maduracion': 220,
                                     'fungal_risk_roya_vegetativo': 220,
                                     'k_excess': 220,
                                     'p_deficiency_moderate': 220,
                                     'pest_risk_broca_fructificacion': 220,
                                     'water_deficit_cosecha': 220,
                                     'water_deficit_maduracion': 220,
                                     'water_deficit_plantula': 220})","{'clf': RandomForestClassifier(class_weight='balanced_subsample', n_estimators=900,
                       n_jobs=-1, random_state=42), 'clf__class_weight': 'balanced', 'clf__criterion': 'gini', 'clf__max_depth': 32, 'clf__max_features': None, 'clf__min_samples_leaf': 2, 'clf__min_samples_split': 2, 'clf__n_estimators': 900, 'sampler': RandomOverSampler(random_state=42,
                  sampling_strategy={'excess_humidity_soil': 220,
                                     'fungal_risk_botrytis_floracion': 220,
                                     'fungal_risk_ojo_gallo_maduracion': 220,
                                     'fungal_risk_roya_vegetativo': 220,
                                     'k_excess': 220,
                                     'p_deficiency_moderate': 220,
                                     'pest_risk_broca_fructificacion': 220,
                                     'water_deficit_cosecha': 220,
                                     'water_deficit_maduracion': 220,
                                     'water_deficit_plantula': 220})}",0.9564517638756467,0.8529769194878299,0.9122962015674921,0.9602404860391519,0.9204913427425301,0.0432969512990813,11
52.58990150690079,1.1145754978697258,4.71132892370224,0.26509297750193633,"RandomForestClassifier(class_weight='balanced_subsample', n_estimators=900,
                       n_jobs=-1, random_state=42)",balanced,gini,32,,2,2,900,"SMOTE(k_neighbors=1, random_state=42,
      sampling_strategy={'excess_humidity_soil': 220,
                         'fungal_risk_botrytis_floracion': 220,
                         'fungal_risk_ojo_gallo_maduracion': 220,
                         'fungal_risk_roya_vegetativo': 220, 'k_excess': 220,
                         'p_deficiency_moderate': 220,
                         'pest_risk_broca_fructificacion': 220,
                         'water_deficit_cosecha': 220,
                         'water_deficit_maduracion': 220,
                         'water_deficit_plantula': 220})","{'clf': RandomForestClassifier(class_weight='balanced_subsample', n_estimators=900,
                       n_jobs=-1, random_state=42), 'clf__class_weight': 'balanced', 'clf__criterion': 'gini', 'clf__max_depth': 32, 'clf__max_features': None, 'clf__min_samples_leaf': 2, 'clf__min_samples_split': 2, 'clf__n_estimators': 900, 'sampler': SMOTE(k_neighbors=1, random_state=42,
      sampling_strategy={'excess_humidity_soil': 220,
                         'fungal_risk_botrytis_floracion': 220,
                         'fungal_risk_ojo_gallo_maduracion': 220,
                         'fungal_risk_roya_vegetativo': 220, 'k_excess': 220,
                         'p_deficiency_moderate': 220,
                         'pest_risk_broca_fructificacion': 220,
                         'water_deficit_cosecha': 220,
                         'water_deficit_maduracion': 220,
                         'water_deficit_plantula': 220})}",0.9438825308830161,0.9152765220219644,0.8928547661567491,0.9777207399343935,0.9324336397490307,0.03179171462398322,1
115.88118296861649,1.2598252600779143,4.915241897106171,0.3699520846137958,"RandomForestClassifier(class_weight='balanced_subsample', n_estimators=900,
                       n_jobs=-1, random_state=42)",balanced,entropy,,,1,2,900,"RandomOverSampler(random_state=42,
                  sampling_strategy={'excess_humidity_soil': 220,
                                     'fungal_risk_botrytis_floracion': 220,
                                     'fungal_risk_ojo_gallo_maduracion': 220,
                                     'fungal_risk_roya_vegetativo': 220,
                                     'k_excess': 220,
                                     'p_deficiency_moderate': 220,
                                     'pest_risk_broca_fructificacion': 220,
                                     'water_deficit_cosecha': 220,
                                     'water_deficit_maduracion': 220,
                                     'water_deficit_plantula': 220})","{'clf': RandomForestClassifier(class_weight='balanced_subsample', n_estimators=900,
                       n_jobs=-1, random_state=42), 'clf__class_weight': 'balanced', 'clf__criterion': 'entropy', 'clf__max_depth': None, 'clf__max_features': None, 'clf__min_samples_leaf': 1, 'clf__min_samples_split': 2, 'clf__n_estimators': 900, 'sampler': RandomOverSampler(random_state=42,
                  sampling_strategy={'excess_humidity_soil': 220,
                                     'fungal_risk_botrytis_floracion': 220,
                                     'fungal_risk_ojo_gallo_maduracion': 220,
                                     'fungal_risk_roya_vegetativo': 220,
                                     'k_excess': 220,
                                     'p_deficiency_moderate': 220,
                                     'pest_risk_broca_fructificacion': 220,
                                     'water_deficit_cosecha': 220,
                                     'water_deficit_maduracion': 220,
                                     'water_deficit_plantula': 220})}",0.9150485790578856,0.8581365014523055,0.8994858765958007,0.8310367371620282,0.8759269235670051,0.03323084467273179,63
146.8780905008316,1.2056434343153566,2.9601981043815613,0.11672291368825546,"RandomForestClassifier(class_weight='balanced_subsample', n_estimators=900,
                       n_jobs=-1, random_state=42)",balanced,entropy,,,1,2,900,"SMOTE(k_neighbors=1, random_state=42,
      sampling_strategy={'excess_humidity_soil': 220,
                         'fungal_risk_botrytis_floracion': 220,
                         'fungal_risk_ojo_gallo_maduracion': 220,
                         'fungal_risk_roya_vegetativo': 220, 'k_excess': 220,
                         'p_deficiency_moderate': 220,
                         'pest_risk_broca_fructificacion': 220,
                         'water_deficit_cosecha': 220,
                         'water_deficit_maduracion': 220,
                         'water_deficit_plantula': 220})","{'clf': RandomForestClassifier(class_weight='balanced_subsample', n_estimators=900,
                       n_jobs=-1, random_state=42), 'clf__class_weight': 'balanced', 'clf__criterion': 'entropy', 'clf__max_depth': None, 'clf__max_features': None, 'clf__min_samples_leaf': 1, 'clf__min_samples_split': 2, 'clf__n_estimators': 900, 'sampler': SMOTE(k_neighbors=1, random_state=42,
      sampling_strategy={'excess_humidity_soil': 220,
                         'fungal_risk_botrytis_floracion': 220,
                         'fungal_risk_ojo_gallo_maduracion': 220,
                         'fungal_risk_roya_vegetativo': 220, 'k_excess': 220,
                         'p_deficiency_moderate': 220,
                         'pest_risk_broca_fructificacion': 220,
                         'water_deficit_cosecha': 220,
                         'water_deficit_maduracion': 220,
                         'water_deficit_plantula': 220})}",0.9264516056171257,0.8985882157640056,0.9104742185584661,0.8607001990466786,0.8990535597465691,0.024250160758337753,33
122.58118110895157,1.4489257339201063,4.566279828548431,0.6382882221446676,"RandomForestClassifier(class_weight='balanced_subsample', n_estimators=900,
                       n_jobs=-1, random_state=42)",balanced,entropy,,,2,2,900,"RandomOverSampler(random_state=42,
                  sampling_strategy={'excess_humidity_soil': 220,
                                     'fungal_risk_botrytis_floracion': 220,
                                     'fungal_risk_ojo_gallo_maduracion': 220,
                                     'fungal_risk_roya_vegetativo': 220,
                                     'k_excess': 220,
                                     'p_deficiency_moderate': 220,
                                     'pest_risk_broca_fructificacion': 220,
                                     'water_deficit_cosecha': 220,
                                     'water_deficit_maduracion': 220,
                                     'water_deficit_plantula': 220})","{'clf': RandomForestClassifier(class_weight='balanced_subsample', n_estimators=900,
                       n_jobs=-1, random_state=42), 'clf__class_weight': 'balanced', 'clf__criterion': 'entropy', 'clf__max_depth': None, 'clf__max_features': None, 'clf__min_samples_leaf': 2, 'clf__min_samples_split': 2, 'clf__n_estimators': 900, 'sampler': RandomOverSampler(random_state=42,
                  sampling_strategy={'excess_humidity_soil': 220,
                                     'fungal_risk_botrytis_floracion': 220,
                                     'fungal_risk_ojo_gallo_maduracion': 220,
                                     'fungal_risk_roya_vegetativo': 220,
                                     'k_excess': 220,
                                     'p_deficiency_moderate': 220,
                                     'pest_risk_broca_fructificacion': 220,
                                     'water_deficit_cosecha': 220,
                                     'water_deficit_maduracion': 220,
                                     'water_deficit_plantula': 220})}",0.91399788975338,0.8557272544079239,0.9024953877439736,0.8261005628283823,0.874580273683415,0.03549197356460606,67
148.21043115854263,1.9733594650260549,4.863734185695648,0.40605019140600873,"RandomForestClassifier(class_weight='balanced_subsample', n_estimators=900,
                       n_jobs=-1, random_state=42)",balanced,entropy,,,2,2,900,"SMOTE(k_neighbors=1, random_state=42,
      sampling_strategy={'excess_humidity_soil': 220,
                         'fungal_risk_botrytis_floracion': 220,
                         'fungal_risk_ojo_gallo_maduracion': 220,
                         'fungal_risk_roya_vegetativo': 220, 'k_excess': 220,
                         'p_deficiency_moderate': 220,
                         'pest_risk_broca_fructificacion': 220,
                         'water_deficit_cosecha': 220,
                         'water_deficit_maduracion': 220,
                         'water_deficit_plantula': 220})","{'clf': RandomForestClassifier(class_weight='balanced_subsample', n_estimators=900,
                       n_jobs=-1, random_state=42), 'clf__class_weight': 'balanced', 'clf__criterion': 'entropy', 'clf__max_depth': None, 'clf__max_features': None, 'clf__min_samples_leaf': 2, 'clf__min_samples_split': 2, 'clf__n_estimators': 900, 'sampler': SMOTE(k_neighbors=1, random_state=42,
      sampling_strategy={'excess_humidity_soil': 220,
                         'fungal_risk_botrytis_floracion': 220,
                         'fungal_risk_ojo_gallo_maduracion': 220,
                         'fungal_risk_roya_vegetativo': 220, 'k_excess': 220,
                         'p_deficiency_moderate': 220,
                         'pest_risk_broca_fructificacion': 220,
                         'water_deficit_cosecha': 220,
                         'water_deficit_maduracion': 220,
                         'water_deficit_plantula': 220})}",0.920331635939029,0.8943138443657125,0.9070081588622664,0.8549836365578634,0.8941593189312178,0.02441741608288504,41
118.8202018737793,2.443102311643313,5.12287175655365,0.42968166596001417,"RandomForestClassifier(class_weight='balanced_subsample', n_estimators=900,
                       n_jobs=-1, random_state=42)",balanced,entropy,32,,1,2,900,"RandomOverSampler(random_state=42,
                  sampling_strategy={'excess_humidity_soil': 220,
                                     'fungal_risk_botrytis_floracion': 220,
                                     'fungal_risk_ojo_gallo_maduracion': 220,
                                     'fungal_risk_roya_vegetativo': 220,
                                     'k_excess': 220,
                                     'p_deficiency_moderate': 220,
                                     'pest_risk_broca_fructificacion': 220,
                                     'water_deficit_cosecha': 220,
                                     'water_deficit_maduracion': 220,
                                     'water_deficit_plantula': 220})","{'clf': RandomForestClassifier(class_weight='balanced_subsample', n_estimators=900,
                       n_jobs=-1, random_state=42), 'clf__class_weight': 'balanced', 'clf__criterion': 'entropy', 'clf__max_depth': 32, 'clf__max_features': None, 'clf__min_samples_leaf': 1, 'clf__min_samples_split': 2, 'clf__n_estimators': 900, 'sampler': RandomOverSampler(random_state=42,
                  sampling_strategy={'excess_humidity_soil': 220,
                                     'fungal_risk_botrytis_floracion': 220,
                                     'fungal_risk_ojo_gallo_maduracion': 220,
                                     'fungal_risk_roya_vegetativo': 220,
                                     'k_excess': 220,
                                     'p_deficiency_moderate': 220,
                                     'pest_risk_broca_fructificacion': 220,
                                     'water_deficit_cosecha': 220,
                                     'water_deficit_maduracion': 220,
                                     'water_deficit_plantula': 220})}",0.9150485790578856,0.8581365014523055,0.8994858765958007,0.8310367371620282,0.8759269235670051,0.03323084467273179,63
149.52304011583328,2.038523104301948,4.7408363819122314,0.2784508278916624,"RandomForestClassifier(class_weight='balanced_subsample', n_estimators=900,
                       n_jobs=-1, random_state=42)",balanced,entropy,32,,1,2,900,"SMOTE(k_neighbors=1, random_state=42,
      sampling_strategy={'excess_humidity_soil': 220,
                         'fungal_risk_botrytis_floracion': 220,
                         'fungal_risk_ojo_gallo_maduracion': 220,
                         'fungal_risk_roya_vegetativo': 220, 'k_excess': 220,
                         'p_deficiency_moderate': 220,
                         'pest_risk_broca_fructificacion': 220,
                         'water_deficit_cosecha': 220,
                         'water_deficit_maduracion': 220,
                         'water_deficit_plantula': 220})","{'clf': RandomForestClassifier(class_weight='balanced_subsample', n_estimators=900,
                       n_jobs=-1, random_state=42), 'clf__class_weight': 'balanced', 'clf__criterion': 'entropy', 'clf__max_depth': 32, 'clf__max_features': None, 'clf__min_samples_leaf': 1, 'clf__min_samples_split': 2, 'clf__n_estimators': 900, 'sampler': SMOTE(k_neighbors=1, random_state=42,
      sampling_strategy={'excess_humidity_soil': 220,
                         'fungal_risk_botrytis_floracion': 220,
                         'fungal_risk_ojo_gallo_maduracion': 220,
                         'fungal_risk_roya_vegetativo': 220, 'k_excess': 220,
                         'p_deficiency_moderate': 220,
                         'pest_risk_broca_fructificacion': 220,
                         'water_deficit_cosecha': 220,
                         'water_deficit_maduracion': 220,
                         'water_deficit_plantula': 220})}",0.9264516056171257,0.8985882157640056,0.9104742185584661,0.8607001990466786,0.8990535597465691,0.024250160758337753,33
116.1393432021141,1.6053304586237063,5.042673587799072,0.7411946596811761,"RandomForestClassifier(class_weight='balanced_subsample', n_estimators=900,
                       n_jobs=-1, random_state=42)",balanced,entropy,32,,2,2,900,"RandomOverSampler(random_state=42,
                  sampling_strategy={'excess_humidity_soil': 220,
                                     'fungal_risk_botrytis_floracion': 220,
                                     'fungal_risk_ojo_gallo_maduracion': 220,
                                     'fungal_risk_roya_vegetativo': 220,
                                     'k_excess': 220,
                                     'p_deficiency_moderate': 220,
                                     'pest_risk_broca_fructificacion': 220,
                                     'water_deficit_cosecha': 220,
                                     'water_deficit_maduracion': 220,
                                     'water_deficit_plantula': 220})","{'clf': RandomForestClassifier(class_weight='balanced_subsample', n_estimators=900,
                       n_jobs=-1, random_state=42), 'clf__class_weight': 'balanced', 'clf__criterion': 'entropy', 'clf__max_depth': 32, 'clf__max_features': None, 'clf__min_samples_leaf': 2, 'clf__min_samples_split': 2, 'clf__n_estimators': 900, 'sampler': RandomOverSampler(random_state=42,
                  sampling_strategy={'excess_humidity_soil': 220,
                                     'fungal_risk_botrytis_floracion': 220,
                                     'fungal_risk_ojo_gallo_maduracion': 220,
                                     'fungal_risk_roya_vegetativo': 220,
                                     'k_excess': 220,
                                     'p_deficiency_moderate': 220,
                                     'pest_risk_broca_fructificacion': 220,
                                     'water_deficit_cosecha': 220,
                                     'water_deficit_maduracion': 220,
                                     'water_deficit_plantula': 220})}",0.91399788975338,0.8557272544079239,0.9024953877439736,0.8261005628283823,0.874580273683415,0.03549197356460606,67
140.1171351671219,1.7974085920085,4.961103856563568,0.5239072395177004,"RandomForestClassifier(class_weight='balanced_subsample', n_estimators=900,
                       n_jobs=-1, random_state=42)",balanced,entropy,32,,2,2,900,"SMOTE(k_neighbors=1, random_state=42,
      sampling_strategy={'excess_humidity_soil': 220,
                         'fungal_risk_botrytis_floracion': 220,
                         'fungal_risk_ojo_gallo_maduracion': 220,
                         'fungal_risk_roya_vegetativo': 220, 'k_excess': 220,
                         'p_deficiency_moderate': 220,
                         'pest_risk_broca_fructificacion': 220,
                         'water_deficit_cosecha': 220,
                         'water_deficit_maduracion': 220,
                         'water_deficit_plantula': 220})","{'clf': RandomForestClassifier(class_weight='balanced_subsample', n_estimators=900,
                       n_jobs=-1, random_state=42), 'clf__class_weight': 'balanced', 'clf__criterion': 'entropy', 'clf__max_depth': 32, 'clf__max_features': None, 'clf__min_samples_leaf': 2, 'clf__min_samples_split': 2, 'clf__n_estimators': 900, 'sampler': SMOTE(k_neighbors=1, random_state=42,
      sampling_strategy={'excess_humidity_soil': 220,
                         'fungal_risk_botrytis_floracion': 220,
                         'fungal_risk_ojo_gallo_maduracion': 220,
                         'fungal_risk_roya_vegetativo': 220, 'k_excess': 220,
                         'p_deficiency_moderate': 220,
                         'pest_risk_broca_fructificacion': 220,
                         'water_deficit_cosecha': 220,
                         'water_deficit_maduracion': 220,
                         'water_deficit_plantula': 220})}",0.920331635939029,0.8943138443657125,0.9070081588622664,0.8549836365578634,0.8941593189312178,0.02441741608288504,41
84.57835549116135,0.36749247632895277,4.8605427742004395,0.24278694420943264,"RandomForestClassifier(class_weight='balanced_subsample', n_estimators=900,
                       n_jobs=-1, random_state=42)","{'fungal_risk_ojo_gallo_maduracion': 0.6541442688782101, 'p_deficiency_severe': 0.014630323432975021, 'n_deficiency_severe': 0.013138471217329828, 'water_deficit_floracion': 0.10307727873232402, 'water_deficit_vegetativo': 0.08176803360977626, 'n_deficiency_moderate': 0.025966032047073987, 'fungal_risk_botrytis_floracion': 0.4417597659956743, 'water_deficit_maduracion': 0.23787064322844004, 'p_deficiency_moderate': 0.3470969589966013, 'water_deficit_fructificacion': 0.12692351485696612, 'fungal_risk_roya_vegetativo': 0.2932370860488528, 'water_deficit_plantula': 0.21665924829087213, 'excess_humidity_soil': 0.7086562912847276, 'water_deficit_cosecha': 0.8296463897967542, 'pest_risk_broca_fructificacion': 3.4015501981666922, 'k_excess': 8.50387549541673}",gini,,,1,2,900,"RandomOverSampler(random_state=42,
                  sampling_strategy={'excess_humidity_soil': 220,
                                     'fungal_risk_botrytis_floracion': 220,
                                     'fungal_risk_ojo_gallo_maduracion': 220,
                                     'fungal_risk_roya_vegetativo': 220,
                                     'k_excess': 220,
                                     'p_deficiency_moderate': 220,
                                     'pest_risk_broca_fructificacion': 220,
                                     'water_deficit_cosecha': 220,
                                     'water_deficit_maduracion': 220,
                                     'water_deficit_plantula': 220})","{'clf': RandomForestClassifier(class_weight='balanced_subsample', n_estimators=900,
                       n_jobs=-1, random_state=42), 'clf__class_weight': {'fungal_risk_ojo_gallo_maduracion': 0.6541442688782101, 'p_deficiency_severe': 0.014630323432975021, 'n_deficiency_severe': 0.013138471217329828, 'water_deficit_floracion': 0.10307727873232402, 'water_deficit_vegetativo': 0.08176803360977626, 'n_deficiency_moderate': 0.025966032047073987, 'fungal_risk_botrytis_floracion': 0.4417597659956743, 'water_deficit_maduracion': 0.23787064322844004, 'p_deficiency_moderate': 0.3470969589966013, 'water_deficit_fructificacion': 0.12692351485696612, 'fungal_risk_roya_vegetativo': 0.2932370860488528, 'water_deficit_plantula': 0.21665924829087213, 'excess_humidity_soil': 0.7086562912847276, 'water_deficit_cosecha': 0.8296463897967542, 'pest_risk_broca_fructificacion': 3.4015501981666922, 'k_excess': 8.50387549541673}, 'clf__criterion': 'gini', 'clf__max_depth': None, 'clf__max_features': None, 'clf__min_samples_leaf': 1, 'clf__min_samples_split': 2, 'clf__n_estimators': 900, 'sampler': RandomOverSampler(random_state=42,
                  sampling_strategy={'excess_humidity_soil': 220,
                                     'fungal_risk_botrytis_floracion': 220,
                                     'fungal_risk_ojo_gallo_maduracion': 220,
                                     'fungal_risk_roya_vegetativo': 220,
                                     'k_excess': 220,
                                     'p_deficiency_moderate': 220,
                                     'pest_risk_broca_fructificacion': 220,
                                     'water_deficit_cosecha': 220,
                                     'water_deficit_maduracion': 220,
                                     'water_deficit_plantula': 220})}",0.9180302822748682,0.8284691749468275,0.8955498667802755,0.8659074331703724,0.8769891892930859,0.03356287820214166,61
90.45520895719528,0.8759952876941632,5.061382532119751,0.7574026796109748,"RandomForestClassifier(class_weight='balanced_subsample', n_estimators=900,
                       n_jobs=-1, random_state=42)","{'fungal_risk_ojo_gallo_maduracion': 0.6541442688782101, 'p_deficiency_severe': 0.014630323432975021, 'n_deficiency_severe': 0.013138471217329828, 'water_deficit_floracion': 0.10307727873232402, 'water_deficit_vegetativo': 0.08176803360977626, 'n_deficiency_moderate': 0.025966032047073987, 'fungal_risk_botrytis_floracion': 0.4417597659956743, 'water_deficit_maduracion': 0.23787064322844004, 'p_deficiency_moderate': 0.3470969589966013, 'water_deficit_fructificacion': 0.12692351485696612, 'fungal_risk_roya_vegetativo': 0.2932370860488528, 'water_deficit_plantula': 0.21665924829087213, 'excess_humidity_soil': 0.7086562912847276, 'water_deficit_cosecha': 0.8296463897967542, 'pest_risk_broca_fructificacion': 3.4015501981666922, 'k_excess': 8.50387549541673}",gini,,,1,2,900,"SMOTE(k_neighbors=1, random_state=42,
      sampling_strategy={'excess_humidity_soil': 220,
                         'fungal_risk_botrytis_floracion': 220,
                         'fungal_risk_ojo_gallo_maduracion': 220,
                         'fungal_risk_roya_vegetativo': 220, 'k_excess': 220,
                         'p_deficiency_moderate': 220,
                         'pest_risk_broca_fructificacion': 220,
                         'water_deficit_cosecha': 220,
                         'water_deficit_maduracion': 220,
                         'water_deficit_plantula': 220})","{'clf': RandomForestClassifier(class_weight='balanced_subsample', n_estimators=900,
                       n_jobs=-1, random_state=42), 'clf__class_weight': {'fungal_risk_ojo_gallo_maduracion': 0.6541442688782101, 'p_deficiency_severe': 0.014630323432975021, 'n_deficiency_severe': 0.013138471217329828, 'water_deficit_floracion': 0.10307727873232402, 'water_deficit_vegetativo': 0.08176803360977626, 'n_deficiency_moderate': 0.025966032047073987, 'fungal_risk_botrytis_floracion': 0.4417597659956743, 'water_deficit_maduracion': 0.23787064322844004, 'p_deficiency_moderate': 0.3470969589966013, 'water_deficit_fructificacion': 0.12692351485696612, 'fungal_risk_roya_vegetativo': 0.2932370860488528, 'water_deficit_plantula': 0.21665924829087213, 'excess_humidity_soil': 0.7086562912847276, 'water_deficit_cosecha': 0.8296463897967542, 'pest_risk_broca_fructificacion': 3.4015501981666922, 'k_excess': 8.50387549541673}, 'clf__criterion': 'gini', 'clf__max_depth': None, 'clf__max_features': None, 'clf__min_samples_leaf': 1, 'clf__min_samples_split': 2, 'clf__n_estimators': 900, 'sampler': SMOTE(k_neighbors=1, random_state=42,
      sampling_strategy={'excess_humidity_soil': 220,
                         'fungal_risk_botrytis_floracion': 220,
                         'fungal_risk_ojo_gallo_maduracion': 220,
                         'fungal_risk_roya_vegetativo': 220, 'k_excess': 220,
                         'p_deficiency_moderate': 220,
                         'pest_risk_broca_fructificacion': 220,
                         'water_deficit_cosecha': 220,
                         'water_deficit_maduracion': 220,
                         'water_deficit_plantula': 220})}",0.9318623707770752,0.8682027959116726,0.9007806404443863,0.8946121694157838,0.8988644941372295,0.022642622877113005,35
77.32265567779541,0.5499016709405985,4.783430993556976,0.21815507069282158,"RandomForestClassifier(class_weight='balanced_subsample', n_estimators=900,
                       n_jobs=-1, random_state=42)","{'fungal_risk_ojo_gallo_maduracion': 0.6541442688782101, 'p_deficiency_severe': 0.014630323432975021, 'n_deficiency_severe': 0.013138471217329828, 'water_deficit_floracion': 0.10307727873232402, 'water_deficit_vegetativo': 0.08176803360977626, 'n_deficiency_moderate': 0.025966032047073987, 'fungal_risk_botrytis_floracion': 0.4417597659956743, 'water_deficit_maduracion': 0.23787064322844004, 'p_deficiency_moderate': 0.3470969589966013, 'water_deficit_fructificacion': 0.12692351485696612, 'fungal_risk_roya_vegetativo': 0.2932370860488528, 'water_deficit_plantula': 0.21665924829087213, 'excess_humidity_soil': 0.7086562912847276, 'water_deficit_cosecha': 0.8296463897967542, 'pest_risk_broca_fructificacion': 3.4015501981666922, 'k_excess': 8.50387549541673}",gini,,,2,2,900,"RandomOverSampler(random_state=42,
                  sampling_strategy={'excess_humidity_soil': 220,
                                     'fungal_risk_botrytis_floracion': 220,
                                     'fungal_risk_ojo_gallo_maduracion': 220,
                                     'fungal_risk_roya_vegetativo': 220,
                                     'k_excess': 220,
                                     'p_deficiency_moderate': 220,
                                     'pest_risk_broca_fructificacion': 220,
                                     'water_deficit_cosecha': 220,
                                     'water_deficit_maduracion': 220,
                                     'water_deficit_plantula': 220})","{'clf': RandomForestClassifier(class_weight='balanced_subsample', n_estimators=900,
                       n_jobs=-1, random_state=42), 'clf__class_weight': {'fungal_risk_ojo_gallo_maduracion': 0.6541442688782101, 'p_deficiency_severe': 0.014630323432975021, 'n_deficiency_severe': 0.013138471217329828, 'water_deficit_floracion': 0.10307727873232402, 'water_deficit_vegetativo': 0.08176803360977626, 'n_deficiency_moderate': 0.025966032047073987, 'fungal_risk_botrytis_floracion': 0.4417597659956743, 'water_deficit_maduracion': 0.23787064322844004, 'p_deficiency_moderate': 0.3470969589966013, 'water_deficit_fructificacion': 0.12692351485696612, 'fungal_risk_roya_vegetativo': 0.2932370860488528, 'water_deficit_plantula': 0.21665924829087213, 'excess_humidity_soil': 0.7086562912847276, 'water_deficit_cosecha': 0.8296463897967542, 'pest_risk_broca_fructificacion': 3.4015501981666922, 'k_excess': 8.50387549541673}, 'clf__criterion': 'gini', 'clf__max_depth': None, 'clf__max_features': None, 'clf__min_samples_leaf': 2, 'clf__min_samples_split': 2, 'clf__n_estimators': 900, 'sampler': RandomOverSampler(random_state=42,
                  sampling_strategy={'excess_humidity_soil': 220,
                                     'fungal_risk_botrytis_floracion': 220,
                                     'fungal_risk_ojo_gallo_maduracion': 220,
                                     'fungal_risk_roya_vegetativo': 220,
                                     'k_excess': 220,
                                     'p_deficiency_moderate': 220,
                                     'pest_risk_broca_fructificacion': 220,
                                     'water_deficit_cosecha': 220,
                                     'water_deficit_maduracion': 220,
                                     'water_deficit_plantula': 220})}",0.9121193664540477,0.8183256839235755,0.8986784891871422,0.8727513871162969,0.8754687316702655,0.03589802829283202,65
88.87897151708603,1.0266734011511671,5.028914391994476,0.5853361193553869,"RandomForestClassifier(class_weight='balanced_subsample', n_estimators=900,
                       n_jobs=-1, random_state=42)","{'fungal_risk_ojo_gallo_maduracion': 0.6541442688782101, 'p_deficiency_severe': 0.014630323432975021, 'n_deficiency_severe': 0.013138471217329828, 'water_deficit_floracion': 0.10307727873232402, 'water_deficit_vegetativo': 0.08176803360977626, 'n_deficiency_moderate': 0.025966032047073987, 'fungal_risk_botrytis_floracion': 0.4417597659956743, 'water_deficit_maduracion': 0.23787064322844004, 'p_deficiency_moderate': 0.3470969589966013, 'water_deficit_fructificacion': 0.12692351485696612, 'fungal_risk_roya_vegetativo': 0.2932370860488528, 'water_deficit_plantula': 0.21665924829087213, 'excess_humidity_soil': 0.7086562912847276, 'water_deficit_cosecha': 0.8296463897967542, 'pest_risk_broca_fructificacion': 3.4015501981666922, 'k_excess': 8.50387549541673}",gini,,,2,2,900,"SMOTE(k_neighbors=1, random_state=42,
      sampling_strategy={'excess_humidity_soil': 220,
                         'fungal_risk_botrytis_floracion': 220,
                         'fungal_risk_ojo_gallo_maduracion': 220,
                         'fungal_risk_roya_vegetativo': 220, 'k_excess': 220,
                         'p_deficiency_moderate': 220,
                         'pest_risk_broca_fructificacion': 220,
                         'water_deficit_cosecha': 220,
                         'water_deficit_maduracion': 220,
                         'water_deficit_plantula': 220})","{'clf': RandomForestClassifier(class_weight='balanced_subsample', n_estimators=900,
                       n_jobs=-1, random_state=42), 'clf__class_weight': {'fungal_risk_ojo_gallo_maduracion': 0.6541442688782101, 'p_deficiency_severe': 0.014630323432975021, 'n_deficiency_severe': 0.013138471217329828, 'water_deficit_floracion': 0.10307727873232402, 'water_deficit_vegetativo': 0.08176803360977626, 'n_deficiency_moderate': 0.025966032047073987, 'fungal_risk_botrytis_floracion': 0.4417597659956743, 'water_deficit_maduracion': 0.23787064322844004, 'p_deficiency_moderate': 0.3470969589966013, 'water_deficit_fructificacion': 0.12692351485696612, 'fungal_risk_roya_vegetativo': 0.2932370860488528, 'water_deficit_plantula': 0.21665924829087213, 'excess_humidity_soil': 0.7086562912847276, 'water_deficit_cosecha': 0.8296463897967542, 'pest_risk_broca_fructificacion': 3.4015501981666922, 'k_excess': 8.50387549541673}, 'clf__criterion': 'gini', 'clf__max_depth': None, 'clf__max_features': None, 'clf__min_samples_leaf': 2, 'clf__min_samples_split': 2, 'clf__n_estimators': 900, 'sampler': SMOTE(k_neighbors=1, random_state=42,
      sampling_strategy={'excess_humidity_soil': 220,
                         'fungal_risk_botrytis_floracion': 220,
                         'fungal_risk_ojo_gallo_maduracion': 220,
                         'fungal_risk_roya_vegetativo': 220, 'k_excess': 220,
                         'p_deficiency_moderate': 220,
                         'pest_risk_broca_fructificacion': 220,
                         'water_deficit_cosecha': 220,
                         'water_deficit_maduracion': 220,
                         'water_deficit_plantula': 220})}",0.9291062362622191,0.8515446417829151,0.8865871492430828,0.8902129616362535,0.8893627472311176,0.027468986278995317,49
77.14629071950912,1.0586975188103793,5.277170777320862,0.5522060646685413,"RandomForestClassifier(class_weight='balanced_subsample', n_estimators=900,
                       n_jobs=-1, random_state=42)","{'fungal_risk_ojo_gallo_maduracion': 0.6541442688782101, 'p_deficiency_severe': 0.014630323432975021, 'n_deficiency_severe': 0.013138471217329828, 'water_deficit_floracion': 0.10307727873232402, 'water_deficit_vegetativo': 0.08176803360977626, 'n_deficiency_moderate': 0.025966032047073987, 'fungal_risk_botrytis_floracion': 0.4417597659956743, 'water_deficit_maduracion': 0.23787064322844004, 'p_deficiency_moderate': 0.3470969589966013, 'water_deficit_fructificacion': 0.12692351485696612, 'fungal_risk_roya_vegetativo': 0.2932370860488528, 'water_deficit_plantula': 0.21665924829087213, 'excess_humidity_soil': 0.7086562912847276, 'water_deficit_cosecha': 0.8296463897967542, 'pest_risk_broca_fructificacion': 3.4015501981666922, 'k_excess': 8.50387549541673}",gini,32,,1,2,900,"RandomOverSampler(random_state=42,
                  sampling_strategy={'excess_humidity_soil': 220,
                                     'fungal_risk_botrytis_floracion': 220,
                                     'fungal_risk_ojo_gallo_maduracion': 220,
                                     'fungal_risk_roya_vegetativo': 220,
                                     'k_excess': 220,
                                     'p_deficiency_moderate': 220,
                                     'pest_risk_broca_fructificacion': 220,
                                     'water_deficit_cosecha': 220,
                                     'water_deficit_maduracion': 220,
                                     'water_deficit_plantula': 220})","{'clf': RandomForestClassifier(class_weight='balanced_subsample', n_estimators=900,
                       n_jobs=-1, random_state=42), 'clf__class_weight': {'fungal_risk_ojo_gallo_maduracion': 0.6541442688782101, 'p_deficiency_severe': 0.014630323432975021, 'n_deficiency_severe': 0.013138471217329828, 'water_deficit_floracion': 0.10307727873232402, 'water_deficit_vegetativo': 0.08176803360977626, 'n_deficiency_moderate': 0.025966032047073987, 'fungal_risk_botrytis_floracion': 0.4417597659956743, 'water_deficit_maduracion': 0.23787064322844004, 'p_deficiency_moderate': 0.3470969589966013, 'water_deficit_fructificacion': 0.12692351485696612, 'fungal_risk_roya_vegetativo': 0.2932370860488528, 'water_deficit_plantula': 0.21665924829087213, 'excess_humidity_soil': 0.7086562912847276, 'water_deficit_cosecha': 0.8296463897967542, 'pest_risk_broca_fructificacion': 3.4015501981666922, 'k_excess': 8.50387549541673}, 'clf__criterion': 'gini', 'clf__max_depth': 32, 'clf__max_features': None, 'clf__min_samples_leaf': 1, 'clf__min_samples_split': 2, 'clf__n_estimators': 900, 'sampler': RandomOverSampler(random_state=42,
                  sampling_strategy={'excess_humidity_soil': 220,
                                     'fungal_risk_botrytis_floracion': 220,
                                     'fungal_risk_ojo_gallo_maduracion': 220,
                                     'fungal_risk_roya_vegetativo': 220,
                                     'k_excess': 220,
                                     'p_deficiency_moderate': 220,
                                     'pest_risk_broca_fructificacion': 220,
                                     'water_deficit_cosecha': 220,
                                     'water_deficit_maduracion': 220,
                                     'water_deficit_plantula': 220})}",0.9180302822748682,0.8284691749468275,0.8955498667802755,0.8659074331703724,0.8769891892930859,0.03356287820214166,61
89.79924196004868,0.8165206564371014,4.894364774227142,0.5832000068971223,"RandomForestClassifier(class_weight='balanced_subsample', n_estimators=900,
                       n_jobs=-1, random_state=42)","{'fungal_risk_ojo_gallo_maduracion': 0.6541442688782101, 'p_deficiency_severe': 0.014630323432975021, 'n_deficiency_severe': 0.013138471217329828, 'water_deficit_floracion': 0.10307727873232402, 'water_deficit_vegetativo': 0.08176803360977626, 'n_deficiency_moderate': 0.025966032047073987, 'fungal_risk_botrytis_floracion': 0.4417597659956743, 'water_deficit_maduracion': 0.23787064322844004, 'p_deficiency_moderate': 0.3470969589966013, 'water_deficit_fructificacion': 0.12692351485696612, 'fungal_risk_roya_vegetativo': 0.2932370860488528, 'water_deficit_plantula': 0.21665924829087213, 'excess_humidity_soil': 0.7086562912847276, 'water_deficit_cosecha': 0.8296463897967542, 'pest_risk_broca_fructificacion': 3.4015501981666922, 'k_excess': 8.50387549541673}",gini,32,,1,2,900,"SMOTE(k_neighbors=1, random_state=42,
      sampling_strategy={'excess_humidity_soil': 220,
                         'fungal_risk_botrytis_floracion': 220,
                         'fungal_risk_ojo_gallo_maduracion': 220,
                         'fungal_risk_roya_vegetativo': 220, 'k_excess': 220,
                         'p_deficiency_moderate': 220,
                         'pest_risk_broca_fructificacion': 220,
                         'water_deficit_cosecha': 220,
                         'water_deficit_maduracion': 220,
                         'water_deficit_plantula': 220})","{'clf': RandomForestClassifier(class_weight='balanced_subsample', n_estimators=900,
                       n_jobs=-1, random_state=42), 'clf__class_weight': {'fungal_risk_ojo_gallo_maduracion': 0.6541442688782101, 'p_deficiency_severe': 0.014630323432975021, 'n_deficiency_severe': 0.013138471217329828, 'water_deficit_floracion': 0.10307727873232402, 'water_deficit_vegetativo': 0.08176803360977626, 'n_deficiency_moderate': 0.025966032047073987, 'fungal_risk_botrytis_floracion': 0.4417597659956743, 'water_deficit_maduracion': 0.23787064322844004, 'p_deficiency_moderate': 0.3470969589966013, 'water_deficit_fructificacion': 0.12692351485696612, 'fungal_risk_roya_vegetativo': 0.2932370860488528, 'water_deficit_plantula': 0.21665924829087213, 'excess_humidity_soil': 0.7086562912847276, 'water_deficit_cosecha': 0.8296463897967542, 'pest_risk_broca_fructificacion': 3.4015501981666922, 'k_excess': 8.50387549541673}, 'clf__criterion': 'gini', 'clf__max_depth': 32, 'clf__max_features': None, 'clf__min_samples_leaf': 1, 'clf__min_samples_split': 2, 'clf__n_estimators': 900, 'sampler': SMOTE(k_neighbors=1, random_state=42,
      sampling_strategy={'excess_humidity_soil': 220,
                         'fungal_risk_botrytis_floracion': 220,
                         'fungal_risk_ojo_gallo_maduracion': 220,
                         'fungal_risk_roya_vegetativo': 220, 'k_excess': 220,
                         'p_deficiency_moderate': 220,
                         'pest_risk_broca_fructificacion': 220,
                         'water_deficit_cosecha': 220,
                         'water_deficit_maduracion': 220,
                         'water_deficit_plantula': 220})}",0.9318623707770752,0.8682027959116726,0.9007806404443863,0.8946121694157838,0.8988644941372295,0.022642622877113005,35
77.12503606081009,0.8396281081483367,5.131420016288757,0.4985667437090102,"RandomForestClassifier(class_weight='balanced_subsample', n_estimators=900,
                       n_jobs=-1, random_state=42)","{'fungal_risk_ojo_gallo_maduracion': 0.6541442688782101, 'p_deficiency_severe': 0.014630323432975021, 'n_deficiency_severe': 0.013138471217329828, 'water_deficit_floracion': 0.10307727873232402, 'water_deficit_vegetativo': 0.08176803360977626, 'n_deficiency_moderate': 0.025966032047073987, 'fungal_risk_botrytis_floracion': 0.4417597659956743, 'water_deficit_maduracion': 0.23787064322844004, 'p_deficiency_moderate': 0.3470969589966013, 'water_deficit_fructificacion': 0.12692351485696612, 'fungal_risk_roya_vegetativo': 0.2932370860488528, 'water_deficit_plantula': 0.21665924829087213, 'excess_humidity_soil': 0.7086562912847276, 'water_deficit_cosecha': 0.8296463897967542, 'pest_risk_broca_fructificacion': 3.4015501981666922, 'k_excess': 8.50387549541673}",gini,32,,2,2,900,"RandomOverSampler(random_state=42,
                  sampling_strategy={'excess_humidity_soil': 220,
                                     'fungal_risk_botrytis_floracion': 220,
                                     'fungal_risk_ojo_gallo_maduracion': 220,
                                     'fungal_risk_roya_vegetativo': 220,
                                     'k_excess': 220,
                                     'p_deficiency_moderate': 220,
                                     'pest_risk_broca_fructificacion': 220,
                                     'water_deficit_cosecha': 220,
                                     'water_deficit_maduracion': 220,
                                     'water_deficit_plantula': 220})","{'clf': RandomForestClassifier(class_weight='balanced_subsample', n_estimators=900,
                       n_jobs=-1, random_state=42), 'clf__class_weight': {'fungal_risk_ojo_gallo_maduracion': 0.6541442688782101, 'p_deficiency_severe': 0.014630323432975021, 'n_deficiency_severe': 0.013138471217329828, 'water_deficit_floracion': 0.10307727873232402, 'water_deficit_vegetativo': 0.08176803360977626, 'n_deficiency_moderate': 0.025966032047073987, 'fungal_risk_botrytis_floracion': 0.4417597659956743, 'water_deficit_maduracion': 0.23787064322844004, 'p_deficiency_moderate': 0.3470969589966013, 'water_deficit_fructificacion': 0.12692351485696612, 'fungal_risk_roya_vegetativo': 0.2932370860488528, 'water_deficit_plantula': 0.21665924829087213, 'excess_humidity_soil': 0.7086562912847276, 'water_deficit_cosecha': 0.8296463897967542, 'pest_risk_broca_fructificacion': 3.4015501981666922, 'k_excess': 8.50387549541673}, 'clf__criterion': 'gini', 'clf__max_depth': 32, 'clf__max_features': None, 'clf__min_samples_leaf': 2, 'clf__min_samples_split': 2, 'clf__n_estimators': 900, 'sampler': RandomOverSampler(random_state=42,
                  sampling_strategy={'excess_humidity_soil': 220,
                                     'fungal_risk_botrytis_floracion': 220,
                                     'fungal_risk_ojo_gallo_maduracion': 220,
                                     'fungal_risk_roya_vegetativo': 220,
                                     'k_excess': 220,
                                     'p_deficiency_moderate': 220,
                                     'pest_risk_broca_fructificacion': 220,
                                     'water_deficit_cosecha': 220,
                                     'water_deficit_maduracion': 220,
                                     'water_deficit_plantula': 220})}",0.9121193664540477,0.8183256839235755,0.8986784891871422,0.8727513871162969,0.8754687316702655,0.03589802829283202,65
90.76050090789795,0.5568103716000713,5.06201034784317,0.45472939865670287,"RandomForestClassifier(class_weight='balanced_subsample', n_estimators=900,
                       n_jobs=-1, random_state=42)","{'fungal_risk_ojo_gallo_maduracion': 0.6541442688782101, 'p_deficiency_severe': 0.014630323432975021, 'n_deficiency_severe': 0.013138471217329828, 'water_deficit_floracion': 0.10307727873232402, 'water_deficit_vegetativo': 0.08176803360977626, 'n_deficiency_moderate': 0.025966032047073987, 'fungal_risk_botrytis_floracion': 0.4417597659956743, 'water_deficit_maduracion': 0.23787064322844004, 'p_deficiency_moderate': 0.3470969589966013, 'water_deficit_fructificacion': 0.12692351485696612, 'fungal_risk_roya_vegetativo': 0.2932370860488528, 'water_deficit_plantula': 0.21665924829087213, 'excess_humidity_soil': 0.7086562912847276, 'water_deficit_cosecha': 0.8296463897967542, 'pest_risk_broca_fructificacion': 3.4015501981666922, 'k_excess': 8.50387549541673}",gini,32,,2,2,900,"SMOTE(k_neighbors=1, random_state=42,
      sampling_strategy={'excess_humidity_soil': 220,
                         'fungal_risk_botrytis_floracion': 220,
                         'fungal_risk_ojo_gallo_maduracion': 220,
                         'fungal_risk_roya_vegetativo': 220, 'k_excess': 220,
                         'p_deficiency_moderate': 220,
                         'pest_risk_broca_fructificacion': 220,
                         'water_deficit_cosecha': 220,
                         'water_deficit_maduracion': 220,
                         'water_deficit_plantula': 220})","{'clf': RandomForestClassifier(class_weight='balanced_subsample', n_estimators=900,
                       n_jobs=-1, random_state=42), 'clf__class_weight': {'fungal_risk_ojo_gallo_maduracion': 0.6541442688782101, 'p_deficiency_severe': 0.014630323432975021, 'n_deficiency_severe': 0.013138471217329828, 'water_deficit_floracion': 0.10307727873232402, 'water_deficit_vegetativo': 0.08176803360977626, 'n_deficiency_moderate': 0.025966032047073987, 'fungal_risk_botrytis_floracion': 0.4417597659956743, 'water_deficit_maduracion': 0.23787064322844004, 'p_deficiency_moderate': 0.3470969589966013, 'water_deficit_fructificacion': 0.12692351485696612, 'fungal_risk_roya_vegetativo': 0.2932370860488528, 'water_deficit_plantula': 0.21665924829087213, 'excess_humidity_soil': 0.7086562912847276, 'water_deficit_cosecha': 0.8296463897967542, 'pest_risk_broca_fructificacion': 3.4015501981666922, 'k_excess': 8.50387549541673}, 'clf__criterion': 'gini', 'clf__max_depth': 32, 'clf__max_features': None, 'clf__min_samples_leaf': 2, 'clf__min_samples_split': 2, 'clf__n_estimators': 900, 'sampler': SMOTE(k_neighbors=1, random_state=42,
      sampling_strategy={'excess_humidity_soil': 220,
                         'fungal_risk_botrytis_floracion': 220,
                         'fungal_risk_ojo_gallo_maduracion': 220,
                         'fungal_risk_roya_vegetativo': 220, 'k_excess': 220,
                         'p_deficiency_moderate': 220,
                         'pest_risk_broca_fructificacion': 220,
                         'water_deficit_cosecha': 220,
                         'water_deficit_maduracion': 220,
                         'water_deficit_plantula': 220})}",0.9291062362622191,0.8515446417829151,0.8865871492430828,0.8902129616362535,0.8893627472311176,0.027468986278995317,49
161.29503893852234,4.603580015091482,5.075488209724426,0.45395755378422525,"RandomForestClassifier(class_weight='balanced_subsample', n_estimators=900,
                       n_jobs=-1, random_state=42)","{'fungal_risk_ojo_gallo_maduracion': 0.6541442688782101, 'p_deficiency_severe': 0.014630323432975021, 'n_deficiency_severe': 0.013138471217329828, 'water_deficit_floracion': 0.10307727873232402, 'water_deficit_vegetativo': 0.08176803360977626, 'n_deficiency_moderate': 0.025966032047073987, 'fungal_risk_botrytis_floracion': 0.4417597659956743, 'water_deficit_maduracion': 0.23787064322844004, 'p_deficiency_moderate': 0.3470969589966013, 'water_deficit_fructificacion': 0.12692351485696612, 'fungal_risk_roya_vegetativo': 0.2932370860488528, 'water_deficit_plantula': 0.21665924829087213, 'excess_humidity_soil': 0.7086562912847276, 'water_deficit_cosecha': 0.8296463897967542, 'pest_risk_broca_fructificacion': 3.4015501981666922, 'k_excess': 8.50387549541673}",entropy,,,1,2,900,"RandomOverSampler(random_state=42,
                  sampling_strategy={'excess_humidity_soil': 220,
                                     'fungal_risk_botrytis_floracion': 220,
                                     'fungal_risk_ojo_gallo_maduracion': 220,
                                     'fungal_risk_roya_vegetativo': 220,
                                     'k_excess': 220,
                                     'p_deficiency_moderate': 220,
                                     'pest_risk_broca_fructificacion': 220,
                                     'water_deficit_cosecha': 220,
                                     'water_deficit_maduracion': 220,
                                     'water_deficit_plantula': 220})","{'clf': RandomForestClassifier(class_weight='balanced_subsample', n_estimators=900,
                       n_jobs=-1, random_state=42), 'clf__class_weight': {'fungal_risk_ojo_gallo_maduracion': 0.6541442688782101, 'p_deficiency_severe': 0.014630323432975021, 'n_deficiency_severe': 0.013138471217329828, 'water_deficit_floracion': 0.10307727873232402, 'water_deficit_vegetativo': 0.08176803360977626, 'n_deficiency_moderate': 0.025966032047073987, 'fungal_risk_botrytis_floracion': 0.4417597659956743, 'water_deficit_maduracion': 0.23787064322844004, 'p_deficiency_moderate': 0.3470969589966013, 'water_deficit_fructificacion': 0.12692351485696612, 'fungal_risk_roya_vegetativo': 0.2932370860488528, 'water_deficit_plantula': 0.21665924829087213, 'excess_humidity_soil': 0.7086562912847276, 'water_deficit_cosecha': 0.8296463897967542, 'pest_risk_broca_fructificacion': 3.4015501981666922, 'k_excess': 8.50387549541673}, 'clf__criterion': 'entropy', 'clf__max_depth': None, 'clf__max_features': None, 'clf__min_samples_leaf': 1, 'clf__min_samples_split': 2, 'clf__n_estimators': 900, 'sampler': RandomOverSampler(random_state=42,
                  sampling_strategy={'excess_humidity_soil': 220,
                                     'fungal_risk_botrytis_floracion': 220,
                                     'fungal_risk_ojo_gallo_maduracion': 220,
                                     'fungal_risk_roya_vegetativo': 220,
                                     'k_excess': 220,
                                     'p_deficiency_moderate': 220,
                                     'pest_risk_broca_fructificacion': 220,
                                     'water_deficit_cosecha': 220,
                                     'water_deficit_maduracion': 220,
                                     'water_deficit_plantula': 220})}",0.9360957526673999,0.8275893900948103,0.9074076034351128,0.910157367497676,0.8953125284237498,0.040670489705343454,39
188.20428401231766,0.8753613737377107,5.604214012622833,1.566702676849347,"RandomForestClassifier(class_weight='balanced_subsample', n_estimators=900,
                       n_jobs=-1, random_state=42)","{'fungal_risk_ojo_gallo_maduracion': 0.6541442688782101, 'p_deficiency_severe': 0.014630323432975021, 'n_deficiency_severe': 0.013138471217329828, 'water_deficit_floracion': 0.10307727873232402, 'water_deficit_vegetativo': 0.08176803360977626, 'n_deficiency_moderate': 0.025966032047073987, 'fungal_risk_botrytis_floracion': 0.4417597659956743, 'water_deficit_maduracion': 0.23787064322844004, 'p_deficiency_moderate': 0.3470969589966013, 'water_deficit_fructificacion': 0.12692351485696612, 'fungal_risk_roya_vegetativo': 0.2932370860488528, 'water_deficit_plantula': 0.21665924829087213, 'excess_humidity_soil': 0.7086562912847276, 'water_deficit_cosecha': 0.8296463897967542, 'pest_risk_broca_fructificacion': 3.4015501981666922, 'k_excess': 8.50387549541673}",entropy,,,1,2,900,"SMOTE(k_neighbors=1, random_state=42,
      sampling_strategy={'excess_humidity_soil': 220,
                         'fungal_risk_botrytis_floracion': 220,
                         'fungal_risk_ojo_gallo_maduracion': 220,
                         'fungal_risk_roya_vegetativo': 220, 'k_excess': 220,
                         'p_deficiency_moderate': 220,
                         'pest_risk_broca_fructificacion': 220,
                         'water_deficit_cosecha': 220,
                         'water_deficit_maduracion': 220,
                         'water_deficit_plantula': 220})","{'clf': RandomForestClassifier(class_weight='balanced_subsample', n_estimators=900,
                       n_jobs=-1, random_state=42), 'clf__class_weight': {'fungal_risk_ojo_gallo_maduracion': 0.6541442688782101, 'p_deficiency_severe': 0.014630323432975021, 'n_deficiency_severe': 0.013138471217329828, 'water_deficit_floracion': 0.10307727873232402, 'water_deficit_vegetativo': 0.08176803360977626, 'n_deficiency_moderate': 0.025966032047073987, 'fungal_risk_botrytis_floracion': 0.4417597659956743, 'water_deficit_maduracion': 0.23787064322844004, 'p_deficiency_moderate': 0.3470969589966013, 'water_deficit_fructificacion': 0.12692351485696612, 'fungal_risk_roya_vegetativo': 0.2932370860488528, 'water_deficit_plantula': 0.21665924829087213, 'excess_humidity_soil': 0.7086562912847276, 'water_deficit_cosecha': 0.8296463897967542, 'pest_risk_broca_fructificacion': 3.4015501981666922, 'k_excess': 8.50387549541673}, 'clf__criterion': 'entropy', 'clf__max_depth': None, 'clf__max_features': None, 'clf__min_samples_leaf': 1, 'clf__min_samples_split': 2, 'clf__n_estimators': 900, 'sampler': SMOTE(k_neighbors=1, random_state=42,
      sampling_strategy={'excess_humidity_soil': 220,
                         'fungal_risk_botrytis_floracion': 220,
                         'fungal_risk_ojo_gallo_maduracion': 220,
                         'fungal_risk_roya_vegetativo': 220, 'k_excess': 220,
                         'p_deficiency_moderate': 220,
                         'pest_risk_broca_fructificacion': 220,
                         'water_deficit_cosecha': 220,
                         'water_deficit_maduracion': 220,
                         'water_deficit_plantula': 220})}",0.9703305436932,0.8891992751590636,0.9170996742444788,0.9217086634369624,0.9245845391334262,0.02919378231381419,5
161.2207334637642,3.913181908814449,4.875638365745544,0.3967382658308674,"RandomForestClassifier(class_weight='balanced_subsample', n_estimators=900,
                       n_jobs=-1, random_state=42)","{'fungal_risk_ojo_gallo_maduracion': 0.6541442688782101, 'p_deficiency_severe': 0.014630323432975021, 'n_deficiency_severe': 0.013138471217329828, 'water_deficit_floracion': 0.10307727873232402, 'water_deficit_vegetativo': 0.08176803360977626, 'n_deficiency_moderate': 0.025966032047073987, 'fungal_risk_botrytis_floracion': 0.4417597659956743, 'water_deficit_maduracion': 0.23787064322844004, 'p_deficiency_moderate': 0.3470969589966013, 'water_deficit_fructificacion': 0.12692351485696612, 'fungal_risk_roya_vegetativo': 0.2932370860488528, 'water_deficit_plantula': 0.21665924829087213, 'excess_humidity_soil': 0.7086562912847276, 'water_deficit_cosecha': 0.8296463897967542, 'pest_risk_broca_fructificacion': 3.4015501981666922, 'k_excess': 8.50387549541673}",entropy,,,2,2,900,"RandomOverSampler(random_state=42,
                  sampling_strategy={'excess_humidity_soil': 220,
                                     'fungal_risk_botrytis_floracion': 220,
                                     'fungal_risk_ojo_gallo_maduracion': 220,
                                     'fungal_risk_roya_vegetativo': 220,
                                     'k_excess': 220,
                                     'p_deficiency_moderate': 220,
                                     'pest_risk_broca_fructificacion': 220,
                                     'water_deficit_cosecha': 220,
                                     'water_deficit_maduracion': 220,
                                     'water_deficit_plantula': 220})","{'clf': RandomForestClassifier(class_weight='balanced_subsample', n_estimators=900,
                       n_jobs=-1, random_state=42), 'clf__class_weight': {'fungal_risk_ojo_gallo_maduracion': 0.6541442688782101, 'p_deficiency_severe': 0.014630323432975021, 'n_deficiency_severe': 0.013138471217329828, 'water_deficit_floracion': 0.10307727873232402, 'water_deficit_vegetativo': 0.08176803360977626, 'n_deficiency_moderate': 0.025966032047073987, 'fungal_risk_botrytis_floracion': 0.4417597659956743, 'water_deficit_maduracion': 0.23787064322844004, 'p_deficiency_moderate': 0.3470969589966013, 'water_deficit_fructificacion': 0.12692351485696612, 'fungal_risk_roya_vegetativo': 0.2932370860488528, 'water_deficit_plantula': 0.21665924829087213, 'excess_humidity_soil': 0.7086562912847276, 'water_deficit_cosecha': 0.8296463897967542, 'pest_risk_broca_fructificacion': 3.4015501981666922, 'k_excess': 8.50387549541673}, 'clf__criterion': 'entropy', 'clf__max_depth': None, 'clf__max_features': None, 'clf__min_samples_leaf': 2, 'clf__min_samples_split': 2, 'clf__n_estimators': 900, 'sampler': RandomOverSampler(random_state=42,
                  sampling_strategy={'excess_humidity_soil': 220,
                                     'fungal_risk_botrytis_floracion': 220,
                                     'fungal_risk_ojo_gallo_maduracion': 220,
                                     'fungal_risk_roya_vegetativo': 220,
                                     'k_excess': 220,
                                     'p_deficiency_moderate': 220,
                                     'pest_risk_broca_fructificacion': 220,
                                     'water_deficit_cosecha': 220,
                                     'water_deficit_maduracion': 220,
                                     'water_deficit_plantula': 220})}",0.9322777040500043,0.8236909631426478,0.9034337302844435,0.9135010226281954,0.8932258550263228,0.041459110096612566,45
187.50242799520493,0.45441462930654364,5.061090648174286,0.6312619854490357,"RandomForestClassifier(class_weight='balanced_subsample', n_estimators=900,
                       n_jobs=-1, random_state=42)","{'fungal_risk_ojo_gallo_maduracion': 0.6541442688782101, 'p_deficiency_severe': 0.014630323432975021, 'n_deficiency_severe': 0.013138471217329828, 'water_deficit_floracion': 0.10307727873232402, 'water_deficit_vegetativo': 0.08176803360977626, 'n_deficiency_moderate': 0.025966032047073987, 'fungal_risk_botrytis_floracion': 0.4417597659956743, 'water_deficit_maduracion': 0.23787064322844004, 'p_deficiency_moderate': 0.3470969589966013, 'water_deficit_fructificacion': 0.12692351485696612, 'fungal_risk_roya_vegetativo': 0.2932370860488528, 'water_deficit_plantula': 0.21665924829087213, 'excess_humidity_soil': 0.7086562912847276, 'water_deficit_cosecha': 0.8296463897967542, 'pest_risk_broca_fructificacion': 3.4015501981666922, 'k_excess': 8.50387549541673}",entropy,,,2,2,900,"SMOTE(k_neighbors=1, random_state=42,
      sampling_strategy={'excess_humidity_soil': 220,
                         'fungal_risk_botrytis_floracion': 220,
                         'fungal_risk_ojo_gallo_maduracion': 220,
                         'fungal_risk_roya_vegetativo': 220, 'k_excess': 220,
                         'p_deficiency_moderate': 220,
                         'pest_risk_broca_fructificacion': 220,
                         'water_deficit_cosecha': 220,
                         'water_deficit_maduracion': 220,
                         'water_deficit_plantula': 220})","{'clf': RandomForestClassifier(class_weight='balanced_subsample', n_estimators=900,
                       n_jobs=-1, random_state=42), 'clf__class_weight': {'fungal_risk_ojo_gallo_maduracion': 0.6541442688782101, 'p_deficiency_severe': 0.014630323432975021, 'n_deficiency_severe': 0.013138471217329828, 'water_deficit_floracion': 0.10307727873232402, 'water_deficit_vegetativo': 0.08176803360977626, 'n_deficiency_moderate': 0.025966032047073987, 'fungal_risk_botrytis_floracion': 0.4417597659956743, 'water_deficit_maduracion': 0.23787064322844004, 'p_deficiency_moderate': 0.3470969589966013, 'water_deficit_fructificacion': 0.12692351485696612, 'fungal_risk_roya_vegetativo': 0.2932370860488528, 'water_deficit_plantula': 0.21665924829087213, 'excess_humidity_soil': 0.7086562912847276, 'water_deficit_cosecha': 0.8296463897967542, 'pest_risk_broca_fructificacion': 3.4015501981666922, 'k_excess': 8.50387549541673}, 'clf__criterion': 'entropy', 'clf__max_depth': None, 'clf__max_features': None, 'clf__min_samples_leaf': 2, 'clf__min_samples_split': 2, 'clf__n_estimators': 900, 'sampler': SMOTE(k_neighbors=1, random_state=42,
      sampling_strategy={'excess_humidity_soil': 220,
                         'fungal_risk_botrytis_floracion': 220,
                         'fungal_risk_ojo_gallo_maduracion': 220,
                         'fungal_risk_roya_vegetativo': 220, 'k_excess': 220,
                         'p_deficiency_moderate': 220,
                         'pest_risk_broca_fructificacion': 220,
                         'water_deficit_cosecha': 220,
                         'water_deficit_maduracion': 220,
                         'water_deficit_plantula': 220})}",0.9580875932672593,0.8711977368419783,0.9127875333953246,0.9209906755308268,0.9157658847588472,0.03087724014248387,19
161.2597078680992,4.082165916133992,5.151388943195343,0.3361718791848699,"RandomForestClassifier(class_weight='balanced_subsample', n_estimators=900,
                       n_jobs=-1, random_state=42)","{'fungal_risk_ojo_gallo_maduracion': 0.6541442688782101, 'p_deficiency_severe': 0.014630323432975021, 'n_deficiency_severe': 0.013138471217329828, 'water_deficit_floracion': 0.10307727873232402, 'water_deficit_vegetativo': 0.08176803360977626, 'n_deficiency_moderate': 0.025966032047073987, 'fungal_risk_botrytis_floracion': 0.4417597659956743, 'water_deficit_maduracion': 0.23787064322844004, 'p_deficiency_moderate': 0.3470969589966013, 'water_deficit_fructificacion': 0.12692351485696612, 'fungal_risk_roya_vegetativo': 0.2932370860488528, 'water_deficit_plantula': 0.21665924829087213, 'excess_humidity_soil': 0.7086562912847276, 'water_deficit_cosecha': 0.8296463897967542, 'pest_risk_broca_fructificacion': 3.4015501981666922, 'k_excess': 8.50387549541673}",entropy,32,,1,2,900,"RandomOverSampler(random_state=42,
                  sampling_strategy={'excess_humidity_soil': 220,
                                     'fungal_risk_botrytis_floracion': 220,
                                     'fungal_risk_ojo_gallo_maduracion': 220,
                                     'fungal_risk_roya_vegetativo': 220,
                                     'k_excess': 220,
                                     'p_deficiency_moderate': 220,
                                     'pest_risk_broca_fructificacion': 220,
                                     'water_deficit_cosecha': 220,
                                     'water_deficit_maduracion': 220,
                                     'water_deficit_plantula': 220})","{'clf': RandomForestClassifier(class_weight='balanced_subsample', n_estimators=900,
                       n_jobs=-1, random_state=42), 'clf__class_weight': {'fungal_risk_ojo_gallo_maduracion': 0.6541442688782101, 'p_deficiency_severe': 0.014630323432975021, 'n_deficiency_severe': 0.013138471217329828, 'water_deficit_floracion': 0.10307727873232402, 'water_deficit_vegetativo': 0.08176803360977626, 'n_deficiency_moderate': 0.025966032047073987, 'fungal_risk_botrytis_floracion': 0.4417597659956743, 'water_deficit_maduracion': 0.23787064322844004, 'p_deficiency_moderate': 0.3470969589966013, 'water_deficit_fructificacion': 0.12692351485696612, 'fungal_risk_roya_vegetativo': 0.2932370860488528, 'water_deficit_plantula': 0.21665924829087213, 'excess_humidity_soil': 0.7086562912847276, 'water_deficit_cosecha': 0.8296463897967542, 'pest_risk_broca_fructificacion': 3.4015501981666922, 'k_excess': 8.50387549541673}, 'clf__criterion': 'entropy', 'clf__max_depth': 32, 'clf__max_features': None, 'clf__min_samples_leaf': 1, 'clf__min_samples_split': 2, 'clf__n_estimators': 900, 'sampler': RandomOverSampler(random_state=42,
                  sampling_strategy={'excess_humidity_soil': 220,
                                     'fungal_risk_botrytis_floracion': 220,
                                     'fungal_risk_ojo_gallo_maduracion': 220,
                                     'fungal_risk_roya_vegetativo': 220,
                                     'k_excess': 220,
                                     'p_deficiency_moderate': 220,
                                     'pest_risk_broca_fructificacion': 220,
                                     'water_deficit_cosecha': 220,
                                     'water_deficit_maduracion': 220,
                                     'water_deficit_plantula': 220})}",0.9360957526673999,0.8275893900948103,0.9074076034351128,0.910157367497676,0.8953125284237498,0.040670489705343454,39
187.9157679080963,0.8902630049426662,5.218226075172424,0.4263065941558841,"RandomForestClassifier(class_weight='balanced_subsample', n_estimators=900,
                       n_jobs=-1, random_state=42)","{'fungal_risk_ojo_gallo_maduracion': 0.6541442688782101, 'p_deficiency_severe': 0.014630323432975021, 'n_deficiency_severe': 0.013138471217329828, 'water_deficit_floracion': 0.10307727873232402, 'water_deficit_vegetativo': 0.08176803360977626, 'n_deficiency_moderate': 0.025966032047073987, 'fungal_risk_botrytis_floracion': 0.4417597659956743, 'water_deficit_maduracion': 0.23787064322844004, 'p_deficiency_moderate': 0.3470969589966013, 'water_deficit_fructificacion': 0.12692351485696612, 'fungal_risk_roya_vegetativo': 0.2932370860488528, 'water_deficit_plantula': 0.21665924829087213, 'excess_humidity_soil': 0.7086562912847276, 'water_deficit_cosecha': 0.8296463897967542, 'pest_risk_broca_fructificacion': 3.4015501981666922, 'k_excess': 8.50387549541673}",entropy,32,,1,2,900,"SMOTE(k_neighbors=1, random_state=42,
      sampling_strategy={'excess_humidity_soil': 220,
                         'fungal_risk_botrytis_floracion': 220,
                         'fungal_risk_ojo_gallo_maduracion': 220,
                         'fungal_risk_roya_vegetativo': 220, 'k_excess': 220,
                         'p_deficiency_moderate': 220,
                         'pest_risk_broca_fructificacion': 220,
                         'water_deficit_cosecha': 220,
                         'water_deficit_maduracion': 220,
                         'water_deficit_plantula': 220})","{'clf': RandomForestClassifier(class_weight='balanced_subsample', n_estimators=900,
                       n_jobs=-1, random_state=42), 'clf__class_weight': {'fungal_risk_ojo_gallo_maduracion': 0.6541442688782101, 'p_deficiency_severe': 0.014630323432975021, 'n_deficiency_severe': 0.013138471217329828, 'water_deficit_floracion': 0.10307727873232402, 'water_deficit_vegetativo': 0.08176803360977626, 'n_deficiency_moderate': 0.025966032047073987, 'fungal_risk_botrytis_floracion': 0.4417597659956743, 'water_deficit_maduracion': 0.23787064322844004, 'p_deficiency_moderate': 0.3470969589966013, 'water_deficit_fructificacion': 0.12692351485696612, 'fungal_risk_roya_vegetativo': 0.2932370860488528, 'water_deficit_plantula': 0.21665924829087213, 'excess_humidity_soil': 0.7086562912847276, 'water_deficit_cosecha': 0.8296463897967542, 'pest_risk_broca_fructificacion': 3.4015501981666922, 'k_excess': 8.50387549541673}, 'clf__criterion': 'entropy', 'clf__max_depth': 32, 'clf__max_features': None, 'clf__min_samples_leaf': 1, 'clf__min_samples_split': 2, 'clf__n_estimators': 900, 'sampler': SMOTE(k_neighbors=1, random_state=42,
      sampling_strategy={'excess_humidity_soil': 220,
                         'fungal_risk_botrytis_floracion': 220,
                         'fungal_risk_ojo_gallo_maduracion': 220,
                         'fungal_risk_roya_vegetativo': 220, 'k_excess': 220,
                         'p_deficiency_moderate': 220,
                         'pest_risk_broca_fructificacion': 220,
                         'water_deficit_cosecha': 220,
                         'water_deficit_maduracion': 220,
                         'water_deficit_plantula': 220})}",0.9703305436932,0.8891992751590636,0.9170996742444788,0.9217086634369624,0.9245845391334262,0.02919378231381419,5
157.3049400448799,3.3727812515345725,4.2574867606163025,0.43834863074249003,"RandomForestClassifier(class_weight='balanced_subsample', n_estimators=900,
                       n_jobs=-1, random_state=42)","{'fungal_risk_ojo_gallo_maduracion': 0.6541442688782101, 'p_deficiency_severe': 0.014630323432975021, 'n_deficiency_severe': 0.013138471217329828, 'water_deficit_floracion': 0.10307727873232402, 'water_deficit_vegetativo': 0.08176803360977626, 'n_deficiency_moderate': 0.025966032047073987, 'fungal_risk_botrytis_floracion': 0.4417597659956743, 'water_deficit_maduracion': 0.23787064322844004, 'p_deficiency_moderate': 0.3470969589966013, 'water_deficit_fructificacion': 0.12692351485696612, 'fungal_risk_roya_vegetativo': 0.2932370860488528, 'water_deficit_plantula': 0.21665924829087213, 'excess_humidity_soil': 0.7086562912847276, 'water_deficit_cosecha': 0.8296463897967542, 'pest_risk_broca_fructificacion': 3.4015501981666922, 'k_excess': 8.50387549541673}",entropy,32,,2,2,900,"RandomOverSampler(random_state=42,
                  sampling_strategy={'excess_humidity_soil': 220,
                                     'fungal_risk_botrytis_floracion': 220,
                                     'fungal_risk_ojo_gallo_maduracion': 220,
                                     'fungal_risk_roya_vegetativo': 220,
                                     'k_excess': 220,
                                     'p_deficiency_moderate': 220,
                                     'pest_risk_broca_fructificacion': 220,
                                     'water_deficit_cosecha': 220,
                                     'water_deficit_maduracion': 220,
                                     'water_deficit_plantula': 220})","{'clf': RandomForestClassifier(class_weight='balanced_subsample', n_estimators=900,
                       n_jobs=-1, random_state=42), 'clf__class_weight': {'fungal_risk_ojo_gallo_maduracion': 0.6541442688782101, 'p_deficiency_severe': 0.014630323432975021, 'n_deficiency_severe': 0.013138471217329828, 'water_deficit_floracion': 0.10307727873232402, 'water_deficit_vegetativo': 0.08176803360977626, 'n_deficiency_moderate': 0.025966032047073987, 'fungal_risk_botrytis_floracion': 0.4417597659956743, 'water_deficit_maduracion': 0.23787064322844004, 'p_deficiency_moderate': 0.3470969589966013, 'water_deficit_fructificacion': 0.12692351485696612, 'fungal_risk_roya_vegetativo': 0.2932370860488528, 'water_deficit_plantula': 0.21665924829087213, 'excess_humidity_soil': 0.7086562912847276, 'water_deficit_cosecha': 0.8296463897967542, 'pest_risk_broca_fructificacion': 3.4015501981666922, 'k_excess': 8.50387549541673}, 'clf__criterion': 'entropy', 'clf__max_depth': 32, 'clf__max_features': None, 'clf__min_samples_leaf': 2, 'clf__min_samples_split': 2, 'clf__n_estimators': 900, 'sampler': RandomOverSampler(random_state=42,
                  sampling_strategy={'excess_humidity_soil': 220,
                                     'fungal_risk_botrytis_floracion': 220,
                                     'fungal_risk_ojo_gallo_maduracion': 220,
                                     'fungal_risk_roya_vegetativo': 220,
                                     'k_excess': 220,
                                     'p_deficiency_moderate': 220,
                                     'pest_risk_broca_fructificacion': 220,
                                     'water_deficit_cosecha': 220,
                                     'water_deficit_maduracion': 220,
                                     'water_deficit_plantula': 220})}",0.9322777040500043,0.8236909631426478,0.9034337302844435,0.9135010226281954,0.8932258550263228,0.041459110096612566,45
178.78347104787827,0.9095703586500943,4.62005615234375,0.20597318651817084,"RandomForestClassifier(class_weight='balanced_subsample', n_estimators=900,
                       n_jobs=-1, random_state=42)","{'fungal_risk_ojo_gallo_maduracion': 0.6541442688782101, 'p_deficiency_severe': 0.014630323432975021, 'n_deficiency_severe': 0.013138471217329828, 'water_deficit_floracion': 0.10307727873232402, 'water_deficit_vegetativo': 0.08176803360977626, 'n_deficiency_moderate': 0.025966032047073987, 'fungal_risk_botrytis_floracion': 0.4417597659956743, 'water_deficit_maduracion': 0.23787064322844004, 'p_deficiency_moderate': 0.3470969589966013, 'water_deficit_fructificacion': 0.12692351485696612, 'fungal_risk_roya_vegetativo': 0.2932370860488528, 'water_deficit_plantula': 0.21665924829087213, 'excess_humidity_soil': 0.7086562912847276, 'water_deficit_cosecha': 0.8296463897967542, 'pest_risk_broca_fructificacion': 3.4015501981666922, 'k_excess': 8.50387549541673}",entropy,32,,2,2,900,"SMOTE(k_neighbors=1, random_state=42,
      sampling_strategy={'excess_humidity_soil': 220,
                         'fungal_risk_botrytis_floracion': 220,
                         'fungal_risk_ojo_gallo_maduracion': 220,
                         'fungal_risk_roya_vegetativo': 220, 'k_excess': 220,
                         'p_deficiency_moderate': 220,
                         'pest_risk_broca_fructificacion': 220,
                         'water_deficit_cosecha': 220,
                         'water_deficit_maduracion': 220,
                         'water_deficit_plantula': 220})","{'clf': RandomForestClassifier(class_weight='balanced_subsample', n_estimators=900,
                       n_jobs=-1, random_state=42), 'clf__class_weight': {'fungal_risk_ojo_gallo_maduracion': 0.6541442688782101, 'p_deficiency_severe': 0.014630323432975021, 'n_deficiency_severe': 0.013138471217329828, 'water_deficit_floracion': 0.10307727873232402, 'water_deficit_vegetativo': 0.08176803360977626, 'n_deficiency_moderate': 0.025966032047073987, 'fungal_risk_botrytis_floracion': 0.4417597659956743, 'water_deficit_maduracion': 0.23787064322844004, 'p_deficiency_moderate': 0.3470969589966013, 'water_deficit_fructificacion': 0.12692351485696612, 'fungal_risk_roya_vegetativo': 0.2932370860488528, 'water_deficit_plantula': 0.21665924829087213, 'excess_humidity_soil': 0.7086562912847276, 'water_deficit_cosecha': 0.8296463897967542, 'pest_risk_broca_fructificacion': 3.4015501981666922, 'k_excess': 8.50387549541673}, 'clf__criterion': 'entropy', 'clf__max_depth': 32, 'clf__max_features': None, 'clf__min_samples_leaf': 2, 'clf__min_samples_split': 2, 'clf__n_estimators': 900, 'sampler': SMOTE(k_neighbors=1, random_state=42,
      sampling_strategy={'excess_humidity_soil': 220,
                         'fungal_risk_botrytis_floracion': 220,
                         'fungal_risk_ojo_gallo_maduracion': 220,
                         'fungal_risk_roya_vegetativo': 220, 'k_excess': 220,
                         'p_deficiency_moderate': 220,
                         'pest_risk_broca_fructificacion': 220,
                         'water_deficit_cosecha': 220,
                         'water_deficit_maduracion': 220,
                         'water_deficit_plantula': 220})}",0.9580875932672593,0.8711977368419783,0.9127875333953246,0.9209906755308268,0.9157658847588472,0.03087724014248387,19
90.12336999177933,1.8766901006575485,4.0470428466796875,0.1748412918121981,"RandomForestClassifier(class_weight='balanced_subsample', n_estimators=900,
                       n_jobs=-1, random_state=42)","{'fungal_risk_ojo_gallo_maduracion': 0.2494398505602105, 'p_deficiency_severe': 0.0008343272287610751, 'n_deficiency_severe': 0.0007100235890056758, 'water_deficit_floracion': 0.01560270664966946, 'water_deficit_vegetativo': 0.011023788114330243, 'n_deficiency_moderate': 0.0019727130139838888, 'fungal_risk_botrytis_floracion': 0.13843144917589917, 'water_deficit_maduracion': 0.054697414351771265, 'p_deficiency_moderate': 0.0964121437385677, 'water_deficit_fructificacion': 0.021319089954251913, 'fungal_risk_roya_vegetativo': 0.07486586887558387, 'water_deficit_plantula': 0.047546808887092035, 'excess_humidity_soil': 0.28126066357084767, 'water_deficit_cosecha': 0.3562829733329501, 'pest_risk_broca_fructificacion': 2.9578139515511954, 'k_excess': 11.69178622740588}",gini,,,1,2,900,"RandomOverSampler(random_state=42,
                  sampling_strategy={'excess_humidity_soil': 220,
                                     'fungal_risk_botrytis_floracion': 220,
                                     'fungal_risk_ojo_gallo_maduracion': 220,
                                     'fungal_risk_roya_vegetativo': 220,
                                     'k_excess': 220,
                                     'p_deficiency_moderate': 220,
                                     'pest_risk_broca_fructificacion': 220,
                                     'water_deficit_cosecha': 220,
                                     'water_deficit_maduracion': 220,
                                     'water_deficit_plantula': 220})","{'clf': RandomForestClassifier(class_weight='balanced_subsample', n_estimators=900,
                       n_jobs=-1, random_state=42), 'clf__class_weight': {'fungal_risk_ojo_gallo_maduracion': 0.2494398505602105, 'p_deficiency_severe': 0.0008343272287610751, 'n_deficiency_severe': 0.0007100235890056758, 'water_deficit_floracion': 0.01560270664966946, 'water_deficit_vegetativo': 0.011023788114330243, 'n_deficiency_moderate': 0.0019727130139838888, 'fungal_risk_botrytis_floracion': 0.13843144917589917, 'water_deficit_maduracion': 0.054697414351771265, 'p_deficiency_moderate': 0.0964121437385677, 'water_deficit_fructificacion': 0.021319089954251913, 'fungal_risk_roya_vegetativo': 0.07486586887558387, 'water_deficit_plantula': 0.047546808887092035, 'excess_humidity_soil': 0.28126066357084767, 'water_deficit_cosecha': 0.3562829733329501, 'pest_risk_broca_fructificacion': 2.9578139515511954, 'k_excess': 11.69178622740588}, 'clf__criterion': 'gini', 'clf__max_depth': None, 'clf__max_features': None, 'clf__min_samples_leaf': 1, 'clf__min_samples_split': 2, 'clf__n_estimators': 900, 'sampler': RandomOverSampler(random_state=42,
                  sampling_strategy={'excess_humidity_soil': 220,
                                     'fungal_risk_botrytis_floracion': 220,
                                     'fungal_risk_ojo_gallo_maduracion': 220,
                                     'fungal_risk_roya_vegetativo': 220,
                                     'k_excess': 220,
                                     'p_deficiency_moderate': 220,
                                     'pest_risk_broca_fructificacion': 220,
                                     'water_deficit_cosecha': 220,
                                     'water_deficit_maduracion': 220,
                                     'water_deficit_plantula': 220})}",0.9082440164651411,0.8278683407279297,0.8535222067011714,0.8658737101604932,0.8638770685136838,0.02905281521771109,77
89.8430500626564,1.3993949798319927,3.2870492339134216,0.5377251960947069,"RandomForestClassifier(class_weight='balanced_subsample', n_estimators=900,
                       n_jobs=-1, random_state=42)","{'fungal_risk_ojo_gallo_maduracion': 0.2494398505602105, 'p_deficiency_severe': 0.0008343272287610751, 'n_deficiency_severe': 0.0007100235890056758, 'water_deficit_floracion': 0.01560270664966946, 'water_deficit_vegetativo': 0.011023788114330243, 'n_deficiency_moderate': 0.0019727130139838888, 'fungal_risk_botrytis_floracion': 0.13843144917589917, 'water_deficit_maduracion': 0.054697414351771265, 'p_deficiency_moderate': 0.0964121437385677, 'water_deficit_fructificacion': 0.021319089954251913, 'fungal_risk_roya_vegetativo': 0.07486586887558387, 'water_deficit_plantula': 0.047546808887092035, 'excess_humidity_soil': 0.28126066357084767, 'water_deficit_cosecha': 0.3562829733329501, 'pest_risk_broca_fructificacion': 2.9578139515511954, 'k_excess': 11.69178622740588}",gini,,,1,2,900,"SMOTE(k_neighbors=1, random_state=42,
      sampling_strategy={'excess_humidity_soil': 220,
                         'fungal_risk_botrytis_floracion': 220,
                         'fungal_risk_ojo_gallo_maduracion': 220,
                         'fungal_risk_roya_vegetativo': 220, 'k_excess': 220,
                         'p_deficiency_moderate': 220,
                         'pest_risk_broca_fructificacion': 220,
                         'water_deficit_cosecha': 220,
                         'water_deficit_maduracion': 220,
                         'water_deficit_plantula': 220})","{'clf': RandomForestClassifier(class_weight='balanced_subsample', n_estimators=900,
                       n_jobs=-1, random_state=42), 'clf__class_weight': {'fungal_risk_ojo_gallo_maduracion': 0.2494398505602105, 'p_deficiency_severe': 0.0008343272287610751, 'n_deficiency_severe': 0.0007100235890056758, 'water_deficit_floracion': 0.01560270664966946, 'water_deficit_vegetativo': 0.011023788114330243, 'n_deficiency_moderate': 0.0019727130139838888, 'fungal_risk_botrytis_floracion': 0.13843144917589917, 'water_deficit_maduracion': 0.054697414351771265, 'p_deficiency_moderate': 0.0964121437385677, 'water_deficit_fructificacion': 0.021319089954251913, 'fungal_risk_roya_vegetativo': 0.07486586887558387, 'water_deficit_plantula': 0.047546808887092035, 'excess_humidity_soil': 0.28126066357084767, 'water_deficit_cosecha': 0.3562829733329501, 'pest_risk_broca_fructificacion': 2.9578139515511954, 'k_excess': 11.69178622740588}, 'clf__criterion': 'gini', 'clf__max_depth': None, 'clf__max_features': None, 'clf__min_samples_leaf': 1, 'clf__min_samples_split': 2, 'clf__n_estimators': 900, 'sampler': SMOTE(k_neighbors=1, random_state=42,
      sampling_strategy={'excess_humidity_soil': 220,
                         'fungal_risk_botrytis_floracion': 220,
                         'fungal_risk_ojo_gallo_maduracion': 220,
                         'fungal_risk_roya_vegetativo': 220, 'k_excess': 220,
                         'p_deficiency_moderate': 220,
                         'pest_risk_broca_fructificacion': 220,
                         'water_deficit_cosecha': 220,
                         'water_deficit_maduracion': 220,
                         'water_deficit_plantula': 220})}",0.9548410008415595,0.8719012444002534,0.8551295188039783,0.8931719285904325,0.893760923159056,0.03775365466476756,43
82.22981345653534,1.4884062761345387,3.885997235774994,1.1735379774636858,"RandomForestClassifier(class_weight='balanced_subsample', n_estimators=900,
                       n_jobs=-1, random_state=42)","{'fungal_risk_ojo_gallo_maduracion': 0.2494398505602105, 'p_deficiency_severe': 0.0008343272287610751, 'n_deficiency_severe': 0.0007100235890056758, 'water_deficit_floracion': 0.01560270664966946, 'water_deficit_vegetativo': 0.011023788114330243, 'n_deficiency_moderate': 0.0019727130139838888, 'fungal_risk_botrytis_floracion': 0.13843144917589917, 'water_deficit_maduracion': 0.054697414351771265, 'p_deficiency_moderate': 0.0964121437385677, 'water_deficit_fructificacion': 0.021319089954251913, 'fungal_risk_roya_vegetativo': 0.07486586887558387, 'water_deficit_plantula': 0.047546808887092035, 'excess_humidity_soil': 0.28126066357084767, 'water_deficit_cosecha': 0.3562829733329501, 'pest_risk_broca_fructificacion': 2.9578139515511954, 'k_excess': 11.69178622740588}",gini,,,2,2,900,"RandomOverSampler(random_state=42,
                  sampling_strategy={'excess_humidity_soil': 220,
                                     'fungal_risk_botrytis_floracion': 220,
                                     'fungal_risk_ojo_gallo_maduracion': 220,
                                     'fungal_risk_roya_vegetativo': 220,
                                     'k_excess': 220,
                                     'p_deficiency_moderate': 220,
                                     'pest_risk_broca_fructificacion': 220,
                                     'water_deficit_cosecha': 220,
                                     'water_deficit_maduracion': 220,
                                     'water_deficit_plantula': 220})","{'clf': RandomForestClassifier(class_weight='balanced_subsample', n_estimators=900,
                       n_jobs=-1, random_state=42), 'clf__class_weight': {'fungal_risk_ojo_gallo_maduracion': 0.2494398505602105, 'p_deficiency_severe': 0.0008343272287610751, 'n_deficiency_severe': 0.0007100235890056758, 'water_deficit_floracion': 0.01560270664966946, 'water_deficit_vegetativo': 0.011023788114330243, 'n_deficiency_moderate': 0.0019727130139838888, 'fungal_risk_botrytis_floracion': 0.13843144917589917, 'water_deficit_maduracion': 0.054697414351771265, 'p_deficiency_moderate': 0.0964121437385677, 'water_deficit_fructificacion': 0.021319089954251913, 'fungal_risk_roya_vegetativo': 0.07486586887558387, 'water_deficit_plantula': 0.047546808887092035, 'excess_humidity_soil': 0.28126066357084767, 'water_deficit_cosecha': 0.3562829733329501, 'pest_risk_broca_fructificacion': 2.9578139515511954, 'k_excess': 11.69178622740588}, 'clf__criterion': 'gini', 'clf__max_depth': None, 'clf__max_features': None, 'clf__min_samples_leaf': 2, 'clf__min_samples_split': 2, 'clf__n_estimators': 900, 'sampler': RandomOverSampler(random_state=42,
                  sampling_strategy={'excess_humidity_soil': 220,
                                     'fungal_risk_botrytis_floracion': 220,
                                     'fungal_risk_ojo_gallo_maduracion': 220,
                                     'fungal_risk_roya_vegetativo': 220,
                                     'k_excess': 220,
                                     'p_deficiency_moderate': 220,
                                     'pest_risk_broca_fructificacion': 220,
                                     'water_deficit_cosecha': 220,
                                     'water_deficit_maduracion': 220,
                                     'water_deficit_plantula': 220})}",0.897284830921056,0.8181268990966659,0.846283291821648,0.8691944841529085,0.8577223764980695,0.02913525159876994,79
88.24601405858994,2.004916643149618,6.810239791870117,1.4728374202958878,"RandomForestClassifier(class_weight='balanced_subsample', n_estimators=900,
                       n_jobs=-1, random_state=42)","{'fungal_risk_ojo_gallo_maduracion': 0.2494398505602105, 'p_deficiency_severe': 0.0008343272287610751, 'n_deficiency_severe': 0.0007100235890056758, 'water_deficit_floracion': 0.01560270664966946, 'water_deficit_vegetativo': 0.011023788114330243, 'n_deficiency_moderate': 0.0019727130139838888, 'fungal_risk_botrytis_floracion': 0.13843144917589917, 'water_deficit_maduracion': 0.054697414351771265, 'p_deficiency_moderate': 0.0964121437385677, 'water_deficit_fructificacion': 0.021319089954251913, 'fungal_risk_roya_vegetativo': 0.07486586887558387, 'water_deficit_plantula': 0.047546808887092035, 'excess_humidity_soil': 0.28126066357084767, 'water_deficit_cosecha': 0.3562829733329501, 'pest_risk_broca_fructificacion': 2.9578139515511954, 'k_excess': 11.69178622740588}",gini,,,2,2,900,"SMOTE(k_neighbors=1, random_state=42,
      sampling_strategy={'excess_humidity_soil': 220,
                         'fungal_risk_botrytis_floracion': 220,
                         'fungal_risk_ojo_gallo_maduracion': 220,
                         'fungal_risk_roya_vegetativo': 220, 'k_excess': 220,
                         'p_deficiency_moderate': 220,
                         'pest_risk_broca_fructificacion': 220,
                         'water_deficit_cosecha': 220,
                         'water_deficit_maduracion': 220,
                         'water_deficit_plantula': 220})","{'clf': RandomForestClassifier(class_weight='balanced_subsample', n_estimators=900,
                       n_jobs=-1, random_state=42), 'clf__class_weight': {'fungal_risk_ojo_gallo_maduracion': 0.2494398505602105, 'p_deficiency_severe': 0.0008343272287610751, 'n_deficiency_severe': 0.0007100235890056758, 'water_deficit_floracion': 0.01560270664966946, 'water_deficit_vegetativo': 0.011023788114330243, 'n_deficiency_moderate': 0.0019727130139838888, 'fungal_risk_botrytis_floracion': 0.13843144917589917, 'water_deficit_maduracion': 0.054697414351771265, 'p_deficiency_moderate': 0.0964121437385677, 'water_deficit_fructificacion': 0.021319089954251913, 'fungal_risk_roya_vegetativo': 0.07486586887558387, 'water_deficit_plantula': 0.047546808887092035, 'excess_humidity_soil': 0.28126066357084767, 'water_deficit_cosecha': 0.3562829733329501, 'pest_risk_broca_fructificacion': 2.9578139515511954, 'k_excess': 11.69178622740588}, 'clf__criterion': 'gini', 'clf__max_depth': None, 'clf__max_features': None, 'clf__min_samples_leaf': 2, 'clf__min_samples_split': 2, 'clf__n_estimators': 900, 'sampler': SMOTE(k_neighbors=1, random_state=42,
      sampling_strategy={'excess_humidity_soil': 220,
                         'fungal_risk_botrytis_floracion': 220,
                         'fungal_risk_ojo_gallo_maduracion': 220,
                         'fungal_risk_roya_vegetativo': 220, 'k_excess': 220,
                         'p_deficiency_moderate': 220,
                         'pest_risk_broca_fructificacion': 220,
                         'water_deficit_cosecha': 220,
                         'water_deficit_maduracion': 220,
                         'water_deficit_plantula': 220})}",0.943149112563882,0.8664086653474186,0.8515793438573931,0.8960755342034504,0.8893031639930361,0.03497318919408701,51
79.44044482707977,2.3883913776113066,5.282588422298431,0.2628920351997754,"RandomForestClassifier(class_weight='balanced_subsample', n_estimators=900,
                       n_jobs=-1, random_state=42)","{'fungal_risk_ojo_gallo_maduracion': 0.2494398505602105, 'p_deficiency_severe': 0.0008343272287610751, 'n_deficiency_severe': 0.0007100235890056758, 'water_deficit_floracion': 0.01560270664966946, 'water_deficit_vegetativo': 0.011023788114330243, 'n_deficiency_moderate': 0.0019727130139838888, 'fungal_risk_botrytis_floracion': 0.13843144917589917, 'water_deficit_maduracion': 0.054697414351771265, 'p_deficiency_moderate': 0.0964121437385677, 'water_deficit_fructificacion': 0.021319089954251913, 'fungal_risk_roya_vegetativo': 0.07486586887558387, 'water_deficit_plantula': 0.047546808887092035, 'excess_humidity_soil': 0.28126066357084767, 'water_deficit_cosecha': 0.3562829733329501, 'pest_risk_broca_fructificacion': 2.9578139515511954, 'k_excess': 11.69178622740588}",gini,32,,1,2,900,"RandomOverSampler(random_state=42,
                  sampling_strategy={'excess_humidity_soil': 220,
                                     'fungal_risk_botrytis_floracion': 220,
                                     'fungal_risk_ojo_gallo_maduracion': 220,
                                     'fungal_risk_roya_vegetativo': 220,
                                     'k_excess': 220,
                                     'p_deficiency_moderate': 220,
                                     'pest_risk_broca_fructificacion': 220,
                                     'water_deficit_cosecha': 220,
                                     'water_deficit_maduracion': 220,
                                     'water_deficit_plantula': 220})","{'clf': RandomForestClassifier(class_weight='balanced_subsample', n_estimators=900,
                       n_jobs=-1, random_state=42), 'clf__class_weight': {'fungal_risk_ojo_gallo_maduracion': 0.2494398505602105, 'p_deficiency_severe': 0.0008343272287610751, 'n_deficiency_severe': 0.0007100235890056758, 'water_deficit_floracion': 0.01560270664966946, 'water_deficit_vegetativo': 0.011023788114330243, 'n_deficiency_moderate': 0.0019727130139838888, 'fungal_risk_botrytis_floracion': 0.13843144917589917, 'water_deficit_maduracion': 0.054697414351771265, 'p_deficiency_moderate': 0.0964121437385677, 'water_deficit_fructificacion': 0.021319089954251913, 'fungal_risk_roya_vegetativo': 0.07486586887558387, 'water_deficit_plantula': 0.047546808887092035, 'excess_humidity_soil': 0.28126066357084767, 'water_deficit_cosecha': 0.3562829733329501, 'pest_risk_broca_fructificacion': 2.9578139515511954, 'k_excess': 11.69178622740588}, 'clf__criterion': 'gini', 'clf__max_depth': 32, 'clf__max_features': None, 'clf__min_samples_leaf': 1, 'clf__min_samples_split': 2, 'clf__n_estimators': 900, 'sampler': RandomOverSampler(random_state=42,
                  sampling_strategy={'excess_humidity_soil': 220,
                                     'fungal_risk_botrytis_floracion': 220,
                                     'fungal_risk_ojo_gallo_maduracion': 220,
                                     'fungal_risk_roya_vegetativo': 220,
                                     'k_excess': 220,
                                     'p_deficiency_moderate': 220,
                                     'pest_risk_broca_fructificacion': 220,
                                     'water_deficit_cosecha': 220,
                                     'water_deficit_maduracion': 220,
                                     'water_deficit_plantula': 220})}",0.9082440164651411,0.8278683407279297,0.8535222067011714,0.8658737101604932,0.8638770685136838,0.02905281521771109,77
89.36266309022903,1.8374132394933282,4.387884557247162,0.2184072493331392,"RandomForestClassifier(class_weight='balanced_subsample', n_estimators=900,
                       n_jobs=-1, random_state=42)","{'fungal_risk_ojo_gallo_maduracion': 0.2494398505602105, 'p_deficiency_severe': 0.0008343272287610751, 'n_deficiency_severe': 0.0007100235890056758, 'water_deficit_floracion': 0.01560270664966946, 'water_deficit_vegetativo': 0.011023788114330243, 'n_deficiency_moderate': 0.0019727130139838888, 'fungal_risk_botrytis_floracion': 0.13843144917589917, 'water_deficit_maduracion': 0.054697414351771265, 'p_deficiency_moderate': 0.0964121437385677, 'water_deficit_fructificacion': 0.021319089954251913, 'fungal_risk_roya_vegetativo': 0.07486586887558387, 'water_deficit_plantula': 0.047546808887092035, 'excess_humidity_soil': 0.28126066357084767, 'water_deficit_cosecha': 0.3562829733329501, 'pest_risk_broca_fructificacion': 2.9578139515511954, 'k_excess': 11.69178622740588}",gini,32,,1,2,900,"SMOTE(k_neighbors=1, random_state=42,
      sampling_strategy={'excess_humidity_soil': 220,
                         'fungal_risk_botrytis_floracion': 220,
                         'fungal_risk_ojo_gallo_maduracion': 220,
                         'fungal_risk_roya_vegetativo': 220, 'k_excess': 220,
                         'p_deficiency_moderate': 220,
                         'pest_risk_broca_fructificacion': 220,
                         'water_deficit_cosecha': 220,
                         'water_deficit_maduracion': 220,
                         'water_deficit_plantula': 220})","{'clf': RandomForestClassifier(class_weight='balanced_subsample', n_estimators=900,
                       n_jobs=-1, random_state=42), 'clf__class_weight': {'fungal_risk_ojo_gallo_maduracion': 0.2494398505602105, 'p_deficiency_severe': 0.0008343272287610751, 'n_deficiency_severe': 0.0007100235890056758, 'water_deficit_floracion': 0.01560270664966946, 'water_deficit_vegetativo': 0.011023788114330243, 'n_deficiency_moderate': 0.0019727130139838888, 'fungal_risk_botrytis_floracion': 0.13843144917589917, 'water_deficit_maduracion': 0.054697414351771265, 'p_deficiency_moderate': 0.0964121437385677, 'water_deficit_fructificacion': 0.021319089954251913, 'fungal_risk_roya_vegetativo': 0.07486586887558387, 'water_deficit_plantula': 0.047546808887092035, 'excess_humidity_soil': 0.28126066357084767, 'water_deficit_cosecha': 0.3562829733329501, 'pest_risk_broca_fructificacion': 2.9578139515511954, 'k_excess': 11.69178622740588}, 'clf__criterion': 'gini', 'clf__max_depth': 32, 'clf__max_features': None, 'clf__min_samples_leaf': 1, 'clf__min_samples_split': 2, 'clf__n_estimators': 900, 'sampler': SMOTE(k_neighbors=1, random_state=42,
      sampling_strategy={'excess_humidity_soil': 220,
                         'fungal_risk_botrytis_floracion': 220,
                         'fungal_risk_ojo_gallo_maduracion': 220,
                         'fungal_risk_roya_vegetativo': 220, 'k_excess': 220,
                         'p_deficiency_moderate': 220,
                         'pest_risk_broca_fructificacion': 220,
                         'water_deficit_cosecha': 220,
                         'water_deficit_maduracion': 220,
                         'water_deficit_plantula': 220})}",0.9548410008415595,0.8719012444002534,0.8551295188039783,0.8931719285904325,0.893760923159056,0.03775365466476756,43
78.78943133354187,2.0523788829950833,5.1658549308776855,0.2581999651899826,"RandomForestClassifier(class_weight='balanced_subsample', n_estimators=900,
                       n_jobs=-1, random_state=42)","{'fungal_risk_ojo_gallo_maduracion': 0.2494398505602105, 'p_deficiency_severe': 0.0008343272287610751, 'n_deficiency_severe': 0.0007100235890056758, 'water_deficit_floracion': 0.01560270664966946, 'water_deficit_vegetativo': 0.011023788114330243, 'n_deficiency_moderate': 0.0019727130139838888, 'fungal_risk_botrytis_floracion': 0.13843144917589917, 'water_deficit_maduracion': 0.054697414351771265, 'p_deficiency_moderate': 0.0964121437385677, 'water_deficit_fructificacion': 0.021319089954251913, 'fungal_risk_roya_vegetativo': 0.07486586887558387, 'water_deficit_plantula': 0.047546808887092035, 'excess_humidity_soil': 0.28126066357084767, 'water_deficit_cosecha': 0.3562829733329501, 'pest_risk_broca_fructificacion': 2.9578139515511954, 'k_excess': 11.69178622740588}",gini,32,,2,2,900,"RandomOverSampler(random_state=42,
                  sampling_strategy={'excess_humidity_soil': 220,
                                     'fungal_risk_botrytis_floracion': 220,
                                     'fungal_risk_ojo_gallo_maduracion': 220,
                                     'fungal_risk_roya_vegetativo': 220,
                                     'k_excess': 220,
                                     'p_deficiency_moderate': 220,
                                     'pest_risk_broca_fructificacion': 220,
                                     'water_deficit_cosecha': 220,
                                     'water_deficit_maduracion': 220,
                                     'water_deficit_plantula': 220})","{'clf': RandomForestClassifier(class_weight='balanced_subsample', n_estimators=900,
                       n_jobs=-1, random_state=42), 'clf__class_weight': {'fungal_risk_ojo_gallo_maduracion': 0.2494398505602105, 'p_deficiency_severe': 0.0008343272287610751, 'n_deficiency_severe': 0.0007100235890056758, 'water_deficit_floracion': 0.01560270664966946, 'water_deficit_vegetativo': 0.011023788114330243, 'n_deficiency_moderate': 0.0019727130139838888, 'fungal_risk_botrytis_floracion': 0.13843144917589917, 'water_deficit_maduracion': 0.054697414351771265, 'p_deficiency_moderate': 0.0964121437385677, 'water_deficit_fructificacion': 0.021319089954251913, 'fungal_risk_roya_vegetativo': 0.07486586887558387, 'water_deficit_plantula': 0.047546808887092035, 'excess_humidity_soil': 0.28126066357084767, 'water_deficit_cosecha': 0.3562829733329501, 'pest_risk_broca_fructificacion': 2.9578139515511954, 'k_excess': 11.69178622740588}, 'clf__criterion': 'gini', 'clf__max_depth': 32, 'clf__max_features': None, 'clf__min_samples_leaf': 2, 'clf__min_samples_split': 2, 'clf__n_estimators': 900, 'sampler': RandomOverSampler(random_state=42,
                  sampling_strategy={'excess_humidity_soil': 220,
                                     'fungal_risk_botrytis_floracion': 220,
                                     'fungal_risk_ojo_gallo_maduracion': 220,
                                     'fungal_risk_roya_vegetativo': 220,
                                     'k_excess': 220,
                                     'p_deficiency_moderate': 220,
                                     'pest_risk_broca_fructificacion': 220,
                                     'water_deficit_cosecha': 220,
                                     'water_deficit_maduracion': 220,
                                     'water_deficit_plantula': 220})}",0.897284830921056,0.8181268990966659,0.846283291821648,0.8691944841529085,0.8577223764980695,0.02913525159876994,79
89.95579946041107,2.220887303735934,4.9483835101127625,0.7536414508379988,"RandomForestClassifier(class_weight='balanced_subsample', n_estimators=900,
                       n_jobs=-1, random_state=42)","{'fungal_risk_ojo_gallo_maduracion': 0.2494398505602105, 'p_deficiency_severe': 0.0008343272287610751, 'n_deficiency_severe': 0.0007100235890056758, 'water_deficit_floracion': 0.01560270664966946, 'water_deficit_vegetativo': 0.011023788114330243, 'n_deficiency_moderate': 0.0019727130139838888, 'fungal_risk_botrytis_floracion': 0.13843144917589917, 'water_deficit_maduracion': 0.054697414351771265, 'p_deficiency_moderate': 0.0964121437385677, 'water_deficit_fructificacion': 0.021319089954251913, 'fungal_risk_roya_vegetativo': 0.07486586887558387, 'water_deficit_plantula': 0.047546808887092035, 'excess_humidity_soil': 0.28126066357084767, 'water_deficit_cosecha': 0.3562829733329501, 'pest_risk_broca_fructificacion': 2.9578139515511954, 'k_excess': 11.69178622740588}",gini,32,,2,2,900,"SMOTE(k_neighbors=1, random_state=42,
      sampling_strategy={'excess_humidity_soil': 220,
                         'fungal_risk_botrytis_floracion': 220,
                         'fungal_risk_ojo_gallo_maduracion': 220,
                         'fungal_risk_roya_vegetativo': 220, 'k_excess': 220,
                         'p_deficiency_moderate': 220,
                         'pest_risk_broca_fructificacion': 220,
                         'water_deficit_cosecha': 220,
                         'water_deficit_maduracion': 220,
                         'water_deficit_plantula': 220})","{'clf': RandomForestClassifier(class_weight='balanced_subsample', n_estimators=900,
                       n_jobs=-1, random_state=42), 'clf__class_weight': {'fungal_risk_ojo_gallo_maduracion': 0.2494398505602105, 'p_deficiency_severe': 0.0008343272287610751, 'n_deficiency_severe': 0.0007100235890056758, 'water_deficit_floracion': 0.01560270664966946, 'water_deficit_vegetativo': 0.011023788114330243, 'n_deficiency_moderate': 0.0019727130139838888, 'fungal_risk_botrytis_floracion': 0.13843144917589917, 'water_deficit_maduracion': 0.054697414351771265, 'p_deficiency_moderate': 0.0964121437385677, 'water_deficit_fructificacion': 0.021319089954251913, 'fungal_risk_roya_vegetativo': 0.07486586887558387, 'water_deficit_plantula': 0.047546808887092035, 'excess_humidity_soil': 0.28126066357084767, 'water_deficit_cosecha': 0.3562829733329501, 'pest_risk_broca_fructificacion': 2.9578139515511954, 'k_excess': 11.69178622740588}, 'clf__criterion': 'gini', 'clf__max_depth': 32, 'clf__max_features': None, 'clf__min_samples_leaf': 2, 'clf__min_samples_split': 2, 'clf__n_estimators': 900, 'sampler': SMOTE(k_neighbors=1, random_state=42,
      sampling_strategy={'excess_humidity_soil': 220,
                         'fungal_risk_botrytis_floracion': 220,
                         'fungal_risk_ojo_gallo_maduracion': 220,
                         'fungal_risk_roya_vegetativo': 220, 'k_excess': 220,
                         'p_deficiency_moderate': 220,
                         'pest_risk_broca_fructificacion': 220,
                         'water_deficit_cosecha': 220,
                         'water_deficit_maduracion': 220,
                         'water_deficit_plantula': 220})}",0.943149112563882,0.8664086653474186,0.8515793438573931,0.8960755342034504,0.8893031639930361,0.03497318919408701,51
157.6918424963951,3.917852246815233,4.998987972736359,0.25514686233214295,"RandomForestClassifier(class_weight='balanced_subsample', n_estimators=900,
                       n_jobs=-1, random_state=42)","{'fungal_risk_ojo_gallo_maduracion': 0.2494398505602105, 'p_deficiency_severe': 0.0008343272287610751, 'n_deficiency_severe': 0.0007100235890056758, 'water_deficit_floracion': 0.01560270664966946, 'water_deficit_vegetativo': 0.011023788114330243, 'n_deficiency_moderate': 0.0019727130139838888, 'fungal_risk_botrytis_floracion': 0.13843144917589917, 'water_deficit_maduracion': 0.054697414351771265, 'p_deficiency_moderate': 0.0964121437385677, 'water_deficit_fructificacion': 0.021319089954251913, 'fungal_risk_roya_vegetativo': 0.07486586887558387, 'water_deficit_plantula': 0.047546808887092035, 'excess_humidity_soil': 0.28126066357084767, 'water_deficit_cosecha': 0.3562829733329501, 'pest_risk_broca_fructificacion': 2.9578139515511954, 'k_excess': 11.69178622740588}",entropy,,,1,2,900,"RandomOverSampler(random_state=42,
                  sampling_strategy={'excess_humidity_soil': 220,
                                     'fungal_risk_botrytis_floracion': 220,
                                     'fungal_risk_ojo_gallo_maduracion': 220,
                                     'fungal_risk_roya_vegetativo': 220,
                                     'k_excess': 220,
                                     'p_deficiency_moderate': 220,
                                     'pest_risk_broca_fructificacion': 220,
                                     'water_deficit_cosecha': 220,
                                     'water_deficit_maduracion': 220,
                                     'water_deficit_plantula': 220})","{'clf': RandomForestClassifier(class_weight='balanced_subsample', n_estimators=900,
                       n_jobs=-1, random_state=42), 'clf__class_weight': {'fungal_risk_ojo_gallo_maduracion': 0.2494398505602105, 'p_deficiency_severe': 0.0008343272287610751, 'n_deficiency_severe': 0.0007100235890056758, 'water_deficit_floracion': 0.01560270664966946, 'water_deficit_vegetativo': 0.011023788114330243, 'n_deficiency_moderate': 0.0019727130139838888, 'fungal_risk_botrytis_floracion': 0.13843144917589917, 'water_deficit_maduracion': 0.054697414351771265, 'p_deficiency_moderate': 0.0964121437385677, 'water_deficit_fructificacion': 0.021319089954251913, 'fungal_risk_roya_vegetativo': 0.07486586887558387, 'water_deficit_plantula': 0.047546808887092035, 'excess_humidity_soil': 0.28126066357084767, 'water_deficit_cosecha': 0.3562829733329501, 'pest_risk_broca_fructificacion': 2.9578139515511954, 'k_excess': 11.69178622740588}, 'clf__criterion': 'entropy', 'clf__max_depth': None, 'clf__max_features': None, 'clf__min_samples_leaf': 1, 'clf__min_samples_split': 2, 'clf__n_estimators': 900, 'sampler': RandomOverSampler(random_state=42,
                  sampling_strategy={'excess_humidity_soil': 220,
                                     'fungal_risk_botrytis_floracion': 220,
                                     'fungal_risk_ojo_gallo_maduracion': 220,
                                     'fungal_risk_roya_vegetativo': 220,
                                     'k_excess': 220,
                                     'p_deficiency_moderate': 220,
                                     'pest_risk_broca_fructificacion': 220,
                                     'water_deficit_cosecha': 220,
                                     'water_deficit_maduracion': 220,
                                     'water_deficit_plantula': 220})}",0.938647374744798,0.8246718356153555,0.8632626188526806,0.9077697803541533,0.8835879023917469,0.04330279665601508,53
187.37959706783295,2.08639838641845,4.949000597000122,0.2637454431792049,"RandomForestClassifier(class_weight='balanced_subsample', n_estimators=900,
                       n_jobs=-1, random_state=42)","{'fungal_risk_ojo_gallo_maduracion': 0.2494398505602105, 'p_deficiency_severe': 0.0008343272287610751, 'n_deficiency_severe': 0.0007100235890056758, 'water_deficit_floracion': 0.01560270664966946, 'water_deficit_vegetativo': 0.011023788114330243, 'n_deficiency_moderate': 0.0019727130139838888, 'fungal_risk_botrytis_floracion': 0.13843144917589917, 'water_deficit_maduracion': 0.054697414351771265, 'p_deficiency_moderate': 0.0964121437385677, 'water_deficit_fructificacion': 0.021319089954251913, 'fungal_risk_roya_vegetativo': 0.07486586887558387, 'water_deficit_plantula': 0.047546808887092035, 'excess_humidity_soil': 0.28126066357084767, 'water_deficit_cosecha': 0.3562829733329501, 'pest_risk_broca_fructificacion': 2.9578139515511954, 'k_excess': 11.69178622740588}",entropy,,,1,2,900,"SMOTE(k_neighbors=1, random_state=42,
      sampling_strategy={'excess_humidity_soil': 220,
                         'fungal_risk_botrytis_floracion': 220,
                         'fungal_risk_ojo_gallo_maduracion': 220,
                         'fungal_risk_roya_vegetativo': 220, 'k_excess': 220,
                         'p_deficiency_moderate': 220,
                         'pest_risk_broca_fructificacion': 220,
                         'water_deficit_cosecha': 220,
                         'water_deficit_maduracion': 220,
                         'water_deficit_plantula': 220})","{'clf': RandomForestClassifier(class_weight='balanced_subsample', n_estimators=900,
                       n_jobs=-1, random_state=42), 'clf__class_weight': {'fungal_risk_ojo_gallo_maduracion': 0.2494398505602105, 'p_deficiency_severe': 0.0008343272287610751, 'n_deficiency_severe': 0.0007100235890056758, 'water_deficit_floracion': 0.01560270664966946, 'water_deficit_vegetativo': 0.011023788114330243, 'n_deficiency_moderate': 0.0019727130139838888, 'fungal_risk_botrytis_floracion': 0.13843144917589917, 'water_deficit_maduracion': 0.054697414351771265, 'p_deficiency_moderate': 0.0964121437385677, 'water_deficit_fructificacion': 0.021319089954251913, 'fungal_risk_roya_vegetativo': 0.07486586887558387, 'water_deficit_plantula': 0.047546808887092035, 'excess_humidity_soil': 0.28126066357084767, 'water_deficit_cosecha': 0.3562829733329501, 'pest_risk_broca_fructificacion': 2.9578139515511954, 'k_excess': 11.69178622740588}, 'clf__criterion': 'entropy', 'clf__max_depth': None, 'clf__max_features': None, 'clf__min_samples_leaf': 1, 'clf__min_samples_split': 2, 'clf__n_estimators': 900, 'sampler': SMOTE(k_neighbors=1, random_state=42,
      sampling_strategy={'excess_humidity_soil': 220,
                         'fungal_risk_botrytis_floracion': 220,
                         'fungal_risk_ojo_gallo_maduracion': 220,
                         'fungal_risk_roya_vegetativo': 220, 'k_excess': 220,
                         'p_deficiency_moderate': 220,
                         'pest_risk_broca_fructificacion': 220,
                         'water_deficit_cosecha': 220,
                         'water_deficit_maduracion': 220,
                         'water_deficit_plantula': 220})}",0.9724568927501187,0.8838074071173417,0.8699872114587215,0.9209542669788376,0.9118014445762549,0.039670372368947965,23
159.14383727312088,3.99656522644205,4.740465342998505,0.23859674227845065,"RandomForestClassifier(class_weight='balanced_subsample', n_estimators=900,
                       n_jobs=-1, random_state=42)","{'fungal_risk_ojo_gallo_maduracion': 0.2494398505602105, 'p_deficiency_severe': 0.0008343272287610751, 'n_deficiency_severe': 0.0007100235890056758, 'water_deficit_floracion': 0.01560270664966946, 'water_deficit_vegetativo': 0.011023788114330243, 'n_deficiency_moderate': 0.0019727130139838888, 'fungal_risk_botrytis_floracion': 0.13843144917589917, 'water_deficit_maduracion': 0.054697414351771265, 'p_deficiency_moderate': 0.0964121437385677, 'water_deficit_fructificacion': 0.021319089954251913, 'fungal_risk_roya_vegetativo': 0.07486586887558387, 'water_deficit_plantula': 0.047546808887092035, 'excess_humidity_soil': 0.28126066357084767, 'water_deficit_cosecha': 0.3562829733329501, 'pest_risk_broca_fructificacion': 2.9578139515511954, 'k_excess': 11.69178622740588}",entropy,,,2,2,900,"RandomOverSampler(random_state=42,
                  sampling_strategy={'excess_humidity_soil': 220,
                                     'fungal_risk_botrytis_floracion': 220,
                                     'fungal_risk_ojo_gallo_maduracion': 220,
                                     'fungal_risk_roya_vegetativo': 220,
                                     'k_excess': 220,
                                     'p_deficiency_moderate': 220,
                                     'pest_risk_broca_fructificacion': 220,
                                     'water_deficit_cosecha': 220,
                                     'water_deficit_maduracion': 220,
                                     'water_deficit_plantula': 220})","{'clf': RandomForestClassifier(class_weight='balanced_subsample', n_estimators=900,
                       n_jobs=-1, random_state=42), 'clf__class_weight': {'fungal_risk_ojo_gallo_maduracion': 0.2494398505602105, 'p_deficiency_severe': 0.0008343272287610751, 'n_deficiency_severe': 0.0007100235890056758, 'water_deficit_floracion': 0.01560270664966946, 'water_deficit_vegetativo': 0.011023788114330243, 'n_deficiency_moderate': 0.0019727130139838888, 'fungal_risk_botrytis_floracion': 0.13843144917589917, 'water_deficit_maduracion': 0.054697414351771265, 'p_deficiency_moderate': 0.0964121437385677, 'water_deficit_fructificacion': 0.021319089954251913, 'fungal_risk_roya_vegetativo': 0.07486586887558387, 'water_deficit_plantula': 0.047546808887092035, 'excess_humidity_soil': 0.28126066357084767, 'water_deficit_cosecha': 0.3562829733329501, 'pest_risk_broca_fructificacion': 2.9578139515511954, 'k_excess': 11.69178622740588}, 'clf__criterion': 'entropy', 'clf__max_depth': None, 'clf__max_features': None, 'clf__min_samples_leaf': 2, 'clf__min_samples_split': 2, 'clf__n_estimators': 900, 'sampler': RandomOverSampler(random_state=42,
                  sampling_strategy={'excess_humidity_soil': 220,
                                     'fungal_risk_botrytis_floracion': 220,
                                     'fungal_risk_ojo_gallo_maduracion': 220,
                                     'fungal_risk_roya_vegetativo': 220,
                                     'k_excess': 220,
                                     'p_deficiency_moderate': 220,
                                     'pest_risk_broca_fructificacion': 220,
                                     'water_deficit_cosecha': 220,
                                     'water_deficit_maduracion': 220,
                                     'water_deficit_plantula': 220})}",0.9348371437423574,0.8214578734909095,0.8561901602883112,0.9095605780912033,0.8805114389031954,0.04436773285621533,59
185.79600805044174,2.0775103541609754,5.3326133489608765,0.4033866144712973,"RandomForestClassifier(class_weight='balanced_subsample', n_estimators=900,
                       n_jobs=-1, random_state=42)","{'fungal_risk_ojo_gallo_maduracion': 0.2494398505602105, 'p_deficiency_severe': 0.0008343272287610751, 'n_deficiency_severe': 0.0007100235890056758, 'water_deficit_floracion': 0.01560270664966946, 'water_deficit_vegetativo': 0.011023788114330243, 'n_deficiency_moderate': 0.0019727130139838888, 'fungal_risk_botrytis_floracion': 0.13843144917589917, 'water_deficit_maduracion': 0.054697414351771265, 'p_deficiency_moderate': 0.0964121437385677, 'water_deficit_fructificacion': 0.021319089954251913, 'fungal_risk_roya_vegetativo': 0.07486586887558387, 'water_deficit_plantula': 0.047546808887092035, 'excess_humidity_soil': 0.28126066357084767, 'water_deficit_cosecha': 0.3562829733329501, 'pest_risk_broca_fructificacion': 2.9578139515511954, 'k_excess': 11.69178622740588}",entropy,,,2,2,900,"SMOTE(k_neighbors=1, random_state=42,
      sampling_strategy={'excess_humidity_soil': 220,
                         'fungal_risk_botrytis_floracion': 220,
                         'fungal_risk_ojo_gallo_maduracion': 220,
                         'fungal_risk_roya_vegetativo': 220, 'k_excess': 220,
                         'p_deficiency_moderate': 220,
                         'pest_risk_broca_fructificacion': 220,
                         'water_deficit_cosecha': 220,
                         'water_deficit_maduracion': 220,
                         'water_deficit_plantula': 220})","{'clf': RandomForestClassifier(class_weight='balanced_subsample', n_estimators=900,
                       n_jobs=-1, random_state=42), 'clf__class_weight': {'fungal_risk_ojo_gallo_maduracion': 0.2494398505602105, 'p_deficiency_severe': 0.0008343272287610751, 'n_deficiency_severe': 0.0007100235890056758, 'water_deficit_floracion': 0.01560270664966946, 'water_deficit_vegetativo': 0.011023788114330243, 'n_deficiency_moderate': 0.0019727130139838888, 'fungal_risk_botrytis_floracion': 0.13843144917589917, 'water_deficit_maduracion': 0.054697414351771265, 'p_deficiency_moderate': 0.0964121437385677, 'water_deficit_fructificacion': 0.021319089954251913, 'fungal_risk_roya_vegetativo': 0.07486586887558387, 'water_deficit_plantula': 0.047546808887092035, 'excess_humidity_soil': 0.28126066357084767, 'water_deficit_cosecha': 0.3562829733329501, 'pest_risk_broca_fructificacion': 2.9578139515511954, 'k_excess': 11.69178622740588}, 'clf__criterion': 'entropy', 'clf__max_depth': None, 'clf__max_features': None, 'clf__min_samples_leaf': 2, 'clf__min_samples_split': 2, 'clf__n_estimators': 900, 'sampler': SMOTE(k_neighbors=1, random_state=42,
      sampling_strategy={'excess_humidity_soil': 220,
                         'fungal_risk_botrytis_floracion': 220,
                         'fungal_risk_ojo_gallo_maduracion': 220,
                         'fungal_risk_roya_vegetativo': 220, 'k_excess': 220,
                         'p_deficiency_moderate': 220,
                         'pest_risk_broca_fructificacion': 220,
                         'water_deficit_cosecha': 220,
                         'water_deficit_maduracion': 220,
                         'water_deficit_plantula': 220})}",0.9685938749842684,0.881985149243069,0.8631853939903531,0.919787526061276,0.9083879860697417,0.04029603794170845,31
157.3821657896042,4.171372623074757,5.29795104265213,0.3702927453613665,"RandomForestClassifier(class_weight='balanced_subsample', n_estimators=900,
                       n_jobs=-1, random_state=42)","{'fungal_risk_ojo_gallo_maduracion': 0.2494398505602105, 'p_deficiency_severe': 0.0008343272287610751, 'n_deficiency_severe': 0.0007100235890056758, 'water_deficit_floracion': 0.01560270664966946, 'water_deficit_vegetativo': 0.011023788114330243, 'n_deficiency_moderate': 0.0019727130139838888, 'fungal_risk_botrytis_floracion': 0.13843144917589917, 'water_deficit_maduracion': 0.054697414351771265, 'p_deficiency_moderate': 0.0964121437385677, 'water_deficit_fructificacion': 0.021319089954251913, 'fungal_risk_roya_vegetativo': 0.07486586887558387, 'water_deficit_plantula': 0.047546808887092035, 'excess_humidity_soil': 0.28126066357084767, 'water_deficit_cosecha': 0.3562829733329501, 'pest_risk_broca_fructificacion': 2.9578139515511954, 'k_excess': 11.69178622740588}",entropy,32,,1,2,900,"RandomOverSampler(random_state=42,
                  sampling_strategy={'excess_humidity_soil': 220,
                                     'fungal_risk_botrytis_floracion': 220,
                                     'fungal_risk_ojo_gallo_maduracion': 220,
                                     'fungal_risk_roya_vegetativo': 220,
                                     'k_excess': 220,
                                     'p_deficiency_moderate': 220,
                                     'pest_risk_broca_fructificacion': 220,
                                     'water_deficit_cosecha': 220,
                                     'water_deficit_maduracion': 220,
                                     'water_deficit_plantula': 220})","{'clf': RandomForestClassifier(class_weight='balanced_subsample', n_estimators=900,
                       n_jobs=-1, random_state=42), 'clf__class_weight': {'fungal_risk_ojo_gallo_maduracion': 0.2494398505602105, 'p_deficiency_severe': 0.0008343272287610751, 'n_deficiency_severe': 0.0007100235890056758, 'water_deficit_floracion': 0.01560270664966946, 'water_deficit_vegetativo': 0.011023788114330243, 'n_deficiency_moderate': 0.0019727130139838888, 'fungal_risk_botrytis_floracion': 0.13843144917589917, 'water_deficit_maduracion': 0.054697414351771265, 'p_deficiency_moderate': 0.0964121437385677, 'water_deficit_fructificacion': 0.021319089954251913, 'fungal_risk_roya_vegetativo': 0.07486586887558387, 'water_deficit_plantula': 0.047546808887092035, 'excess_humidity_soil': 0.28126066357084767, 'water_deficit_cosecha': 0.3562829733329501, 'pest_risk_broca_fructificacion': 2.9578139515511954, 'k_excess': 11.69178622740588}, 'clf__criterion': 'entropy', 'clf__max_depth': 32, 'clf__max_features': None, 'clf__min_samples_leaf': 1, 'clf__min_samples_split': 2, 'clf__n_estimators': 900, 'sampler': RandomOverSampler(random_state=42,
                  sampling_strategy={'excess_humidity_soil': 220,
                                     'fungal_risk_botrytis_floracion': 220,
                                     'fungal_risk_ojo_gallo_maduracion': 220,
                                     'fungal_risk_roya_vegetativo': 220,
                                     'k_excess': 220,
                                     'p_deficiency_moderate': 220,
                                     'pest_risk_broca_fructificacion': 220,
                                     'water_deficit_cosecha': 220,
                                     'water_deficit_maduracion': 220,
                                     'water_deficit_plantula': 220})}",0.938647374744798,0.8246718356153555,0.8632626188526806,0.9077697803541533,0.8835879023917469,0.04330279665601508,53
186.50556820631027,2.1708001197426685,5.0817660093307495,0.49860252795921833,"RandomForestClassifier(class_weight='balanced_subsample', n_estimators=900,
                       n_jobs=-1, random_state=42)","{'fungal_risk_ojo_gallo_maduracion': 0.2494398505602105, 'p_deficiency_severe': 0.0008343272287610751, 'n_deficiency_severe': 0.0007100235890056758, 'water_deficit_floracion': 0.01560270664966946, 'water_deficit_vegetativo': 0.011023788114330243, 'n_deficiency_moderate': 0.0019727130139838888, 'fungal_risk_botrytis_floracion': 0.13843144917589917, 'water_deficit_maduracion': 0.054697414351771265, 'p_deficiency_moderate': 0.0964121437385677, 'water_deficit_fructificacion': 0.021319089954251913, 'fungal_risk_roya_vegetativo': 0.07486586887558387, 'water_deficit_plantula': 0.047546808887092035, 'excess_humidity_soil': 0.28126066357084767, 'water_deficit_cosecha': 0.3562829733329501, 'pest_risk_broca_fructificacion': 2.9578139515511954, 'k_excess': 11.69178622740588}",entropy,32,,1,2,900,"SMOTE(k_neighbors=1, random_state=42,
      sampling_strategy={'excess_humidity_soil': 220,
                         'fungal_risk_botrytis_floracion': 220,
                         'fungal_risk_ojo_gallo_maduracion': 220,
                         'fungal_risk_roya_vegetativo': 220, 'k_excess': 220,
                         'p_deficiency_moderate': 220,
                         'pest_risk_broca_fructificacion': 220,
                         'water_deficit_cosecha': 220,
                         'water_deficit_maduracion': 220,
                         'water_deficit_plantula': 220})","{'clf': RandomForestClassifier(class_weight='balanced_subsample', n_estimators=900,
                       n_jobs=-1, random_state=42), 'clf__class_weight': {'fungal_risk_ojo_gallo_maduracion': 0.2494398505602105, 'p_deficiency_severe': 0.0008343272287610751, 'n_deficiency_severe': 0.0007100235890056758, 'water_deficit_floracion': 0.01560270664966946, 'water_deficit_vegetativo': 0.011023788114330243, 'n_deficiency_moderate': 0.0019727130139838888, 'fungal_risk_botrytis_floracion': 0.13843144917589917, 'water_deficit_maduracion': 0.054697414351771265, 'p_deficiency_moderate': 0.0964121437385677, 'water_deficit_fructificacion': 0.021319089954251913, 'fungal_risk_roya_vegetativo': 0.07486586887558387, 'water_deficit_plantula': 0.047546808887092035, 'excess_humidity_soil': 0.28126066357084767, 'water_deficit_cosecha': 0.3562829733329501, 'pest_risk_broca_fructificacion': 2.9578139515511954, 'k_excess': 11.69178622740588}, 'clf__criterion': 'entropy', 'clf__max_depth': 32, 'clf__max_features': None, 'clf__min_samples_leaf': 1, 'clf__min_samples_split': 2, 'clf__n_estimators': 900, 'sampler': SMOTE(k_neighbors=1, random_state=42,
      sampling_strategy={'excess_humidity_soil': 220,
                         'fungal_risk_botrytis_floracion': 220,
                         'fungal_risk_ojo_gallo_maduracion': 220,
                         'fungal_risk_roya_vegetativo': 220, 'k_excess': 220,
                         'p_deficiency_moderate': 220,
                         'pest_risk_broca_fructificacion': 220,
                         'water_deficit_cosecha': 220,
                         'water_deficit_maduracion': 220,
                         'water_deficit_plantula': 220})}",0.9724568927501187,0.8838074071173417,0.8699872114587215,0.9209542669788376,0.9118014445762549,0.039670372368947965,23
155.15652704238892,3.8036732551993278,4.805700421333313,0.2798310174396672,"RandomForestClassifier(class_weight='balanced_subsample', n_estimators=900,
                       n_jobs=-1, random_state=42)","{'fungal_risk_ojo_gallo_maduracion': 0.2494398505602105, 'p_deficiency_severe': 0.0008343272287610751, 'n_deficiency_severe': 0.0007100235890056758, 'water_deficit_floracion': 0.01560270664966946, 'water_deficit_vegetativo': 0.011023788114330243, 'n_deficiency_moderate': 0.0019727130139838888, 'fungal_risk_botrytis_floracion': 0.13843144917589917, 'water_deficit_maduracion': 0.054697414351771265, 'p_deficiency_moderate': 0.0964121437385677, 'water_deficit_fructificacion': 0.021319089954251913, 'fungal_risk_roya_vegetativo': 0.07486586887558387, 'water_deficit_plantula': 0.047546808887092035, 'excess_humidity_soil': 0.28126066357084767, 'water_deficit_cosecha': 0.3562829733329501, 'pest_risk_broca_fructificacion': 2.9578139515511954, 'k_excess': 11.69178622740588}",entropy,32,,2,2,900,"RandomOverSampler(random_state=42,
                  sampling_strategy={'excess_humidity_soil': 220,
                                     'fungal_risk_botrytis_floracion': 220,
                                     'fungal_risk_ojo_gallo_maduracion': 220,
                                     'fungal_risk_roya_vegetativo': 220,
                                     'k_excess': 220,
                                     'p_deficiency_moderate': 220,
                                     'pest_risk_broca_fructificacion': 220,
                                     'water_deficit_cosecha': 220,
                                     'water_deficit_maduracion': 220,
                                     'water_deficit_plantula': 220})","{'clf': RandomForestClassifier(class_weight='balanced_subsample', n_estimators=900,
                       n_jobs=-1, random_state=42), 'clf__class_weight': {'fungal_risk_ojo_gallo_maduracion': 0.2494398505602105, 'p_deficiency_severe': 0.0008343272287610751, 'n_deficiency_severe': 0.0007100235890056758, 'water_deficit_floracion': 0.01560270664966946, 'water_deficit_vegetativo': 0.011023788114330243, 'n_deficiency_moderate': 0.0019727130139838888, 'fungal_risk_botrytis_floracion': 0.13843144917589917, 'water_deficit_maduracion': 0.054697414351771265, 'p_deficiency_moderate': 0.0964121437385677, 'water_deficit_fructificacion': 0.021319089954251913, 'fungal_risk_roya_vegetativo': 0.07486586887558387, 'water_deficit_plantula': 0.047546808887092035, 'excess_humidity_soil': 0.28126066357084767, 'water_deficit_cosecha': 0.3562829733329501, 'pest_risk_broca_fructificacion': 2.9578139515511954, 'k_excess': 11.69178622740588}, 'clf__criterion': 'entropy', 'clf__max_depth': 32, 'clf__max_features': None, 'clf__min_samples_leaf': 2, 'clf__min_samples_split': 2, 'clf__n_estimators': 900, 'sampler': RandomOverSampler(random_state=42,
                  sampling_strategy={'excess_humidity_soil': 220,
                                     'fungal_risk_botrytis_floracion': 220,
                                     'fungal_risk_ojo_gallo_maduracion': 220,
                                     'fungal_risk_roya_vegetativo': 220,
                                     'k_excess': 220,
                                     'p_deficiency_moderate': 220,
                                     'pest_risk_broca_fructificacion': 220,
                                     'water_deficit_cosecha': 220,
                                     'water_deficit_maduracion': 220,
                                     'water_deficit_plantula': 220})}",0.9348371437423574,0.8214578734909095,0.8561901602883112,0.9095605780912033,0.8805114389031954,0.04436773285621533,59
177.74747216701508,2.142257824455977,5.125621140003204,0.716871857382665,"RandomForestClassifier(class_weight='balanced_subsample', n_estimators=900,
                       n_jobs=-1, random_state=42)","{'fungal_risk_ojo_gallo_maduracion': 0.2494398505602105, 'p_deficiency_severe': 0.0008343272287610751, 'n_deficiency_severe': 0.0007100235890056758, 'water_deficit_floracion': 0.01560270664966946, 'water_deficit_vegetativo': 0.011023788114330243, 'n_deficiency_moderate': 0.0019727130139838888, 'fungal_risk_botrytis_floracion': 0.13843144917589917, 'water_deficit_maduracion': 0.054697414351771265, 'p_deficiency_moderate': 0.0964121437385677, 'water_deficit_fructificacion': 0.021319089954251913, 'fungal_risk_roya_vegetativo': 0.07486586887558387, 'water_deficit_plantula': 0.047546808887092035, 'excess_humidity_soil': 0.28126066357084767, 'water_deficit_cosecha': 0.3562829733329501, 'pest_risk_broca_fructificacion': 2.9578139515511954, 'k_excess': 11.69178622740588}",entropy,32,,2,2,900,"SMOTE(k_neighbors=1, random_state=42,
      sampling_strategy={'excess_humidity_soil': 220,
                         'fungal_risk_botrytis_floracion': 220,
                         'fungal_risk_ojo_gallo_maduracion': 220,
                         'fungal_risk_roya_vegetativo': 220, 'k_excess': 220,
                         'p_deficiency_moderate': 220,
                         'pest_risk_broca_fructificacion': 220,
                         'water_deficit_cosecha': 220,
                         'water_deficit_maduracion': 220,
                         'water_deficit_plantula': 220})","{'clf': RandomForestClassifier(class_weight='balanced_subsample', n_estimators=900,
                       n_jobs=-1, random_state=42), 'clf__class_weight': {'fungal_risk_ojo_gallo_maduracion': 0.2494398505602105, 'p_deficiency_severe': 0.0008343272287610751, 'n_deficiency_severe': 0.0007100235890056758, 'water_deficit_floracion': 0.01560270664966946, 'water_deficit_vegetativo': 0.011023788114330243, 'n_deficiency_moderate': 0.0019727130139838888, 'fungal_risk_botrytis_floracion': 0.13843144917589917, 'water_deficit_maduracion': 0.054697414351771265, 'p_deficiency_moderate': 0.0964121437385677, 'water_deficit_fructificacion': 0.021319089954251913, 'fungal_risk_roya_vegetativo': 0.07486586887558387, 'water_deficit_plantula': 0.047546808887092035, 'excess_humidity_soil': 0.28126066357084767, 'water_deficit_cosecha': 0.3562829733329501, 'pest_risk_broca_fructificacion': 2.9578139515511954, 'k_excess': 11.69178622740588}, 'clf__criterion': 'entropy', 'clf__max_depth': 32, 'clf__max_features': None, 'clf__min_samples_leaf': 2, 'clf__min_samples_split': 2, 'clf__n_estimators': 900, 'sampler': SMOTE(k_neighbors=1, random_state=42,
      sampling_strategy={'excess_humidity_soil': 220,
                         'fungal_risk_botrytis_floracion': 220,
                         'fungal_risk_ojo_gallo_maduracion': 220,
                         'fungal_risk_roya_vegetativo': 220, 'k_excess': 220,
                         'p_deficiency_moderate': 220,
                         'pest_risk_broca_fructificacion': 220,
                         'water_deficit_cosecha': 220,
                         'water_deficit_maduracion': 220,
                         'water_deficit_plantula': 220})}",0.9685938749842684,0.881985149243069,0.8631853939903531,0.919787526061276,0.9083879860697417,0.04029603794170845,31
82.94393491744995,1.9624972375262122,4.86144894361496,0.69469247908474,"RandomForestClassifier(class_weight='balanced_subsample', n_estimators=900,
                       n_jobs=-1, random_state=42)","{'fungal_risk_ojo_gallo_maduracion': 0.07956903221997359, 'p_deficiency_severe': 3.980199572164339e-05, 'n_deficiency_severe': 3.209864223713938e-05, 'water_deficit_floracion': 0.001975708568620832, 'water_deficit_vegetativo': 0.0012432661284370874, 'n_deficiency_moderate': 0.00012537419912756164, 'fungal_risk_botrytis_floracion': 0.03628852472977037, 'water_deficit_maduracion': 0.010521524921649398, 'p_deficiency_moderate': 0.022402609654603143, 'water_deficit_fructificacion': 0.0029955817431890253, 'fungal_risk_roya_vegetativo': 0.01598949636762846, 'water_deficit_plantula': 0.008728738006523937, 'excess_humidity_soil': 0.09338310031371899, 'water_deficit_cosecha': 0.12799206610518055, 'pest_risk_broca_fructificacion': 2.151546631228085, 'k_excess': 13.447166445175535}",gini,,,1,2,900,"RandomOverSampler(random_state=42,
                  sampling_strategy={'excess_humidity_soil': 220,
                                     'fungal_risk_botrytis_floracion': 220,
                                     'fungal_risk_ojo_gallo_maduracion': 220,
                                     'fungal_risk_roya_vegetativo': 220,
                                     'k_excess': 220,
                                     'p_deficiency_moderate': 220,
                                     'pest_risk_broca_fructificacion': 220,
                                     'water_deficit_cosecha': 220,
                                     'water_deficit_maduracion': 220,
                                     'water_deficit_plantula': 220})","{'clf': RandomForestClassifier(class_weight='balanced_subsample', n_estimators=900,
                       n_jobs=-1, random_state=42), 'clf__class_weight': {'fungal_risk_ojo_gallo_maduracion': 0.07956903221997359, 'p_deficiency_severe': 3.980199572164339e-05, 'n_deficiency_severe': 3.209864223713938e-05, 'water_deficit_floracion': 0.001975708568620832, 'water_deficit_vegetativo': 0.0012432661284370874, 'n_deficiency_moderate': 0.00012537419912756164, 'fungal_risk_botrytis_floracion': 0.03628852472977037, 'water_deficit_maduracion': 0.010521524921649398, 'p_deficiency_moderate': 0.022402609654603143, 'water_deficit_fructificacion': 0.0029955817431890253, 'fungal_risk_roya_vegetativo': 0.01598949636762846, 'water_deficit_plantula': 0.008728738006523937, 'excess_humidity_soil': 0.09338310031371899, 'water_deficit_cosecha': 0.12799206610518055, 'pest_risk_broca_fructificacion': 2.151546631228085, 'k_excess': 13.447166445175535}, 'clf__criterion': 'gini', 'clf__max_depth': None, 'clf__max_features': None, 'clf__min_samples_leaf': 1, 'clf__min_samples_split': 2, 'clf__n_estimators': 900, 'sampler': RandomOverSampler(random_state=42,
                  sampling_strategy={'excess_humidity_soil': 220,
                                     'fungal_risk_botrytis_floracion': 220,
                                     'fungal_risk_ojo_gallo_maduracion': 220,
                                     'fungal_risk_roya_vegetativo': 220,
                                     'k_excess': 220,
                                     'p_deficiency_moderate': 220,
                                     'pest_risk_broca_fructificacion': 220,
                                     'water_deficit_cosecha': 220,
                                     'water_deficit_maduracion': 220,
                                     'water_deficit_plantula': 220})}",0.9172055114659364,0.8327862966619385,0.8519054171604478,0.873203133320607,0.8687750896522324,0.03140418920566425,73
86.83313190937042,0.8368329526093465,4.670621573925018,0.5499450102250695,"RandomForestClassifier(class_weight='balanced_subsample', n_estimators=900,
                       n_jobs=-1, random_state=42)","{'fungal_risk_ojo_gallo_maduracion': 0.07956903221997359, 'p_deficiency_severe': 3.980199572164339e-05, 'n_deficiency_severe': 3.209864223713938e-05, 'water_deficit_floracion': 0.001975708568620832, 'water_deficit_vegetativo': 0.0012432661284370874, 'n_deficiency_moderate': 0.00012537419912756164, 'fungal_risk_botrytis_floracion': 0.03628852472977037, 'water_deficit_maduracion': 0.010521524921649398, 'p_deficiency_moderate': 0.022402609654603143, 'water_deficit_fructificacion': 0.0029955817431890253, 'fungal_risk_roya_vegetativo': 0.01598949636762846, 'water_deficit_plantula': 0.008728738006523937, 'excess_humidity_soil': 0.09338310031371899, 'water_deficit_cosecha': 0.12799206610518055, 'pest_risk_broca_fructificacion': 2.151546631228085, 'k_excess': 13.447166445175535}",gini,,,1,2,900,"SMOTE(k_neighbors=1, random_state=42,
      sampling_strategy={'excess_humidity_soil': 220,
                         'fungal_risk_botrytis_floracion': 220,
                         'fungal_risk_ojo_gallo_maduracion': 220,
                         'fungal_risk_roya_vegetativo': 220, 'k_excess': 220,
                         'p_deficiency_moderate': 220,
                         'pest_risk_broca_fructificacion': 220,
                         'water_deficit_cosecha': 220,
                         'water_deficit_maduracion': 220,
                         'water_deficit_plantula': 220})","{'clf': RandomForestClassifier(class_weight='balanced_subsample', n_estimators=900,
                       n_jobs=-1, random_state=42), 'clf__class_weight': {'fungal_risk_ojo_gallo_maduracion': 0.07956903221997359, 'p_deficiency_severe': 3.980199572164339e-05, 'n_deficiency_severe': 3.209864223713938e-05, 'water_deficit_floracion': 0.001975708568620832, 'water_deficit_vegetativo': 0.0012432661284370874, 'n_deficiency_moderate': 0.00012537419912756164, 'fungal_risk_botrytis_floracion': 0.03628852472977037, 'water_deficit_maduracion': 0.010521524921649398, 'p_deficiency_moderate': 0.022402609654603143, 'water_deficit_fructificacion': 0.0029955817431890253, 'fungal_risk_roya_vegetativo': 0.01598949636762846, 'water_deficit_plantula': 0.008728738006523937, 'excess_humidity_soil': 0.09338310031371899, 'water_deficit_cosecha': 0.12799206610518055, 'pest_risk_broca_fructificacion': 2.151546631228085, 'k_excess': 13.447166445175535}, 'clf__criterion': 'gini', 'clf__max_depth': None, 'clf__max_features': None, 'clf__min_samples_leaf': 1, 'clf__min_samples_split': 2, 'clf__n_estimators': 900, 'sampler': SMOTE(k_neighbors=1, random_state=42,
      sampling_strategy={'excess_humidity_soil': 220,
                         'fungal_risk_botrytis_floracion': 220,
                         'fungal_risk_ojo_gallo_maduracion': 220,
                         'fungal_risk_roya_vegetativo': 220, 'k_excess': 220,
                         'p_deficiency_moderate': 220,
                         'pest_risk_broca_fructificacion': 220,
                         'water_deficit_cosecha': 220,
                         'water_deficit_maduracion': 220,
                         'water_deficit_plantula': 220})}",0.9550952026237028,0.8764946621498371,0.9016645744704668,0.9127521696168359,0.9115016522152107,0.02839110284482983,25
77.08058214187622,1.7645518647148026,4.172526299953461,0.9715433153337675,"RandomForestClassifier(class_weight='balanced_subsample', n_estimators=900,
                       n_jobs=-1, random_state=42)","{'fungal_risk_ojo_gallo_maduracion': 0.07956903221997359, 'p_deficiency_severe': 3.980199572164339e-05, 'n_deficiency_severe': 3.209864223713938e-05, 'water_deficit_floracion': 0.001975708568620832, 'water_deficit_vegetativo': 0.0012432661284370874, 'n_deficiency_moderate': 0.00012537419912756164, 'fungal_risk_botrytis_floracion': 0.03628852472977037, 'water_deficit_maduracion': 0.010521524921649398, 'p_deficiency_moderate': 0.022402609654603143, 'water_deficit_fructificacion': 0.0029955817431890253, 'fungal_risk_roya_vegetativo': 0.01598949636762846, 'water_deficit_plantula': 0.008728738006523937, 'excess_humidity_soil': 0.09338310031371899, 'water_deficit_cosecha': 0.12799206610518055, 'pest_risk_broca_fructificacion': 2.151546631228085, 'k_excess': 13.447166445175535}",gini,,,2,2,900,"RandomOverSampler(random_state=42,
                  sampling_strategy={'excess_humidity_soil': 220,
                                     'fungal_risk_botrytis_floracion': 220,
                                     'fungal_risk_ojo_gallo_maduracion': 220,
                                     'fungal_risk_roya_vegetativo': 220,
                                     'k_excess': 220,
                                     'p_deficiency_moderate': 220,
                                     'pest_risk_broca_fructificacion': 220,
                                     'water_deficit_cosecha': 220,
                                     'water_deficit_maduracion': 220,
                                     'water_deficit_plantula': 220})","{'clf': RandomForestClassifier(class_weight='balanced_subsample', n_estimators=900,
                       n_jobs=-1, random_state=42), 'clf__class_weight': {'fungal_risk_ojo_gallo_maduracion': 0.07956903221997359, 'p_deficiency_severe': 3.980199572164339e-05, 'n_deficiency_severe': 3.209864223713938e-05, 'water_deficit_floracion': 0.001975708568620832, 'water_deficit_vegetativo': 0.0012432661284370874, 'n_deficiency_moderate': 0.00012537419912756164, 'fungal_risk_botrytis_floracion': 0.03628852472977037, 'water_deficit_maduracion': 0.010521524921649398, 'p_deficiency_moderate': 0.022402609654603143, 'water_deficit_fructificacion': 0.0029955817431890253, 'fungal_risk_roya_vegetativo': 0.01598949636762846, 'water_deficit_plantula': 0.008728738006523937, 'excess_humidity_soil': 0.09338310031371899, 'water_deficit_cosecha': 0.12799206610518055, 'pest_risk_broca_fructificacion': 2.151546631228085, 'k_excess': 13.447166445175535}, 'clf__criterion': 'gini', 'clf__max_depth': None, 'clf__max_features': None, 'clf__min_samples_leaf': 2, 'clf__min_samples_split': 2, 'clf__n_estimators': 900, 'sampler': RandomOverSampler(random_state=42,
                  sampling_strategy={'excess_humidity_soil': 220,
                                     'fungal_risk_botrytis_floracion': 220,
                                     'fungal_risk_ojo_gallo_maduracion': 220,
                                     'fungal_risk_roya_vegetativo': 220,
                                     'k_excess': 220,
                                     'p_deficiency_moderate': 220,
                                     'pest_risk_broca_fructificacion': 220,
                                     'water_deficit_cosecha': 220,
                                     'water_deficit_maduracion': 220,
                                     'water_deficit_plantula': 220})}",0.91205768432789,0.8260126350558283,0.8535367809896028,0.8744110142406625,0.8665045286534958,0.03140604413498656,75
84.51257824897766,1.3307682535255434,4.721598267555237,0.3282981178350314,"RandomForestClassifier(class_weight='balanced_subsample', n_estimators=900,
                       n_jobs=-1, random_state=42)","{'fungal_risk_ojo_gallo_maduracion': 0.07956903221997359, 'p_deficiency_severe': 3.980199572164339e-05, 'n_deficiency_severe': 3.209864223713938e-05, 'water_deficit_floracion': 0.001975708568620832, 'water_deficit_vegetativo': 0.0012432661284370874, 'n_deficiency_moderate': 0.00012537419912756164, 'fungal_risk_botrytis_floracion': 0.03628852472977037, 'water_deficit_maduracion': 0.010521524921649398, 'p_deficiency_moderate': 0.022402609654603143, 'water_deficit_fructificacion': 0.0029955817431890253, 'fungal_risk_roya_vegetativo': 0.01598949636762846, 'water_deficit_plantula': 0.008728738006523937, 'excess_humidity_soil': 0.09338310031371899, 'water_deficit_cosecha': 0.12799206610518055, 'pest_risk_broca_fructificacion': 2.151546631228085, 'k_excess': 13.447166445175535}",gini,,,2,2,900,"SMOTE(k_neighbors=1, random_state=42,
      sampling_strategy={'excess_humidity_soil': 220,
                         'fungal_risk_botrytis_floracion': 220,
                         'fungal_risk_ojo_gallo_maduracion': 220,
                         'fungal_risk_roya_vegetativo': 220, 'k_excess': 220,
                         'p_deficiency_moderate': 220,
                         'pest_risk_broca_fructificacion': 220,
                         'water_deficit_cosecha': 220,
                         'water_deficit_maduracion': 220,
                         'water_deficit_plantula': 220})","{'clf': RandomForestClassifier(class_weight='balanced_subsample', n_estimators=900,
                       n_jobs=-1, random_state=42), 'clf__class_weight': {'fungal_risk_ojo_gallo_maduracion': 0.07956903221997359, 'p_deficiency_severe': 3.980199572164339e-05, 'n_deficiency_severe': 3.209864223713938e-05, 'water_deficit_floracion': 0.001975708568620832, 'water_deficit_vegetativo': 0.0012432661284370874, 'n_deficiency_moderate': 0.00012537419912756164, 'fungal_risk_botrytis_floracion': 0.03628852472977037, 'water_deficit_maduracion': 0.010521524921649398, 'p_deficiency_moderate': 0.022402609654603143, 'water_deficit_fructificacion': 0.0029955817431890253, 'fungal_risk_roya_vegetativo': 0.01598949636762846, 'water_deficit_plantula': 0.008728738006523937, 'excess_humidity_soil': 0.09338310031371899, 'water_deficit_cosecha': 0.12799206610518055, 'pest_risk_broca_fructificacion': 2.151546631228085, 'k_excess': 13.447166445175535}, 'clf__criterion': 'gini', 'clf__max_depth': None, 'clf__max_features': None, 'clf__min_samples_leaf': 2, 'clf__min_samples_split': 2, 'clf__n_estimators': 900, 'sampler': SMOTE(k_neighbors=1, random_state=42,
      sampling_strategy={'excess_humidity_soil': 220,
                         'fungal_risk_botrytis_floracion': 220,
                         'fungal_risk_ojo_gallo_maduracion': 220,
                         'fungal_risk_roya_vegetativo': 220, 'k_excess': 220,
                         'p_deficiency_moderate': 220,
                         'pest_risk_broca_fructificacion': 220,
                         'water_deficit_cosecha': 220,
                         'water_deficit_maduracion': 220,
                         'water_deficit_plantula': 220})}",0.9486709048125065,0.8773597980089358,0.901160652976615,0.9147981077292027,0.910497365881815,0.02579238292274821,29
77.29983049631119,1.617016045657765,4.313520073890686,0.33730526939837413,"RandomForestClassifier(class_weight='balanced_subsample', n_estimators=900,
                       n_jobs=-1, random_state=42)","{'fungal_risk_ojo_gallo_maduracion': 0.07956903221997359, 'p_deficiency_severe': 3.980199572164339e-05, 'n_deficiency_severe': 3.209864223713938e-05, 'water_deficit_floracion': 0.001975708568620832, 'water_deficit_vegetativo': 0.0012432661284370874, 'n_deficiency_moderate': 0.00012537419912756164, 'fungal_risk_botrytis_floracion': 0.03628852472977037, 'water_deficit_maduracion': 0.010521524921649398, 'p_deficiency_moderate': 0.022402609654603143, 'water_deficit_fructificacion': 0.0029955817431890253, 'fungal_risk_roya_vegetativo': 0.01598949636762846, 'water_deficit_plantula': 0.008728738006523937, 'excess_humidity_soil': 0.09338310031371899, 'water_deficit_cosecha': 0.12799206610518055, 'pest_risk_broca_fructificacion': 2.151546631228085, 'k_excess': 13.447166445175535}",gini,32,,1,2,900,"RandomOverSampler(random_state=42,
                  sampling_strategy={'excess_humidity_soil': 220,
                                     'fungal_risk_botrytis_floracion': 220,
                                     'fungal_risk_ojo_gallo_maduracion': 220,
                                     'fungal_risk_roya_vegetativo': 220,
                                     'k_excess': 220,
                                     'p_deficiency_moderate': 220,
                                     'pest_risk_broca_fructificacion': 220,
                                     'water_deficit_cosecha': 220,
                                     'water_deficit_maduracion': 220,
                                     'water_deficit_plantula': 220})","{'clf': RandomForestClassifier(class_weight='balanced_subsample', n_estimators=900,
                       n_jobs=-1, random_state=42), 'clf__class_weight': {'fungal_risk_ojo_gallo_maduracion': 0.07956903221997359, 'p_deficiency_severe': 3.980199572164339e-05, 'n_deficiency_severe': 3.209864223713938e-05, 'water_deficit_floracion': 0.001975708568620832, 'water_deficit_vegetativo': 0.0012432661284370874, 'n_deficiency_moderate': 0.00012537419912756164, 'fungal_risk_botrytis_floracion': 0.03628852472977037, 'water_deficit_maduracion': 0.010521524921649398, 'p_deficiency_moderate': 0.022402609654603143, 'water_deficit_fructificacion': 0.0029955817431890253, 'fungal_risk_roya_vegetativo': 0.01598949636762846, 'water_deficit_plantula': 0.008728738006523937, 'excess_humidity_soil': 0.09338310031371899, 'water_deficit_cosecha': 0.12799206610518055, 'pest_risk_broca_fructificacion': 2.151546631228085, 'k_excess': 13.447166445175535}, 'clf__criterion': 'gini', 'clf__max_depth': 32, 'clf__max_features': None, 'clf__min_samples_leaf': 1, 'clf__min_samples_split': 2, 'clf__n_estimators': 900, 'sampler': RandomOverSampler(random_state=42,
                  sampling_strategy={'excess_humidity_soil': 220,
                                     'fungal_risk_botrytis_floracion': 220,
                                     'fungal_risk_ojo_gallo_maduracion': 220,
                                     'fungal_risk_roya_vegetativo': 220,
                                     'k_excess': 220,
                                     'p_deficiency_moderate': 220,
                                     'pest_risk_broca_fructificacion': 220,
                                     'water_deficit_cosecha': 220,
                                     'water_deficit_maduracion': 220,
                                     'water_deficit_plantula': 220})}",0.9172055114659364,0.8327862966619385,0.8519054171604478,0.873203133320607,0.8687750896522324,0.03140418920566425,73
85.94290429353714,1.6909867568634744,5.15948212146759,0.4704670652138001,"RandomForestClassifier(class_weight='balanced_subsample', n_estimators=900,
                       n_jobs=-1, random_state=42)","{'fungal_risk_ojo_gallo_maduracion': 0.07956903221997359, 'p_deficiency_severe': 3.980199572164339e-05, 'n_deficiency_severe': 3.209864223713938e-05, 'water_deficit_floracion': 0.001975708568620832, 'water_deficit_vegetativo': 0.0012432661284370874, 'n_deficiency_moderate': 0.00012537419912756164, 'fungal_risk_botrytis_floracion': 0.03628852472977037, 'water_deficit_maduracion': 0.010521524921649398, 'p_deficiency_moderate': 0.022402609654603143, 'water_deficit_fructificacion': 0.0029955817431890253, 'fungal_risk_roya_vegetativo': 0.01598949636762846, 'water_deficit_plantula': 0.008728738006523937, 'excess_humidity_soil': 0.09338310031371899, 'water_deficit_cosecha': 0.12799206610518055, 'pest_risk_broca_fructificacion': 2.151546631228085, 'k_excess': 13.447166445175535}",gini,32,,1,2,900,"SMOTE(k_neighbors=1, random_state=42,
      sampling_strategy={'excess_humidity_soil': 220,
                         'fungal_risk_botrytis_floracion': 220,
                         'fungal_risk_ojo_gallo_maduracion': 220,
                         'fungal_risk_roya_vegetativo': 220, 'k_excess': 220,
                         'p_deficiency_moderate': 220,
                         'pest_risk_broca_fructificacion': 220,
                         'water_deficit_cosecha': 220,
                         'water_deficit_maduracion': 220,
                         'water_deficit_plantula': 220})","{'clf': RandomForestClassifier(class_weight='balanced_subsample', n_estimators=900,
                       n_jobs=-1, random_state=42), 'clf__class_weight': {'fungal_risk_ojo_gallo_maduracion': 0.07956903221997359, 'p_deficiency_severe': 3.980199572164339e-05, 'n_deficiency_severe': 3.209864223713938e-05, 'water_deficit_floracion': 0.001975708568620832, 'water_deficit_vegetativo': 0.0012432661284370874, 'n_deficiency_moderate': 0.00012537419912756164, 'fungal_risk_botrytis_floracion': 0.03628852472977037, 'water_deficit_maduracion': 0.010521524921649398, 'p_deficiency_moderate': 0.022402609654603143, 'water_deficit_fructificacion': 0.0029955817431890253, 'fungal_risk_roya_vegetativo': 0.01598949636762846, 'water_deficit_plantula': 0.008728738006523937, 'excess_humidity_soil': 0.09338310031371899, 'water_deficit_cosecha': 0.12799206610518055, 'pest_risk_broca_fructificacion': 2.151546631228085, 'k_excess': 13.447166445175535}, 'clf__criterion': 'gini', 'clf__max_depth': 32, 'clf__max_features': None, 'clf__min_samples_leaf': 1, 'clf__min_samples_split': 2, 'clf__n_estimators': 900, 'sampler': SMOTE(k_neighbors=1, random_state=42,
      sampling_strategy={'excess_humidity_soil': 220,
                         'fungal_risk_botrytis_floracion': 220,
                         'fungal_risk_ojo_gallo_maduracion': 220,
                         'fungal_risk_roya_vegetativo': 220, 'k_excess': 220,
                         'p_deficiency_moderate': 220,
                         'pest_risk_broca_fructificacion': 220,
                         'water_deficit_cosecha': 220,
                         'water_deficit_maduracion': 220,
                         'water_deficit_plantula': 220})}",0.9550952026237028,0.8764946621498371,0.9016645744704668,0.9127521696168359,0.9115016522152107,0.02839110284482983,25
75.19774520397186,2.30582834795786,5.108079671859741,0.31051114011364933,"RandomForestClassifier(class_weight='balanced_subsample', n_estimators=900,
                       n_jobs=-1, random_state=42)","{'fungal_risk_ojo_gallo_maduracion': 0.07956903221997359, 'p_deficiency_severe': 3.980199572164339e-05, 'n_deficiency_severe': 3.209864223713938e-05, 'water_deficit_floracion': 0.001975708568620832, 'water_deficit_vegetativo': 0.0012432661284370874, 'n_deficiency_moderate': 0.00012537419912756164, 'fungal_risk_botrytis_floracion': 0.03628852472977037, 'water_deficit_maduracion': 0.010521524921649398, 'p_deficiency_moderate': 0.022402609654603143, 'water_deficit_fructificacion': 0.0029955817431890253, 'fungal_risk_roya_vegetativo': 0.01598949636762846, 'water_deficit_plantula': 0.008728738006523937, 'excess_humidity_soil': 0.09338310031371899, 'water_deficit_cosecha': 0.12799206610518055, 'pest_risk_broca_fructificacion': 2.151546631228085, 'k_excess': 13.447166445175535}",gini,32,,2,2,900,"RandomOverSampler(random_state=42,
                  sampling_strategy={'excess_humidity_soil': 220,
                                     'fungal_risk_botrytis_floracion': 220,
                                     'fungal_risk_ojo_gallo_maduracion': 220,
                                     'fungal_risk_roya_vegetativo': 220,
                                     'k_excess': 220,
                                     'p_deficiency_moderate': 220,
                                     'pest_risk_broca_fructificacion': 220,
                                     'water_deficit_cosecha': 220,
                                     'water_deficit_maduracion': 220,
                                     'water_deficit_plantula': 220})","{'clf': RandomForestClassifier(class_weight='balanced_subsample', n_estimators=900,
                       n_jobs=-1, random_state=42), 'clf__class_weight': {'fungal_risk_ojo_gallo_maduracion': 0.07956903221997359, 'p_deficiency_severe': 3.980199572164339e-05, 'n_deficiency_severe': 3.209864223713938e-05, 'water_deficit_floracion': 0.001975708568620832, 'water_deficit_vegetativo': 0.0012432661284370874, 'n_deficiency_moderate': 0.00012537419912756164, 'fungal_risk_botrytis_floracion': 0.03628852472977037, 'water_deficit_maduracion': 0.010521524921649398, 'p_deficiency_moderate': 0.022402609654603143, 'water_deficit_fructificacion': 0.0029955817431890253, 'fungal_risk_roya_vegetativo': 0.01598949636762846, 'water_deficit_plantula': 0.008728738006523937, 'excess_humidity_soil': 0.09338310031371899, 'water_deficit_cosecha': 0.12799206610518055, 'pest_risk_broca_fructificacion': 2.151546631228085, 'k_excess': 13.447166445175535}, 'clf__criterion': 'gini', 'clf__max_depth': 32, 'clf__max_features': None, 'clf__min_samples_leaf': 2, 'clf__min_samples_split': 2, 'clf__n_estimators': 900, 'sampler': RandomOverSampler(random_state=42,
                  sampling_strategy={'excess_humidity_soil': 220,
                                     'fungal_risk_botrytis_floracion': 220,
                                     'fungal_risk_ojo_gallo_maduracion': 220,
                                     'fungal_risk_roya_vegetativo': 220,
                                     'k_excess': 220,
                                     'p_deficiency_moderate': 220,
                                     'pest_risk_broca_fructificacion': 220,
                                     'water_deficit_cosecha': 220,
                                     'water_deficit_maduracion': 220,
                                     'water_deficit_plantula': 220})}",0.91205768432789,0.8260126350558283,0.8535367809896028,0.8744110142406625,0.8665045286534958,0.03140604413498656,75
86.81558990478516,1.6218763796541111,4.591163516044617,0.2951318336495806,"RandomForestClassifier(class_weight='balanced_subsample', n_estimators=900,
                       n_jobs=-1, random_state=42)","{'fungal_risk_ojo_gallo_maduracion': 0.07956903221997359, 'p_deficiency_severe': 3.980199572164339e-05, 'n_deficiency_severe': 3.209864223713938e-05, 'water_deficit_floracion': 0.001975708568620832, 'water_deficit_vegetativo': 0.0012432661284370874, 'n_deficiency_moderate': 0.00012537419912756164, 'fungal_risk_botrytis_floracion': 0.03628852472977037, 'water_deficit_maduracion': 0.010521524921649398, 'p_deficiency_moderate': 0.022402609654603143, 'water_deficit_fructificacion': 0.0029955817431890253, 'fungal_risk_roya_vegetativo': 0.01598949636762846, 'water_deficit_plantula': 0.008728738006523937, 'excess_humidity_soil': 0.09338310031371899, 'water_deficit_cosecha': 0.12799206610518055, 'pest_risk_broca_fructificacion': 2.151546631228085, 'k_excess': 13.447166445175535}",gini,32,,2,2,900,"SMOTE(k_neighbors=1, random_state=42,
      sampling_strategy={'excess_humidity_soil': 220,
                         'fungal_risk_botrytis_floracion': 220,
                         'fungal_risk_ojo_gallo_maduracion': 220,
                         'fungal_risk_roya_vegetativo': 220, 'k_excess': 220,
                         'p_deficiency_moderate': 220,
                         'pest_risk_broca_fructificacion': 220,
                         'water_deficit_cosecha': 220,
                         'water_deficit_maduracion': 220,
                         'water_deficit_plantula': 220})","{'clf': RandomForestClassifier(class_weight='balanced_subsample', n_estimators=900,
                       n_jobs=-1, random_state=42), 'clf__class_weight': {'fungal_risk_ojo_gallo_maduracion': 0.07956903221997359, 'p_deficiency_severe': 3.980199572164339e-05, 'n_deficiency_severe': 3.209864223713938e-05, 'water_deficit_floracion': 0.001975708568620832, 'water_deficit_vegetativo': 0.0012432661284370874, 'n_deficiency_moderate': 0.00012537419912756164, 'fungal_risk_botrytis_floracion': 0.03628852472977037, 'water_deficit_maduracion': 0.010521524921649398, 'p_deficiency_moderate': 0.022402609654603143, 'water_deficit_fructificacion': 0.0029955817431890253, 'fungal_risk_roya_vegetativo': 0.01598949636762846, 'water_deficit_plantula': 0.008728738006523937, 'excess_humidity_soil': 0.09338310031371899, 'water_deficit_cosecha': 0.12799206610518055, 'pest_risk_broca_fructificacion': 2.151546631228085, 'k_excess': 13.447166445175535}, 'clf__criterion': 'gini', 'clf__max_depth': 32, 'clf__max_features': None, 'clf__min_samples_leaf': 2, 'clf__min_samples_split': 2, 'clf__n_estimators': 900, 'sampler': SMOTE(k_neighbors=1, random_state=42,
      sampling_strategy={'excess_humidity_soil': 220,
                         'fungal_risk_botrytis_floracion': 220,
                         'fungal_risk_ojo_gallo_maduracion': 220,
                         'fungal_risk_roya_vegetativo': 220, 'k_excess': 220,
                         'p_deficiency_moderate': 220,
                         'pest_risk_broca_fructificacion': 220,
                         'water_deficit_cosecha': 220,
                         'water_deficit_maduracion': 220,
                         'water_deficit_plantula': 220})}",0.9486709048125065,0.8773597980089358,0.901160652976615,0.9147981077292027,0.910497365881815,0.02579238292274821,29
156.7748765349388,4.742679422725026,5.259645998477936,0.1540006812484712,"RandomForestClassifier(class_weight='balanced_subsample', n_estimators=900,
                       n_jobs=-1, random_state=42)","{'fungal_risk_ojo_gallo_maduracion': 0.07956903221997359, 'p_deficiency_severe': 3.980199572164339e-05, 'n_deficiency_severe': 3.209864223713938e-05, 'water_deficit_floracion': 0.001975708568620832, 'water_deficit_vegetativo': 0.0012432661284370874, 'n_deficiency_moderate': 0.00012537419912756164, 'fungal_risk_botrytis_floracion': 0.03628852472977037, 'water_deficit_maduracion': 0.010521524921649398, 'p_deficiency_moderate': 0.022402609654603143, 'water_deficit_fructificacion': 0.0029955817431890253, 'fungal_risk_roya_vegetativo': 0.01598949636762846, 'water_deficit_plantula': 0.008728738006523937, 'excess_humidity_soil': 0.09338310031371899, 'water_deficit_cosecha': 0.12799206610518055, 'pest_risk_broca_fructificacion': 2.151546631228085, 'k_excess': 13.447166445175535}",entropy,,,1,2,900,"RandomOverSampler(random_state=42,
                  sampling_strategy={'excess_humidity_soil': 220,
                                     'fungal_risk_botrytis_floracion': 220,
                                     'fungal_risk_ojo_gallo_maduracion': 220,
                                     'fungal_risk_roya_vegetativo': 220,
                                     'k_excess': 220,
                                     'p_deficiency_moderate': 220,
                                     'pest_risk_broca_fructificacion': 220,
                                     'water_deficit_cosecha': 220,
                                     'water_deficit_maduracion': 220,
                                     'water_deficit_plantula': 220})","{'clf': RandomForestClassifier(class_weight='balanced_subsample', n_estimators=900,
                       n_jobs=-1, random_state=42), 'clf__class_weight': {'fungal_risk_ojo_gallo_maduracion': 0.07956903221997359, 'p_deficiency_severe': 3.980199572164339e-05, 'n_deficiency_severe': 3.209864223713938e-05, 'water_deficit_floracion': 0.001975708568620832, 'water_deficit_vegetativo': 0.0012432661284370874, 'n_deficiency_moderate': 0.00012537419912756164, 'fungal_risk_botrytis_floracion': 0.03628852472977037, 'water_deficit_maduracion': 0.010521524921649398, 'p_deficiency_moderate': 0.022402609654603143, 'water_deficit_fructificacion': 0.0029955817431890253, 'fungal_risk_roya_vegetativo': 0.01598949636762846, 'water_deficit_plantula': 0.008728738006523937, 'excess_humidity_soil': 0.09338310031371899, 'water_deficit_cosecha': 0.12799206610518055, 'pest_risk_broca_fructificacion': 2.151546631228085, 'k_excess': 13.447166445175535}, 'clf__criterion': 'entropy', 'clf__max_depth': None, 'clf__max_features': None, 'clf__min_samples_leaf': 1, 'clf__min_samples_split': 2, 'clf__n_estimators': 900, 'sampler': RandomOverSampler(random_state=42,
                  sampling_strategy={'excess_humidity_soil': 220,
                                     'fungal_risk_botrytis_floracion': 220,
                                     'fungal_risk_ojo_gallo_maduracion': 220,
                                     'fungal_risk_roya_vegetativo': 220,
                                     'k_excess': 220,
                                     'p_deficiency_moderate': 220,
                                     'pest_risk_broca_fructificacion': 220,
                                     'water_deficit_cosecha': 220,
                                     'water_deficit_maduracion': 220,
                                     'water_deficit_plantula': 220})}",0.9328124483486182,0.8265810242077498,0.8632615806116126,0.907537257967575,0.8825480777838889,0.04078984595978453,57
190.0916730761528,2.753587283452095,5.187309265136719,0.4802232765272654,"RandomForestClassifier(class_weight='balanced_subsample', n_estimators=900,
                       n_jobs=-1, random_state=42)","{'fungal_risk_ojo_gallo_maduracion': 0.07956903221997359, 'p_deficiency_severe': 3.980199572164339e-05, 'n_deficiency_severe': 3.209864223713938e-05, 'water_deficit_floracion': 0.001975708568620832, 'water_deficit_vegetativo': 0.0012432661284370874, 'n_deficiency_moderate': 0.00012537419912756164, 'fungal_risk_botrytis_floracion': 0.03628852472977037, 'water_deficit_maduracion': 0.010521524921649398, 'p_deficiency_moderate': 0.022402609654603143, 'water_deficit_fructificacion': 0.0029955817431890253, 'fungal_risk_roya_vegetativo': 0.01598949636762846, 'water_deficit_plantula': 0.008728738006523937, 'excess_humidity_soil': 0.09338310031371899, 'water_deficit_cosecha': 0.12799206610518055, 'pest_risk_broca_fructificacion': 2.151546631228085, 'k_excess': 13.447166445175535}",entropy,,,1,2,900,"SMOTE(k_neighbors=1, random_state=42,
      sampling_strategy={'excess_humidity_soil': 220,
                         'fungal_risk_botrytis_floracion': 220,
                         'fungal_risk_ojo_gallo_maduracion': 220,
                         'fungal_risk_roya_vegetativo': 220, 'k_excess': 220,
                         'p_deficiency_moderate': 220,
                         'pest_risk_broca_fructificacion': 220,
                         'water_deficit_cosecha': 220,
                         'water_deficit_maduracion': 220,
                         'water_deficit_plantula': 220})","{'clf': RandomForestClassifier(class_weight='balanced_subsample', n_estimators=900,
                       n_jobs=-1, random_state=42), 'clf__class_weight': {'fungal_risk_ojo_gallo_maduracion': 0.07956903221997359, 'p_deficiency_severe': 3.980199572164339e-05, 'n_deficiency_severe': 3.209864223713938e-05, 'water_deficit_floracion': 0.001975708568620832, 'water_deficit_vegetativo': 0.0012432661284370874, 'n_deficiency_moderate': 0.00012537419912756164, 'fungal_risk_botrytis_floracion': 0.03628852472977037, 'water_deficit_maduracion': 0.010521524921649398, 'p_deficiency_moderate': 0.022402609654603143, 'water_deficit_fructificacion': 0.0029955817431890253, 'fungal_risk_roya_vegetativo': 0.01598949636762846, 'water_deficit_plantula': 0.008728738006523937, 'excess_humidity_soil': 0.09338310031371899, 'water_deficit_cosecha': 0.12799206610518055, 'pest_risk_broca_fructificacion': 2.151546631228085, 'k_excess': 13.447166445175535}, 'clf__criterion': 'entropy', 'clf__max_depth': None, 'clf__max_features': None, 'clf__min_samples_leaf': 1, 'clf__min_samples_split': 2, 'clf__n_estimators': 900, 'sampler': SMOTE(k_neighbors=1, random_state=42,
      sampling_strategy={'excess_humidity_soil': 220,
                         'fungal_risk_botrytis_floracion': 220,
                         'fungal_risk_ojo_gallo_maduracion': 220,
                         'fungal_risk_roya_vegetativo': 220, 'k_excess': 220,
                         'p_deficiency_moderate': 220,
                         'pest_risk_broca_fructificacion': 220,
                         'water_deficit_cosecha': 220,
                         'water_deficit_maduracion': 220,
                         'water_deficit_plantula': 220})}",0.9723551578956426,0.8853858701030696,0.8689819577916036,0.9232354935413569,0.9124896198329182,0.03977086356560774,21
163.0665318965912,3.9171396148396163,4.609145104885101,0.9316984815565413,"RandomForestClassifier(class_weight='balanced_subsample', n_estimators=900,
                       n_jobs=-1, random_state=42)","{'fungal_risk_ojo_gallo_maduracion': 0.07956903221997359, 'p_deficiency_severe': 3.980199572164339e-05, 'n_deficiency_severe': 3.209864223713938e-05, 'water_deficit_floracion': 0.001975708568620832, 'water_deficit_vegetativo': 0.0012432661284370874, 'n_deficiency_moderate': 0.00012537419912756164, 'fungal_risk_botrytis_floracion': 0.03628852472977037, 'water_deficit_maduracion': 0.010521524921649398, 'p_deficiency_moderate': 0.022402609654603143, 'water_deficit_fructificacion': 0.0029955817431890253, 'fungal_risk_roya_vegetativo': 0.01598949636762846, 'water_deficit_plantula': 0.008728738006523937, 'excess_humidity_soil': 0.09338310031371899, 'water_deficit_cosecha': 0.12799206610518055, 'pest_risk_broca_fructificacion': 2.151546631228085, 'k_excess': 13.447166445175535}",entropy,,,2,2,900,"RandomOverSampler(random_state=42,
                  sampling_strategy={'excess_humidity_soil': 220,
                                     'fungal_risk_botrytis_floracion': 220,
                                     'fungal_risk_ojo_gallo_maduracion': 220,
                                     'fungal_risk_roya_vegetativo': 220,
                                     'k_excess': 220,
                                     'p_deficiency_moderate': 220,
                                     'pest_risk_broca_fructificacion': 220,
                                     'water_deficit_cosecha': 220,
                                     'water_deficit_maduracion': 220,
                                     'water_deficit_plantula': 220})","{'clf': RandomForestClassifier(class_weight='balanced_subsample', n_estimators=900,
                       n_jobs=-1, random_state=42), 'clf__class_weight': {'fungal_risk_ojo_gallo_maduracion': 0.07956903221997359, 'p_deficiency_severe': 3.980199572164339e-05, 'n_deficiency_severe': 3.209864223713938e-05, 'water_deficit_floracion': 0.001975708568620832, 'water_deficit_vegetativo': 0.0012432661284370874, 'n_deficiency_moderate': 0.00012537419912756164, 'fungal_risk_botrytis_floracion': 0.03628852472977037, 'water_deficit_maduracion': 0.010521524921649398, 'p_deficiency_moderate': 0.022402609654603143, 'water_deficit_fructificacion': 0.0029955817431890253, 'fungal_risk_roya_vegetativo': 0.01598949636762846, 'water_deficit_plantula': 0.008728738006523937, 'excess_humidity_soil': 0.09338310031371899, 'water_deficit_cosecha': 0.12799206610518055, 'pest_risk_broca_fructificacion': 2.151546631228085, 'k_excess': 13.447166445175535}, 'clf__criterion': 'entropy', 'clf__max_depth': None, 'clf__max_features': None, 'clf__min_samples_leaf': 2, 'clf__min_samples_split': 2, 'clf__n_estimators': 900, 'sampler': RandomOverSampler(random_state=42,
                  sampling_strategy={'excess_humidity_soil': 220,
                                     'fungal_risk_botrytis_floracion': 220,
                                     'fungal_risk_ojo_gallo_maduracion': 220,
                                     'fungal_risk_roya_vegetativo': 220,
                                     'k_excess': 220,
                                     'p_deficiency_moderate': 220,
                                     'pest_risk_broca_fructificacion': 220,
                                     'water_deficit_cosecha': 220,
                                     'water_deficit_maduracion': 220,
                                     'water_deficit_plantula': 220})}",0.9368505091118376,0.8257273338689155,0.855664833210273,0.9148197409759262,0.8832656042917382,0.0445518257033448,55
195.30817651748657,3.36657812501234,5.245398700237274,0.37088227252011,"RandomForestClassifier(class_weight='balanced_subsample', n_estimators=900,
                       n_jobs=-1, random_state=42)","{'fungal_risk_ojo_gallo_maduracion': 0.07956903221997359, 'p_deficiency_severe': 3.980199572164339e-05, 'n_deficiency_severe': 3.209864223713938e-05, 'water_deficit_floracion': 0.001975708568620832, 'water_deficit_vegetativo': 0.0012432661284370874, 'n_deficiency_moderate': 0.00012537419912756164, 'fungal_risk_botrytis_floracion': 0.03628852472977037, 'water_deficit_maduracion': 0.010521524921649398, 'p_deficiency_moderate': 0.022402609654603143, 'water_deficit_fructificacion': 0.0029955817431890253, 'fungal_risk_roya_vegetativo': 0.01598949636762846, 'water_deficit_plantula': 0.008728738006523937, 'excess_humidity_soil': 0.09338310031371899, 'water_deficit_cosecha': 0.12799206610518055, 'pest_risk_broca_fructificacion': 2.151546631228085, 'k_excess': 13.447166445175535}",entropy,,,2,2,900,"SMOTE(k_neighbors=1, random_state=42,
      sampling_strategy={'excess_humidity_soil': 220,
                         'fungal_risk_botrytis_floracion': 220,
                         'fungal_risk_ojo_gallo_maduracion': 220,
                         'fungal_risk_roya_vegetativo': 220, 'k_excess': 220,
                         'p_deficiency_moderate': 220,
                         'pest_risk_broca_fructificacion': 220,
                         'water_deficit_cosecha': 220,
                         'water_deficit_maduracion': 220,
                         'water_deficit_plantula': 220})","{'clf': RandomForestClassifier(class_weight='balanced_subsample', n_estimators=900,
                       n_jobs=-1, random_state=42), 'clf__class_weight': {'fungal_risk_ojo_gallo_maduracion': 0.07956903221997359, 'p_deficiency_severe': 3.980199572164339e-05, 'n_deficiency_severe': 3.209864223713938e-05, 'water_deficit_floracion': 0.001975708568620832, 'water_deficit_vegetativo': 0.0012432661284370874, 'n_deficiency_moderate': 0.00012537419912756164, 'fungal_risk_botrytis_floracion': 0.03628852472977037, 'water_deficit_maduracion': 0.010521524921649398, 'p_deficiency_moderate': 0.022402609654603143, 'water_deficit_fructificacion': 0.0029955817431890253, 'fungal_risk_roya_vegetativo': 0.01598949636762846, 'water_deficit_plantula': 0.008728738006523937, 'excess_humidity_soil': 0.09338310031371899, 'water_deficit_cosecha': 0.12799206610518055, 'pest_risk_broca_fructificacion': 2.151546631228085, 'k_excess': 13.447166445175535}, 'clf__criterion': 'entropy', 'clf__max_depth': None, 'clf__max_features': None, 'clf__min_samples_leaf': 2, 'clf__min_samples_split': 2, 'clf__n_estimators': 900, 'sampler': SMOTE(k_neighbors=1, random_state=42,
      sampling_strategy={'excess_humidity_soil': 220,
                         'fungal_risk_botrytis_floracion': 220,
                         'fungal_risk_ojo_gallo_maduracion': 220,
                         'fungal_risk_roya_vegetativo': 220, 'k_excess': 220,
                         'p_deficiency_moderate': 220,
                         'pest_risk_broca_fructificacion': 220,
                         'water_deficit_cosecha': 220,
                         'water_deficit_maduracion': 220,
                         'water_deficit_plantula': 220})}",0.9684921409162908,0.8713378291400845,0.9090674093897403,0.9214605513689764,0.9175894827037729,0.03470557223507606,15
164.07153695821762,4.321067646121702,5.217825353145599,0.44029867550085816,"RandomForestClassifier(class_weight='balanced_subsample', n_estimators=900,
                       n_jobs=-1, random_state=42)","{'fungal_risk_ojo_gallo_maduracion': 0.07956903221997359, 'p_deficiency_severe': 3.980199572164339e-05, 'n_deficiency_severe': 3.209864223713938e-05, 'water_deficit_floracion': 0.001975708568620832, 'water_deficit_vegetativo': 0.0012432661284370874, 'n_deficiency_moderate': 0.00012537419912756164, 'fungal_risk_botrytis_floracion': 0.03628852472977037, 'water_deficit_maduracion': 0.010521524921649398, 'p_deficiency_moderate': 0.022402609654603143, 'water_deficit_fructificacion': 0.0029955817431890253, 'fungal_risk_roya_vegetativo': 0.01598949636762846, 'water_deficit_plantula': 0.008728738006523937, 'excess_humidity_soil': 0.09338310031371899, 'water_deficit_cosecha': 0.12799206610518055, 'pest_risk_broca_fructificacion': 2.151546631228085, 'k_excess': 13.447166445175535}",entropy,32,,1,2,900,"RandomOverSampler(random_state=42,
                  sampling_strategy={'excess_humidity_soil': 220,
                                     'fungal_risk_botrytis_floracion': 220,
                                     'fungal_risk_ojo_gallo_maduracion': 220,
                                     'fungal_risk_roya_vegetativo': 220,
                                     'k_excess': 220,
                                     'p_deficiency_moderate': 220,
                                     'pest_risk_broca_fructificacion': 220,
                                     'water_deficit_cosecha': 220,
                                     'water_deficit_maduracion': 220,
                                     'water_deficit_plantula': 220})","{'clf': RandomForestClassifier(class_weight='balanced_subsample', n_estimators=900,
                       n_jobs=-1, random_state=42), 'clf__class_weight': {'fungal_risk_ojo_gallo_maduracion': 0.07956903221997359, 'p_deficiency_severe': 3.980199572164339e-05, 'n_deficiency_severe': 3.209864223713938e-05, 'water_deficit_floracion': 0.001975708568620832, 'water_deficit_vegetativo': 0.0012432661284370874, 'n_deficiency_moderate': 0.00012537419912756164, 'fungal_risk_botrytis_floracion': 0.03628852472977037, 'water_deficit_maduracion': 0.010521524921649398, 'p_deficiency_moderate': 0.022402609654603143, 'water_deficit_fructificacion': 0.0029955817431890253, 'fungal_risk_roya_vegetativo': 0.01598949636762846, 'water_deficit_plantula': 0.008728738006523937, 'excess_humidity_soil': 0.09338310031371899, 'water_deficit_cosecha': 0.12799206610518055, 'pest_risk_broca_fructificacion': 2.151546631228085, 'k_excess': 13.447166445175535}, 'clf__criterion': 'entropy', 'clf__max_depth': 32, 'clf__max_features': None, 'clf__min_samples_leaf': 1, 'clf__min_samples_split': 2, 'clf__n_estimators': 900, 'sampler': RandomOverSampler(random_state=42,
                  sampling_strategy={'excess_humidity_soil': 220,
                                     'fungal_risk_botrytis_floracion': 220,
                                     'fungal_risk_ojo_gallo_maduracion': 220,
                                     'fungal_risk_roya_vegetativo': 220,
                                     'k_excess': 220,
                                     'p_deficiency_moderate': 220,
                                     'pest_risk_broca_fructificacion': 220,
                                     'water_deficit_cosecha': 220,
                                     'water_deficit_maduracion': 220,
                                     'water_deficit_plantula': 220})}",0.9328124483486182,0.8265810242077498,0.8632615806116126,0.907537257967575,0.8825480777838889,0.04078984595978453,57
194.23305320739746,2.951711260519187,5.088385343551636,0.4215099975266876,"RandomForestClassifier(class_weight='balanced_subsample', n_estimators=900,
                       n_jobs=-1, random_state=42)","{'fungal_risk_ojo_gallo_maduracion': 0.07956903221997359, 'p_deficiency_severe': 3.980199572164339e-05, 'n_deficiency_severe': 3.209864223713938e-05, 'water_deficit_floracion': 0.001975708568620832, 'water_deficit_vegetativo': 0.0012432661284370874, 'n_deficiency_moderate': 0.00012537419912756164, 'fungal_risk_botrytis_floracion': 0.03628852472977037, 'water_deficit_maduracion': 0.010521524921649398, 'p_deficiency_moderate': 0.022402609654603143, 'water_deficit_fructificacion': 0.0029955817431890253, 'fungal_risk_roya_vegetativo': 0.01598949636762846, 'water_deficit_plantula': 0.008728738006523937, 'excess_humidity_soil': 0.09338310031371899, 'water_deficit_cosecha': 0.12799206610518055, 'pest_risk_broca_fructificacion': 2.151546631228085, 'k_excess': 13.447166445175535}",entropy,32,,1,2,900,"SMOTE(k_neighbors=1, random_state=42,
      sampling_strategy={'excess_humidity_soil': 220,
                         'fungal_risk_botrytis_floracion': 220,
                         'fungal_risk_ojo_gallo_maduracion': 220,
                         'fungal_risk_roya_vegetativo': 220, 'k_excess': 220,
                         'p_deficiency_moderate': 220,
                         'pest_risk_broca_fructificacion': 220,
                         'water_deficit_cosecha': 220,
                         'water_deficit_maduracion': 220,
                         'water_deficit_plantula': 220})","{'clf': RandomForestClassifier(class_weight='balanced_subsample', n_estimators=900,
                       n_jobs=-1, random_state=42), 'clf__class_weight': {'fungal_risk_ojo_gallo_maduracion': 0.07956903221997359, 'p_deficiency_severe': 3.980199572164339e-05, 'n_deficiency_severe': 3.209864223713938e-05, 'water_deficit_floracion': 0.001975708568620832, 'water_deficit_vegetativo': 0.0012432661284370874, 'n_deficiency_moderate': 0.00012537419912756164, 'fungal_risk_botrytis_floracion': 0.03628852472977037, 'water_deficit_maduracion': 0.010521524921649398, 'p_deficiency_moderate': 0.022402609654603143, 'water_deficit_fructificacion': 0.0029955817431890253, 'fungal_risk_roya_vegetativo': 0.01598949636762846, 'water_deficit_plantula': 0.008728738006523937, 'excess_humidity_soil': 0.09338310031371899, 'water_deficit_cosecha': 0.12799206610518055, 'pest_risk_broca_fructificacion': 2.151546631228085, 'k_excess': 13.447166445175535}, 'clf__criterion': 'entropy', 'clf__max_depth': 32, 'clf__max_features': None, 'clf__min_samples_leaf': 1, 'clf__min_samples_split': 2, 'clf__n_estimators': 900, 'sampler': SMOTE(k_neighbors=1, random_state=42,
      sampling_strategy={'excess_humidity_soil': 220,
                         'fungal_risk_botrytis_floracion': 220,
                         'fungal_risk_ojo_gallo_maduracion': 220,
                         'fungal_risk_roya_vegetativo': 220, 'k_excess': 220,
                         'p_deficiency_moderate': 220,
                         'pest_risk_broca_fructificacion': 220,
                         'water_deficit_cosecha': 220,
                         'water_deficit_maduracion': 220,
                         'water_deficit_plantula': 220})}",0.9723551578956426,0.8853858701030696,0.8689819577916036,0.9232354935413569,0.9124896198329182,0.03977086356560774,21
136.44621521234512,6.749211385592799,2.785274863243103,0.41230687188653825,"RandomForestClassifier(class_weight='balanced_subsample', n_estimators=900,
                       n_jobs=-1, random_state=42)","{'fungal_risk_ojo_gallo_maduracion': 0.07956903221997359, 'p_deficiency_severe': 3.980199572164339e-05, 'n_deficiency_severe': 3.209864223713938e-05, 'water_deficit_floracion': 0.001975708568620832, 'water_deficit_vegetativo': 0.0012432661284370874, 'n_deficiency_moderate': 0.00012537419912756164, 'fungal_risk_botrytis_floracion': 0.03628852472977037, 'water_deficit_maduracion': 0.010521524921649398, 'p_deficiency_moderate': 0.022402609654603143, 'water_deficit_fructificacion': 0.0029955817431890253, 'fungal_risk_roya_vegetativo': 0.01598949636762846, 'water_deficit_plantula': 0.008728738006523937, 'excess_humidity_soil': 0.09338310031371899, 'water_deficit_cosecha': 0.12799206610518055, 'pest_risk_broca_fructificacion': 2.151546631228085, 'k_excess': 13.447166445175535}",entropy,32,,2,2,900,"RandomOverSampler(random_state=42,
                  sampling_strategy={'excess_humidity_soil': 220,
                                     'fungal_risk_botrytis_floracion': 220,
                                     'fungal_risk_ojo_gallo_maduracion': 220,
                                     'fungal_risk_roya_vegetativo': 220,
                                     'k_excess': 220,
                                     'p_deficiency_moderate': 220,
                                     'pest_risk_broca_fructificacion': 220,
                                     'water_deficit_cosecha': 220,
                                     'water_deficit_maduracion': 220,
                                     'water_deficit_plantula': 220})","{'clf': RandomForestClassifier(class_weight='balanced_subsample', n_estimators=900,
                       n_jobs=-1, random_state=42), 'clf__class_weight': {'fungal_risk_ojo_gallo_maduracion': 0.07956903221997359, 'p_deficiency_severe': 3.980199572164339e-05, 'n_deficiency_severe': 3.209864223713938e-05, 'water_deficit_floracion': 0.001975708568620832, 'water_deficit_vegetativo': 0.0012432661284370874, 'n_deficiency_moderate': 0.00012537419912756164, 'fungal_risk_botrytis_floracion': 0.03628852472977037, 'water_deficit_maduracion': 0.010521524921649398, 'p_deficiency_moderate': 0.022402609654603143, 'water_deficit_fructificacion': 0.0029955817431890253, 'fungal_risk_roya_vegetativo': 0.01598949636762846, 'water_deficit_plantula': 0.008728738006523937, 'excess_humidity_soil': 0.09338310031371899, 'water_deficit_cosecha': 0.12799206610518055, 'pest_risk_broca_fructificacion': 2.151546631228085, 'k_excess': 13.447166445175535}, 'clf__criterion': 'entropy', 'clf__max_depth': 32, 'clf__max_features': None, 'clf__min_samples_leaf': 2, 'clf__min_samples_split': 2, 'clf__n_estimators': 900, 'sampler': RandomOverSampler(random_state=42,
                  sampling_strategy={'excess_humidity_soil': 220,
                                     'fungal_risk_botrytis_floracion': 220,
                                     'fungal_risk_ojo_gallo_maduracion': 220,
                                     'fungal_risk_roya_vegetativo': 220,
                                     'k_excess': 220,
                                     'p_deficiency_moderate': 220,
                                     'pest_risk_broca_fructificacion': 220,
                                     'water_deficit_cosecha': 220,
                                     'water_deficit_maduracion': 220,
                                     'water_deficit_plantula': 220})}",0.9368505091118376,0.8257273338689155,0.855664833210273,0.9148197409759262,0.8832656042917382,0.0445518257033448,55
125.41678816080093,3.9363461297246443,0.7631359100341797,0.4027140844244044,"RandomForestClassifier(class_weight='balanced_subsample', n_estimators=900,
                       n_jobs=-1, random_state=42)","{'fungal_risk_ojo_gallo_maduracion': 0.07956903221997359, 'p_deficiency_severe': 3.980199572164339e-05, 'n_deficiency_severe': 3.209864223713938e-05, 'water_deficit_floracion': 0.001975708568620832, 'water_deficit_vegetativo': 0.0012432661284370874, 'n_deficiency_moderate': 0.00012537419912756164, 'fungal_risk_botrytis_floracion': 0.03628852472977037, 'water_deficit_maduracion': 0.010521524921649398, 'p_deficiency_moderate': 0.022402609654603143, 'water_deficit_fructificacion': 0.0029955817431890253, 'fungal_risk_roya_vegetativo': 0.01598949636762846, 'water_deficit_plantula': 0.008728738006523937, 'excess_humidity_soil': 0.09338310031371899, 'water_deficit_cosecha': 0.12799206610518055, 'pest_risk_broca_fructificacion': 2.151546631228085, 'k_excess': 13.447166445175535}",entropy,32,,2,2,900,"SMOTE(k_neighbors=1, random_state=42,
      sampling_strategy={'excess_humidity_soil': 220,
                         'fungal_risk_botrytis_floracion': 220,
                         'fungal_risk_ojo_gallo_maduracion': 220,
                         'fungal_risk_roya_vegetativo': 220, 'k_excess': 220,
                         'p_deficiency_moderate': 220,
                         'pest_risk_broca_fructificacion': 220,
                         'water_deficit_cosecha': 220,
                         'water_deficit_maduracion': 220,
                         'water_deficit_plantula': 220})","{'clf': RandomForestClassifier(class_weight='balanced_subsample', n_estimators=900,
                       n_jobs=-1, random_state=42), 'clf__class_weight': {'fungal_risk_ojo_gallo_maduracion': 0.07956903221997359, 'p_deficiency_severe': 3.980199572164339e-05, 'n_deficiency_severe': 3.209864223713938e-05, 'water_deficit_floracion': 0.001975708568620832, 'water_deficit_vegetativo': 0.0012432661284370874, 'n_deficiency_moderate': 0.00012537419912756164, 'fungal_risk_botrytis_floracion': 0.03628852472977037, 'water_deficit_maduracion': 0.010521524921649398, 'p_deficiency_moderate': 0.022402609654603143, 'water_deficit_fructificacion': 0.0029955817431890253, 'fungal_risk_roya_vegetativo': 0.01598949636762846, 'water_deficit_plantula': 0.008728738006523937, 'excess_humidity_soil': 0.09338310031371899, 'water_deficit_cosecha': 0.12799206610518055, 'pest_risk_broca_fructificacion': 2.151546631228085, 'k_excess': 13.447166445175535}, 'clf__criterion': 'entropy', 'clf__max_depth': 32, 'clf__max_features': None, 'clf__min_samples_leaf': 2, 'clf__min_samples_split': 2, 'clf__n_estimators': 900, 'sampler': SMOTE(k_neighbors=1, random_state=42,
      sampling_strategy={'excess_humidity_soil': 220,
                         'fungal_risk_botrytis_floracion': 220,
                         'fungal_risk_ojo_gallo_maduracion': 220,
                         'fungal_risk_roya_vegetativo': 220, 'k_excess': 220,
                         'p_deficiency_moderate': 220,
                         'pest_risk_broca_fructificacion': 220,
                         'water_deficit_cosecha': 220,
                         'water_deficit_maduracion': 220,
                         'water_deficit_plantula': 220})}",0.9684921409162908,0.8713378291400845,0.9090674093897403,0.9214605513689764,0.9175894827037729,0.03470557223507606,15
